Pfad,0.28 Byte,0.29 Byte,0.28 CRC32,0.29 CRC32,0.28 Änderungszeit UTC,0.29 Änderungszeit UTC,Status
Apps/Audio/DeeZy/deezy.exe,19157262,19157262,89AB214A,89AB214A,2026-09-08T13:08:38+00:00,2026-09-29T23:36:27.775486+00:00,nur Zeit geändert
Apps/Audio/eac3to/avcodec-54.dll,7425536,7425536,5D0D80CD,5D0D80CD,2026-06-22T14:11:44.096584+00:00,2026-09-29T23:36:27.875488+00:00,nur Zeit geändert
Apps/Audio/eac3to/avutil-52.dll,179712,179712,830481B5,830481B5,2015-03-10T19:01:53.881793+00:00,2026-09-29T23:36:27.883488+00:00,nur Zeit geändert
Apps/Audio/eac3to/changelog.txt,70729,70729,D1EA57B1,D1EA57B1,2026-09-12T11:14:30.837504+00:00,2026-09-29T23:36:22.199382+00:00,nur Zeit geändert
Apps/Audio/eac3to/eac3to.exe,2029056,2029056,3D7AB028,3D7AB028,2026-09-09T12:42:13.772739+00:00,2026-09-29T23:36:27.907488+00:00,nur Zeit geändert
Apps/Audio/eac3to/eac3to.ini,33,33,4F3B426F,4F3B426F,2026-08-21T14:52:22.457550+00:00,2026-09-29T23:36:22.202800+00:00,nur Zeit geändert
Apps/Audio/eac3to/eac3to_3.66_notes.txt,9271,9271,86640053,86640053,2026-09-09T12:39:26.590660+00:00,2026-09-29T23:36:22.203507+00:00,nur Zeit geändert
Apps/Audio/eac3to/Eac3to_How_to_Use.pdf,374093,374093,1B0496D2,1B0496D2,2023-12-09T11:03:05.979248+00:00,2026-09-29T23:36:22.195382+00:00,nur Zeit geändert
Apps/Audio/eac3to/ffmpeg.exe,3954176,3954176,9E22F13F,9E22F13F,2026-06-28T18:48:27.631443+00:00,2026-09-29T23:36:27.963489+00:00,nur Zeit geändert
Apps/Audio/eac3to/hdcd.dll,544768,544768,929B797B,929B797B,2008-09-05T18:08:46+00:00,2026-09-29T23:36:27.971489+00:00,nur Zeit geändert
Apps/Audio/eac3to/HookSurcode.dll,95232,95232,4D199338,4D199338,2008-02-10T13:42:51+00:00,2026-09-29T23:36:27.787486+00:00,nur Zeit geändert
Apps/Audio/eac3to/legal stuff/ffmpeg/compiling/ac3dec.patch,809,809,8D98CD64,8D98CD64,2013-01-05T10:23:07+00:00,2026-09-29T23:36:22.206601+00:00,nur Zeit geändert
Apps/Audio/eac3to/legal stuff/ffmpeg/compiling/readme.txt,516,516,A13F3DFD,A13F3DFD,2013-01-02T20:08:26+00:00,2026-09-29T23:36:22.207254+00:00,nur Zeit geändert
Apps/Audio/eac3to/legal stuff/ffmpeg/COPYING.LGPL,27032,27032,FD087550,FD087550,2008-01-04T13:42:36+00:00,2026-09-29T23:36:22.204411+00:00,nur Zeit geändert
Apps/Audio/eac3to/legal stuff/ffmpeg/MAINTAINERS,12003,12003,A5814324,A5814324,2008-01-04T13:42:37+00:00,2026-09-29T23:36:22.205180+00:00,nur Zeit geändert
Apps/Audio/eac3to/legal stuff/ffmpeg/README,1181,1181,88DB9E8B,88DB9E8B,2026-04-29T15:38:51.071100+00:00,2026-09-29T23:36:22.205862+00:00,nur Zeit geändert
Apps/Audio/eac3to/legal stuff/libAften/COPYING,26428,26428,AEC84495,AEC84495,2006-08-05T05:50:06+00:00,2026-09-29T23:36:22.207942+00:00,nur Zeit geändert
Apps/Audio/eac3to/legal stuff/libAften/readme.txt,3920,3920,33351EEE,33351EEE,2007-10-05T20:46:04+00:00,2026-09-29T23:36:22.208625+00:00,nur Zeit geändert
Apps/Audio/eac3to/legal stuff/libDcaDec/CHANGELOG.txt,737,737,F97B226C,F97B226C,2016-01-04T17:35:56+00:00,2026-09-29T23:36:22.209758+00:00,nur Zeit geändert
Apps/Audio/eac3to/legal stuff/libDcaDec/COPYING.txt,27032,27032,61855588,61855588,2016-01-04T17:35:56+00:00,2026-09-29T23:36:22.212176+00:00,nur Zeit geändert
Apps/Audio/eac3to/legal stuff/libDcaDec/README.txt,3078,3078,1B4C3416,1B4C3416,2016-01-04T17:35:56+00:00,2026-09-29T23:36:22.213024+00:00,nur Zeit geändert
Apps/Audio/eac3to/legal stuff/libFlac/AUTHORS,1634,1634,034CE443,034CE443,2006-04-24T22:59:34+00:00,2026-09-29T23:36:22.213622+00:00,nur Zeit geändert
Apps/Audio/eac3to/legal stuff/libFlac/COPYING.LGPL,26436,26436,A699078E,A699078E,2006-11-19T22:58:48+00:00,2026-09-29T23:36:22.214281+00:00,nur Zeit geändert
Apps/Audio/eac3to/legal stuff/libFlac/README.win32-devel,761,761,06317621,06317621,2007-09-16T15:22:08+00:00,2026-09-29T23:36:22.215384+00:00,nur Zeit geändert
Apps/Audio/eac3to/legal stuff/libMatrix/fftsg_fl.cpp,73804,73804,ED33DFA9,ED33DFA9,2006-08-15T15:00:00+00:00,2026-09-29T23:36:22.221788+00:00,nur Zeit geändert
Apps/Audio/eac3to/legal stuff/libMatrix/filter.h,207729,207729,1137619C,1137619C,2008-12-07T18:46:46+00:00,2026-09-29T23:36:22.224267+00:00,nur Zeit geändert
Apps/Audio/eac3to/legal stuff/libMatrix/GPL.txt,17987,17987,1765105C,1765105C,2007-02-05T19:57:14+00:00,2026-09-29T23:36:22.220924+00:00,nur Zeit geändert
Apps/Audio/eac3to/legal stuff/libMatrix/libMatrix.dll,130048,130048,0D0E8188,0D0E8188,2008-12-07T21:31:04+00:00,2026-09-29T23:36:27.975491+00:00,nur Zeit geändert
Apps/Audio/eac3to/legal stuff/libMatrix/libMatrix.sln,694,694,57E09C95,57E09C95,2008-12-07T14:38:12+00:00,2026-09-29T23:36:22.224865+00:00,nur Zeit geändert
Apps/Audio/eac3to/legal stuff/libMatrix/libMatrix.vcproj,3245,3245,7567A419,7567A419,2008-12-07T21:30:57+00:00,2026-09-29T23:36:22.225481+00:00,nur Zeit geändert
Apps/Audio/eac3to/legal stuff/libMatrix/phaseShift.cpp,3943,3943,73D9FDCF,73D9FDCF,2008-12-07T23:06:16+00:00,2026-09-29T23:36:22.226036+00:00,nur Zeit geändert
Apps/Audio/eac3to/legal stuff/libMatrix/readme.txt,1422,1422,1240B1A5,1240B1A5,2009-02-08T10:42:54+00:00,2026-09-29T23:36:22.226555+00:00,nur Zeit geändert
Apps/Audio/eac3to/legal stuff/libSsrc/LGPL.txt,26430,26430,E1AD3284,E1AD3284,2006-08-15T15:00:00+00:00,2026-09-29T23:36:22.227054+00:00,nur Zeit geändert
Apps/Audio/eac3to/legal stuff/libSsrc/libSsrc.sln,690,690,DF776487,DF776487,2008-10-19T16:10:11+00:00,2026-09-29T23:36:22.230644+00:00,nur Zeit geändert
Apps/Audio/eac3to/legal stuff/libSsrc/libSsrc.vcproj,3371,3371,53AA195E,53AA195E,2008-11-16T12:03:55+00:00,2026-09-29T23:36:22.231334+00:00,nur Zeit geändert
Apps/Audio/eac3to/legal stuff/libSsrc/readme.txt,3937,3937,49D4B682,49D4B682,2008-10-19T16:09:28+00:00,2026-09-29T23:36:22.231956+00:00,nur Zeit geändert
Apps/Audio/eac3to/legal stuff/libSsrc/Sources/dbesi0.cpp,6652,6652,7074CEDE,7074CEDE,2008-10-19T15:40:54+00:00,2026-09-29T23:36:22.227702+00:00,nur Zeit geändert
Apps/Audio/eac3to/legal stuff/libSsrc/Sources/fftsg_fl.cpp,73804,73804,ED33DFA9,ED33DFA9,2006-08-15T15:00:00+00:00,2026-09-29T23:36:22.228332+00:00,nur Zeit geändert
Apps/Audio/eac3to/legal stuff/libSsrc/Sources/ssrc.cpp,23498,23498,6A082BBE,6A082BBE,2008-11-30T22:03:06+00:00,2026-09-29T23:36:22.229043+00:00,nur Zeit geändert
Apps/Audio/eac3to/legal stuff/libSsrc/Sources/ssrc.h,4648,4648,4E808AE7,4E808AE7,2008-11-30T21:59:39+00:00,2026-09-29T23:36:22.230006+00:00,nur Zeit geändert
Apps/Audio/eac3to/legal stuff/r8brain/License.txt,2179,2179,65CDC9B9,65CDC9B9,2002-10-20T05:30:24+00:00,2026-09-29T23:36:22.232528+00:00,nur Zeit geändert
Apps/Audio/eac3to/libaften.dll,242176,242176,1EFFAFFD,1EFFAFFD,2008-11-20T17:28:55+00:00,2026-09-29T23:36:27.993270+00:00,nur Zeit geändert
Apps/Audio/eac3to/libdcadec.dll,250880,250880,E03256E6,E03256E6,2016-01-04T17:35:56+00:00,2026-09-29T23:36:27.997792+00:00,nur Zeit geändert
Apps/Audio/eac3to/libFLAC.dll,595470,595470,AE78E9FC,AE78E9FC,2025-02-11T08:04:19.560598+00:00,2026-09-29T23:36:27.983489+00:00,nur Zeit geändert
Apps/Audio/eac3to/libMatrix.dll,130048,130048,116D9511,116D9511,2008-12-07T19:13:04+00:00,2026-09-29T23:36:27.988531+00:00,nur Zeit geändert
Apps/Audio/eac3to/libSsrc.dll,144896,144896,CEFCCDB0,CEFCCDB0,2008-11-30T22:03:09+00:00,2026-09-29T23:36:27.990086+00:00,nur Zeit geändert
Apps/Audio/eac3to/license.txt,3339,3339,FEAD9D45,FEAD9D45,2022-05-08T20:38:21.991024+00:00,2026-09-29T23:36:22.233030+00:00,nur Zeit geändert
Apps/Audio/eac3to/r8b.dll,219136,219136,21A4E059,21A4E059,2005-08-14T06:49:04+00:00,2026-09-29T23:36:28.000795+00:00,nur Zeit geändert
Apps/Audio/eac3to/thdmerge.exe,12800,12800,D725CBE8,D725CBE8,2022-04-16T14:45:21.538694+00:00,2026-09-29T23:36:28.001369+00:00,nur Zeit geändert
Apps/Audio/eac3to/zlib1.dll,75264,75264,45E57586,45E57586,2005-07-20T16:05:43+00:00,2026-09-29T23:36:28.002713+00:00,nur Zeit geändert
Apps/Audio/opus/AUTHORS,207,207,04977943,04977943,2025-07-29T18:05:26.615350+00:00,2026-09-29T23:36:22.233608+00:00,nur Zeit geändert
Apps/Audio/opus/COPYING,19563,19563,7C9880B8,7C9880B8,2025-07-29T18:05:26.615350+00:00,2026-09-29T23:36:22.234464+00:00,nur Zeit geändert
Apps/Audio/opus/LICENSE,19563,19563,7C9880B8,7C9880B8,2019-04-12T21:18:26.208664+00:00,2026-09-29T23:36:22.235025+00:00,nur Zeit geändert
Apps/Audio/opus/opusdec.exe,6452224,6452224,80E742BE,80E742BE,2026-01-27T17:31:32.160795+00:00,2026-09-29T23:36:28.067491+00:00,nur Zeit geändert
Apps/Audio/opus/opusdec.html,5768,5768,DD472CFE,DD472CFE,2019-04-12T21:19:23.182104+00:00,2026-09-29T23:36:22.236635+00:00,nur Zeit geändert
Apps/Audio/opus/opusenc.exe,793088,793088,2B0E43F5,2B0E43F5,2026-01-27T17:31:31.961702+00:00,2026-09-29T23:36:28.083492+00:00,nur Zeit geändert
Apps/Audio/opus/opusenc.html,17337,17337,7C7DD372,7C7DD372,2019-04-12T21:19:22.869609+00:00,2026-09-29T23:36:22.237400+00:00,nur Zeit geändert
Apps/Audio/opus/opusinfo.exe,91136,91136,A6A17FD8,A6A17FD8,2026-01-27T17:31:32.328630+00:00,2026-09-29T23:36:28.087692+00:00,nur Zeit geändert
Apps/Audio/opus/opusinfo.html,3852,3852,2BB7E3D0,2BB7E3D0,2019-04-12T21:19:23.510219+00:00,2026-09-29T23:36:22.237947+00:00,nur Zeit geändert
Apps/Audio/opus/README.md,320,320,5473A562,5473A562,2026-01-12T17:38:41.933883+00:00,2026-09-29T23:36:22.235574+00:00,nur Zeit geändert
Apps/Audio/opus/Readme.txt,237,237,611F12D1,611F12D1,2026-01-27T19:04:45.859056+00:00,2026-09-29T23:36:22.236028+00:00,nur Zeit geändert
Apps/Audio/qaac/libFLAC++.dll,214528,214528,D1491DF8,D1491DF8,2023-06-22T09:15:30.033155+00:00,2026-09-29T23:36:28.090256+00:00,nur Zeit geändert
Apps/Audio/qaac/libFLAC.dll,446976,446976,78B9A55F,78B9A55F,2023-06-22T09:15:30.042131+00:00,2026-09-29T23:36:28.091491+00:00,nur Zeit geändert
Apps/Audio/qaac/libsoxconvolver64.dll,68096,68096,468E34C8,468E34C8,2013-10-14T15:20:21+00:00,2026-09-29T23:36:28.096976+00:00,nur Zeit geändert
Apps/Audio/qaac/libsoxr64.dll,268288,268288,DEC2B83B,DEC2B83B,2018-03-20T13:45:09+00:00,2026-09-29T23:36:28.100401+00:00,nur Zeit geändert
Apps/Audio/qaac/qaac64.exe,2286592,2286592,A11D8E79,A11D8E79,2024-10-20T12:00:00+00:00,2026-09-29T23:36:28.119491+00:00,nur Zeit geändert
Apps/Audio/qaac/refalac64.exe,2200576,2200576,7BB691DE,7BB691DE,2024-10-20T08:51:56+00:00,2026-09-29T23:36:28.147492+00:00,nur Zeit geändert
Apps/Audio/qaac/sndfile.dll,2603520,2603520,8888EAAD,8888EAAD,2023-08-13T10:00:05+00:00,2026-09-29T23:36:28.179492+00:00,nur Zeit geändert
Apps/Audio/truehdd/truehdd.exe,3472896,3472896,6D129554,6D129554,2026-09-15T14:05:35.247598+00:00,2026-09-29T23:36:28.219494+00:00,nur Zeit geändert
Apps/Conf/7zip.conf,36,36,177D52D1,177D52D1,2020-12-18T14:45:35.674992+00:00,2026-09-29T23:36:22.238459+00:00,nur Zeit geändert
Apps/Conf/AddGrain vs.conf,35,35,AA874382,AA874382,2023-08-06T21:01:11.403299+00:00,2026-09-29T23:36:22.240352+00:00,nur Zeit geändert
Apps/Conf/AddGrainC avs.conf,37,37,4680396E,4680396E,2022-05-10T08:38:57.550700+00:00,2026-09-29T23:36:22.240806+00:00,nur Zeit geändert
Apps/Conf/adjust vs.conf,42,42,9B0D6AD4,9B0D6AD4,2023-08-06T18:20:08.421478+00:00,2026-09-29T23:36:22.295704+00:00,nur Zeit geändert
Apps/Conf/ASTDR vs.conf,33,33,749A1828,749A1828,2023-08-27T19:03:59.111467+00:00,2026-09-29T23:36:22.238916+00:00,nur Zeit geändert
Apps/Conf/AutoCrop.conf,37,37,7D0E7931,7D0E7931,2026-01-29T15:25:26.989176+00:00,2026-09-29T23:36:22.241268+00:00,nur Zeit geändert
Apps/Conf/AviSource vs.conf,34,34,5DD9FFBC,5DD9FFBC,2024-11-10T00:36:37.215950+00:00,2026-09-29T23:36:22.241712+00:00,nur Zeit geändert
Apps/Conf/AviSynth.conf,37,37,EACA20EF,EACA20EF,2025-08-12T22:57:47.206291+00:00,2026-09-29T23:36:22.242321+00:00,nur Zeit geändert
Apps/Conf/AviSynthShader AVSI avs.conf,34,34,24054C60,24054C60,2020-09-29T18:23:31.341827+00:00,2026-09-29T23:36:22.242787+00:00,nur Zeit geändert
Apps/Conf/AviSynthShader DLL avs.conf,34,34,8CBD6E13,8CBD6E13,2020-09-29T18:23:31.347832+00:00,2026-09-29T23:36:22.243300+00:00,nur Zeit geändert
Apps/Conf/avs2pipemod.conf,58,58,44FC76B2,44FC76B2,2021-02-04T10:18:07.485862+00:00,2026-09-29T23:36:22.296491+00:00,nur Zeit geändert
Apps/Conf/AVSMeter.conf,39,39,63F45E6E,63F45E6E,2021-05-09T18:30:00.768073+00:00,2026-09-29T23:36:22.239441+00:00,nur Zeit geändert
Apps/Conf/AVSTP avs.conf,39,39,2B907648,2B907648,2023-05-23T20:33:03.663528+00:00,2026-09-29T23:36:22.239889+00:00,nur Zeit geändert
Apps/Conf/BBorders avs.conf,42,42,9AB95517,9AB95517,2023-08-21T01:12:36.378792+00:00,2026-09-29T23:36:22.243851+00:00,nur Zeit geändert
Apps/Conf/BDSup2Sub++.conf,37,37,B902A483,B902A483,2020-12-14T14:02:50.526915+00:00,2026-09-29T23:36:22.244377+00:00,nur Zeit geändert
Apps/Conf/BestSource dual.conf,35,35,6B06D257,6B06D257,2026-09-26T13:14:45.583387+00:00,2026-09-29T23:36:22.245792+00:00,nur Zeit geändert
Apps/Conf/BM3DCPU vs.conf,37,37,26714393,26714393,2026-02-08T10:42:49.477836+00:00,2026-09-29T23:36:22.244835+00:00,nur Zeit geändert
Apps/Conf/BM3DCUDA_RTC vs.conf,36,36,4951BEEF,4951BEEF,2025-10-02T07:18:32.374006+00:00,2026-09-29T23:36:22.245294+00:00,nur Zeit geändert
Apps/Conf/CASm avs.conf,42,42,4AFA5F0C,4AFA5F0C,2021-07-06T14:58:09.352726+00:00,2026-09-29T23:36:22.246265+00:00,nur Zeit geändert
Apps/Conf/chapterEditor.conf,36,36,753D5BA6,753D5BA6,2025-11-04T08:09:42.384420+00:00,2026-09-29T23:36:22.296928+00:00,nur Zeit geändert
Apps/Conf/ChubbyRain2 avs.conf,55,55,C3E26DF4,C3E26DF4,2021-07-21T10:17:16.662395+00:00,2026-09-29T23:36:22.246756+00:00,nur Zeit geändert
Apps/Conf/ChubbyRain3 avs.conf,42,42,FB0B2711,FB0B2711,2023-05-23T20:29:14.708675+00:00,2026-09-29T23:36:22.247321+00:00,nur Zeit geändert
Apps/Conf/D2V Witch.conf,34,34,51AF6ED7,51AF6ED7,2020-12-14T13:17:27.657867+00:00,2026-09-29T23:36:22.247841+00:00,nur Zeit geändert
Apps/Conf/D2VSource avs.conf,37,37,158161CE,158161CE,2023-05-23T20:20:22.143657+00:00,2026-09-29T23:36:22.248273+00:00,nur Zeit geändert
Apps/Conf/d2vsource vs.conf,35,35,627E8891,627E8891,2025-02-09T08:23:52.309675+00:00,2026-09-29T23:36:22.297523+00:00,nur Zeit geändert
Apps/Conf/DeeZy.conf,38,38,F1D8093F,F1D8093F,2026-09-25T06:38:26.682939+00:00,2026-09-29T23:36:22.253456+00:00,nur Zeit geändert
Apps/Conf/DeJump avs.conf,55,55,821B1704,821B1704,2021-07-15T11:32:02.603510+00:00,2026-09-29T23:36:22.250465+00:00,nur Zeit geändert
Apps/Conf/DeNoise Histogram avs.conf,39,39,E5323A45,E5323A45,2020-09-29T18:23:31.509832+00:00,2026-09-29T23:36:22.250875+00:00,nur Zeit geändert
Apps/Conf/DePan avs.conf,38,38,AC78A309,AC78A309,2024-10-11T18:38:53.768649+00:00,2026-09-29T23:36:22.251392+00:00,nur Zeit geändert
Apps/Conf/DePanEstimate avs.conf,38,38,AC78A309,AC78A309,2024-10-11T18:39:19.801161+00:00,2026-09-29T23:36:22.251953+00:00,nur Zeit geändert
Apps/Conf/DeRainbow avs.conf,42,42,F229BFD2,F229BFD2,2021-07-06T14:35:07.672164+00:00,2026-09-29T23:36:22.252491+00:00,nur Zeit geändert
Apps/Conf/DeScratch dual.conf,34,34,E688DCE1,E688DCE1,2025-07-29T18:36:06.986116+00:00,2026-09-29T23:36:22.252945+00:00,nur Zeit geändert
Apps/Conf/dfttest2_CPU vs.conf,34,34,7CB05B04,7CB05B04,2026-01-26T17:44:35.934761+00:00,2026-09-29T23:36:22.297985+00:00,nur Zeit geändert
Apps/Conf/dfttest2_CUDA vs.conf,34,34,7CB05B04,7CB05B04,2026-01-26T17:44:35.934761+00:00,2026-09-29T23:36:22.298660+00:00,nur Zeit geändert
Apps/Conf/dfttest2_NVRTC vs.conf,34,34,7CB05B04,7CB05B04,2026-01-26T17:44:35.934761+00:00,2026-09-29T23:36:22.299126+00:00,nur Zeit geändert
Apps/Conf/DGDecode dual.conf,39,39,AE405F0B,AE405F0B,2026-03-11T08:41:17.812809+00:00,2026-09-29T23:36:22.248779+00:00,nur Zeit geändert
Apps/Conf/DGIndex.conf,39,39,AE405F0B,AE405F0B,2026-03-11T08:59:32.945873+00:00,2026-09-29T23:36:22.249475+00:00,nur Zeit geändert
Apps/Conf/DirectX 9.conf,29,29,8BFD0720,8BFD0720,2020-09-29T18:23:31.568830+00:00,2026-09-29T23:36:22.254009+00:00,nur Zeit geändert
Apps/Conf/Dither AVSI avs.conf,38,38,4BB6CB20,4BB6CB20,2021-05-18T19:46:11.808203+00:00,2026-09-29T23:36:22.254547+00:00,nur Zeit geändert
Apps/Conf/Dither DLL avs.conf,38,38,747508A7,747508A7,2021-05-18T19:46:15.159952+00:00,2026-09-29T23:36:22.255041+00:00,nur Zeit geändert
Apps/Conf/Dither vs.conf,51,51,062810AE,062810AE,2024-08-13T13:34:50.238915+00:00,2026-09-29T23:36:22.255566+00:00,nur Zeit geändert
Apps/Conf/DotKill avs.conf,37,37,730DD7C4,730DD7C4,2021-07-05T18:02:06.443977+00:00,2026-09-29T23:36:22.256904+00:00,nur Zeit geändert
Apps/Conf/DotKill vs.conf,34,34,6239B386,6239B386,2026-08-04T19:21:47.378436+00:00,2026-09-29T23:36:22.257443+00:00,nur Zeit geändert
Apps/Conf/DoVi_Tool.conf,37,37,AD46C57E,AD46C57E,2026-09-25T06:38:31.658212+00:00,2026-09-29T23:36:22.256507+00:00,nur Zeit geändert
Apps/Conf/DoViSplit.conf,35,35,E83E37DC,E83E37DC,2025-07-24T08:33:49.490120+00:00,2026-09-29T23:36:22.255961+00:00,nur Zeit geändert
Apps/Conf/DSS2mod avs.conf,39,39,9FD5D846,9FD5D846,2020-09-29T18:23:31.586828+00:00,2026-09-29T23:36:22.249944+00:00,nur Zeit geändert
Apps/Conf/eac3to.conf,36,36,4FDB69CD,4FDB69CD,2026-09-25T06:38:36.047371+00:00,2026-09-29T23:36:22.299803+00:00,nur Zeit geändert
Apps/Conf/edi_rpow2 AVSI avs.conf,42,42,25B32FD4,25B32FD4,2023-07-26T20:33:18.405926+00:00,2026-09-29T23:36:22.300340+00:00,nur Zeit geändert
Apps/Conf/eedi3_resize avs.conf,33,33,681A5389,681A5389,2020-09-29T18:23:31.612827+00:00,2026-09-29T23:36:22.300904+00:00,nur Zeit geändert
Apps/Conf/eedi3_resize16 avs.conf,38,38,4FE92B41,4FE92B41,2024-03-08T06:42:36.723436+00:00,2026-09-29T23:36:22.301350+00:00,nur Zeit geändert
Apps/Conf/Err.conf,44,44,25EFAC72,25EFAC72,2021-03-08T17:43:51.109001+00:00,2026-09-29T23:36:22.257844+00:00,nur Zeit geändert
Apps/Conf/ExTools avs.conf,36,36,5CCFAC80,5CCFAC80,2023-07-01T08:36:53.504824+00:00,2026-09-29T23:36:22.258456+00:00,nur Zeit geändert
Apps/Conf/fdkaac.conf,34,34,E977B838,E977B838,2020-09-29T18:23:31.627851+00:00,2026-09-29T23:36:22.301940+00:00,nur Zeit geändert
Apps/Conf/ffmpeg.conf,63,63,BAB7F1F7,BAB7F1F7,2026-08-01T10:11:27.302830+00:00,2026-09-29T23:36:22.302486+00:00,nur Zeit geändert
Apps/Conf/ffms2 dual.conf,36,36,10EF07FA,10EF07FA,2026-09-25T06:34:28.942724+00:00,2026-09-29T23:36:22.303428+00:00,nur Zeit geändert
Apps/Conf/ffprobe.conf,63,63,BAB7F1F7,BAB7F1F7,2026-08-01T10:11:27.302830+00:00,2026-09-29T23:36:22.303870+00:00,nur Zeit geändert
Apps/Conf/FFTW.conf,38,38,B9A118D3,B9A118D3,2023-08-17T11:50:18.058811+00:00,2026-09-29T23:36:22.258947+00:00,nur Zeit geändert
Apps/Conf/FillDrops avs.conf,55,55,04904686,04904686,2021-07-15T11:32:23.250155+00:00,2026-09-29T23:36:22.259494+00:00,nur Zeit geändert
Apps/Conf/filldrops vs.conf,36,36,3F6B42A3,3F6B42A3,2023-08-06T18:32:16.721155+00:00,2026-09-29T23:36:22.304390+00:00,nur Zeit geändert
Apps/Conf/FrameRateConverter AVSI avs.conf,35,35,5E512E62,5E512E62,2021-05-18T19:37:06.168708+00:00,2026-09-29T23:36:22.259892+00:00,nur Zeit geändert
Apps/Conf/FrameRateConverter DLL avs.conf,35,35,5E512E62,5E512E62,2021-05-18T19:37:10.033571+00:00,2026-09-29T23:36:22.260449+00:00,nur Zeit geändert
Apps/Conf/fvsfunc vs.conf,42,42,F8A77F1D,F8A77F1D,2023-08-06T20:32:44.609683+00:00,2026-09-29T23:36:22.304872+00:00,nur Zeit geändert
Apps/Conf/G41Fun vs.conf,51,51,91A4EEB9,91A4EEB9,2023-08-15T03:35:43.283937+00:00,2026-09-29T23:36:22.260851+00:00,nur Zeit geändert
Apps/Conf/Get-MediaInfo.conf,42,42,C7A94FD5,C7A94FD5,2021-04-09T13:52:18.281939+00:00,2026-09-29T23:36:22.261796+00:00,nur Zeit geändert
Apps/Conf/GradePack avs.conf,35,35,A88A5C6B,A88A5C6B,2023-04-18T10:22:52.364744+00:00,2026-09-29T23:36:22.262931+00:00,nur Zeit geändert
Apps/Conf/GradFun2DBmod avs.conf,50,50,48341B3F,48341B3F,2021-04-26T12:12:33.002112+00:00,2026-09-29T23:36:22.262411+00:00,nur Zeit geändert
Apps/Conf/GRunT avs.conf,37,37,8B485A43,8B485A43,2021-07-06T14:07:24.199347+00:00,2026-09-29T23:36:22.261385+00:00,nur Zeit geändert
Apps/Conf/Haali Splitter.conf,43,43,6D2B9900,6D2B9900,2021-07-26T11:49:18.152686+00:00,2026-09-29T23:36:22.265204+00:00,nur Zeit geändert
Apps/Conf/havsfunc vs.conf,44,44,AD6134A8,AD6134A8,2024-03-07T10:24:43.592968+00:00,2026-09-29T23:36:22.305376+00:00,nur Zeit geändert
Apps/Conf/HDR10Plus_Tool.conf,37,37,23DD992A,23DD992A,2026-01-06T13:23:36.053248+00:00,2026-09-29T23:36:22.264532+00:00,nur Zeit geändert
Apps/Conf/JPSDR avs.conf,53,53,A7C865DE,A7C865DE,2025-09-15T01:14:59.932467+00:00,2026-09-29T23:36:22.266136+00:00,nur Zeit geändert
Apps/Conf/L-SMASH-Works dual.conf,36,36,7EEBD6D1,7EEBD6D1,2026-09-25T06:34:17.655748+00:00,2026-09-29T23:36:22.266832+00:00,nur Zeit geändert
Apps/Conf/Lazy Utilities avs.conf,33,33,C7B31E43,C7B31E43,2020-09-29T18:23:31.762859+00:00,2026-09-29T23:36:22.267750+00:00,nur Zeit geändert
Apps/Conf/libhistogram vs.conf,46,46,5BB6A766,5BB6A766,2024-02-16T21:20:51.318075+00:00,2026-09-29T23:36:22.305782+00:00,nur Zeit geändert
Apps/Conf/libimwri vs.conf,34,34,BE0D634C,BE0D634C,2024-05-12T19:03:10.891811+00:00,2026-09-29T23:36:22.306382+00:00,nur Zeit geändert
Apps/Conf/LibP2P vs.conf,34,34,FF851373,FF851373,2023-08-19T07:16:25.204948+00:00,2026-09-29T23:36:22.269376+00:00,nur Zeit geändert
Apps/Conf/MAA2Mod avs.conf,37,37,019C20BF,019C20BF,2021-05-19T18:51:31.313704+00:00,2026-09-29T23:36:22.270376+00:00,nur Zeit geändert
Apps/Conf/MasksPack avs.conf,35,35,9554E2B8,9554E2B8,2023-08-02T11:30:10.424785+00:00,2026-09-29T23:36:22.272540+00:00,nur Zeit geändert
Apps/Conf/masktools2 avs.conf,38,38,DD5A261F,DD5A261F,2022-05-10T10:34:06.544326+00:00,2026-09-29T23:36:22.306912+00:00,nur Zeit geändert
Apps/Conf/mcdegrainsharp vs.conf,42,42,0800FBAB,0800FBAB,2023-08-06T21:14:36.171784+00:00,2026-09-29T23:36:22.307467+00:00,nur Zeit geändert
Apps/Conf/MediaInfo.conf,37,37,57EAB844,57EAB844,2026-07-29T16:51:29.641534+00:00,2026-09-29T23:36:22.273569+00:00,nur Zeit geändert
Apps/Conf/MediaInfo.NET.conf,39,39,A10E0305,A10E0305,2022-04-02T20:50:01.876460+00:00,2026-09-29T23:36:22.272966+00:00,nur Zeit geändert
Apps/Conf/MiscFilters vs.conf,34,34,37538099,37538099,2023-08-19T07:16:40.182667+00:00,2026-09-29T23:36:22.274193+00:00,nur Zeit geändert
Apps/Conf/mkvextract.conf,35,35,EAC8A9EA,EAC8A9EA,2026-09-25T06:38:42.333505+00:00,2026-09-29T23:36:22.307878+00:00,nur Zeit geändert
Apps/Conf/mkvinfo.conf,35,35,EAC8A9EA,EAC8A9EA,2026-09-25T06:38:42.334507+00:00,2026-09-29T23:36:22.308446+00:00,nur Zeit geändert
Apps/Conf/mkvmerge.conf,35,35,EAC8A9EA,EAC8A9EA,2026-09-25T06:38:42.334507+00:00,2026-09-29T23:36:22.308979+00:00,nur Zeit geändert
Apps/Conf/MKVToolnix GUI.conf,35,35,EAC8A9EA,EAC8A9EA,2026-09-25T06:38:42.334507+00:00,2026-09-29T23:36:22.270915+00:00,nur Zeit geändert
Apps/Conf/modPlus avs.conf,42,42,D3D3D86C,D3D3D86C,2022-05-11T07:04:41.838974+00:00,2026-09-29T23:36:22.309523+00:00,nur Zeit geändert
Apps/Conf/MotionMask vs.conf,33,33,028A3474,028A3474,2023-08-27T19:45:49.925184+00:00,2026-09-29T23:36:22.274740+00:00,nur Zeit geändert
Apps/Conf/MP4Box.conf,78,78,8D7AEFE8,8D7AEFE8,2026-06-04T17:21:15.689051+00:00,2026-09-29T23:36:22.271475+00:00,nur Zeit geändert
Apps/Conf/mpv.net.conf,37,37,2AA242BC,2AA242BC,2026-01-11T18:11:59.601752+00:00,2026-09-29T23:36:22.310164+00:00,nur Zeit geändert
Apps/Conf/MT Expand Multi avs.conf,42,42,EFB8DB82,EFB8DB82,2021-05-20T21:46:25.022000+00:00,2026-09-29T23:36:22.271963+00:00,nur Zeit geändert
Apps/Conf/muvsfunc vs.conf,37,37,2124D34E,2124D34E,2025-12-22T07:01:35.171793+00:00,2026-09-29T23:36:22.310700+00:00,nur Zeit geändert
Apps/Conf/mvmulti vs.conf,42,42,A35C7EB8,A35C7EB8,2023-08-06T20:22:11.015590+00:00,2026-09-29T23:36:22.311164+00:00,nur Zeit geändert
Apps/Conf/NeroAAC.conf,29,29,8BFD0720,8BFD0720,2020-09-29T18:23:31.872827+00:00,2026-09-29T23:36:22.275816+00:00,nur Zeit geändert
Apps/Conf/NicAudio avs.conf,37,37,7E2D0D1E,7E2D0D1E,2023-05-24T00:18:49.633030+00:00,2026-09-29T23:36:22.276254+00:00,nur Zeit geändert
Apps/Conf/nnedi3_resize16 AVSI avs.conf,46,46,23C029BE,23C029BE,2023-05-23T23:55:21.827600+00:00,2026-09-29T23:36:22.311667+00:00,nur Zeit geändert
Apps/Conf/nnedi3_rpow2 vs.conf,37,37,EFDE1BDC,EFDE1BDC,2023-08-06T18:33:48.888401+00:00,2026-09-29T23:36:22.312097+00:00,nur Zeit geändert
Apps/Conf/nnedi3x AVSI avs.conf,32,32,DDAB0580,DDAB0580,2020-09-29T18:23:31.891828+00:00,2026-09-29T23:36:22.312585+00:00,nur Zeit geändert
Apps/Conf/NVEncC.conf,44,44,E953E3B1,E953E3B1,2026-09-28T10:34:50.315542+00:00,2026-09-29T23:36:22.275264+00:00,nur Zeit geändert
Apps/Conf/OpusDec.conf,80,80,3F0EB871,3F0EB871,2026-02-21T10:44:28.462078+00:00,2026-09-29T23:36:22.276779+00:00,nur Zeit geändert
Apps/Conf/OpusEnc.conf,80,80,3F0EB871,3F0EB871,2026-02-21T10:44:33.059390+00:00,2026-09-29T23:36:22.277208+00:00,nur Zeit geändert
Apps/Conf/Oyster vs.conf,51,51,B571D7BE,B571D7BE,2024-07-21T16:11:23.676739+00:00,2026-09-29T23:36:22.277715+00:00,nur Zeit geändert
Apps/Conf/Plum vs.conf,51,51,1D1BB529,1D1BB529,2023-08-15T03:36:07.928598+00:00,2026-09-29T23:36:22.278864+00:00,nur Zeit geändert
Apps/Conf/PNGopt.conf,32,32,BD162759,BD162759,2020-09-29T18:23:31.902824+00:00,2026-09-29T23:36:22.278252+00:00,nur Zeit geändert
Apps/Conf/Python.conf,38,38,B9FEA9DC,B9FEA9DC,2026-09-26T12:44:03.893547+00:00,2026-09-29T23:36:22.279318+00:00,nur Zeit geändert
Apps/Conf/qaac.conf,36,36,B0F0F283,B0F0F283,2025-04-18T07:28:26.787376+00:00,2026-09-29T23:36:22.313270+00:00,nur Zeit geändert
Apps/Conf/QSVEncC.conf,44,44,3BCCB710,3BCCB710,2026-09-28T10:34:50.315238+00:00,2026-09-29T23:36:22.279825+00:00,nur Zeit geändert
Apps/Conf/QTGMC+ avs.conf,48,48,AF52F5F9,AF52F5F9,2025-12-22T20:33:14.508297+00:00,2026-09-29T23:36:22.280273+00:00,nur Zeit geändert
Apps/Conf/RemoveGrain vs.conf,34,34,DDD16317,DDD16317,2023-08-19T07:16:47.394638+00:00,2026-09-29T23:36:22.281294+00:00,nur Zeit geändert
Apps/Conf/resamplehq vs.conf,37,37,7D0EC478,7D0EC478,2023-08-06T18:38:33.732998+00:00,2026-09-29T23:36:22.313809+00:00,nur Zeit geändert
Apps/Conf/ResizersPack avs.conf,36,36,793B5260,793B5260,2023-08-02T11:28:49.257139+00:00,2026-09-29T23:36:22.281795+00:00,nur Zeit geändert
Apps/Conf/RT_Stats avs.conf,42,42,F092B0C6,F092B0C6,2021-07-15T11:33:15.191886+00:00,2026-09-29T23:36:22.280768+00:00,nur Zeit geändert
Apps/Conf/scenechange vs.conf,39,39,704C0EC5,704C0EC5,2020-09-29T18:23:31.945827+00:00,2026-09-29T23:36:22.314374+00:00,nur Zeit geändert
Apps/Conf/ScenesPack avs.conf,35,35,ABA3FF9D,ABA3FF9D,2023-08-19T07:16:09.627708+00:00,2026-09-29T23:36:22.284700+00:00,nur Zeit geändert
Apps/Conf/SharpenersPack avs.conf,35,35,2567F705,2567F705,2023-03-17T23:33:10.513044+00:00,2026-09-29T23:36:22.285201+00:00,nur Zeit geändert
Apps/Conf/SmoothD2c avs.conf,34,34,784D8DA4,784D8DA4,2023-05-20T20:03:08.163067+00:00,2026-09-29T23:36:22.285609+00:00,nur Zeit geändert
Apps/Conf/Subtitle Edit.conf,38,38,CE145E75,CE145E75,2026-06-04T17:25:02.593784+00:00,2026-09-29T23:36:22.286230+00:00,nur Zeit geändert
Apps/Conf/SVPFlow 1 avs.conf,41,41,28A7B93B,28A7B93B,2023-07-01T17:14:43.274892+00:00,2026-09-29T23:36:22.282332+00:00,nur Zeit geändert
Apps/Conf/SVPFlow 1 vs.conf,41,41,28A7B93B,28A7B93B,2023-07-01T17:16:40.742107+00:00,2026-09-29T23:36:22.282947+00:00,nur Zeit geändert
Apps/Conf/SVPFlow 2 avs.conf,41,41,B4F384B9,B4F384B9,2023-07-01T17:14:23.649625+00:00,2026-09-29T23:36:22.283473+00:00,nur Zeit geändert
Apps/Conf/SVPFlow 2 vs.conf,41,41,B4F384B9,B4F384B9,2023-07-01T17:16:33.211521+00:00,2026-09-29T23:36:22.284280+00:00,nur Zeit geändert
Apps/Conf/TCanny vs.conf,35,35,44FB054C,44FB054C,2023-08-06T20:05:14.249641+00:00,2026-09-29T23:36:22.286676+00:00,nur Zeit geändert
Apps/Conf/TimecodeFPS avs.conf,37,37,8D59E4D6,8D59E4D6,2023-05-20T19:46:44.329780+00:00,2026-09-29T23:36:22.287323+00:00,nur Zeit geändert
Apps/Conf/TransformsPack avs.conf,37,37,89D5DBAD,89D5DBAD,2023-08-02T11:28:27.087348+00:00,2026-09-29T23:36:22.287739+00:00,nur Zeit geändert
Apps/Conf/TransformsPackModels.conf,37,37,89D5DBAD,89D5DBAD,2023-08-02T11:28:27.087348+00:00,2026-09-29T23:36:22.288256+00:00,nur Zeit geändert
Apps/Conf/TransformsPackTransfers.conf,37,37,89D5DBAD,89D5DBAD,2023-08-02T11:28:27.087348+00:00,2026-09-29T23:36:22.288665+00:00,nur Zeit geändert
Apps/Conf/Truehdd.conf,37,37,AB7A1E0E,AB7A1E0E,2026-09-25T06:35:02.342761+00:00,2026-09-29T23:36:22.289412+00:00,nur Zeit geändert
Apps/Conf/VapourSource avs.conf,35,35,DC3F8CC4,DC3F8CC4,2022-05-10T11:14:44.360105+00:00,2026-09-29T23:36:22.291016+00:00,nur Zeit geändert
Apps/Conf/VapourSynth.conf,35,35,0FD79A61,0FD79A61,2026-09-26T12:54:44.839006+00:00,2026-09-29T23:36:22.291686+00:00,nur Zeit geändert
Apps/Conf/VCEEncC.conf,36,36,15057068,15057068,2026-09-26T13:47:15.393321+00:00,2026-09-29T23:36:22.289958+00:00,nur Zeit geändert
Apps/Conf/vcfreq vs.conf,39,39,6E816CDB,6E816CDB,2020-09-29T18:23:32.038825+00:00,2026-09-29T23:36:22.314889+00:00,nur Zeit geändert
Apps/Conf/vcm vs.conf,39,39,80B76E0A,80B76E0A,2022-04-05T13:01:57.698536+00:00,2026-09-29T23:36:22.315363+00:00,nur Zeit geändert
Apps/Conf/vcmod vs.conf,46,46,D88147A6,D88147A6,2023-08-06T21:22:33.405225+00:00,2026-09-29T23:36:22.315859+00:00,nur Zeit geändert
Apps/Conf/vcmove vs.conf,39,39,3F3CF083,3F3CF083,2020-09-29T18:23:32.042827+00:00,2026-09-29T23:36:22.316404+00:00,nur Zeit geändert
Apps/Conf/Vine vs.conf,51,51,D3C72626,D3C72626,2023-08-15T03:36:30.203531+00:00,2026-09-29T23:36:22.292451+00:00,nur Zeit geändert
Apps/Conf/Visual C++ 2010.conf,46,46,D79AB549,D79AB549,2025-05-08T22:17:59.017417+00:00,2026-09-29T23:36:22.293025+00:00,nur Zeit geändert
Apps/Conf/Visual C++ 2012.conf,42,42,EBA70ED1,EBA70ED1,2025-05-08T22:17:36.729294+00:00,2026-09-29T23:36:22.293480+00:00,nur Zeit geändert
Apps/Conf/Visual C++ 2013.conf,42,42,7F4E414F,7F4E414F,2025-05-08T22:17:15.801294+00:00,2026-09-29T23:36:22.294246+00:00,nur Zeit geändert
Apps/Conf/Visual C++ 2015-2022.conf,43,43,77A68A3A,77A68A3A,2025-05-08T22:17:05.579761+00:00,2026-09-29T23:36:22.294697+00:00,nur Zeit geändert
Apps/Conf/vspipe.conf,35,35,0FD79A61,0FD79A61,2026-09-26T12:54:44.839006+00:00,2026-09-29T23:36:22.317433+00:00,nur Zeit geändert
Apps/Conf/VSRip.conf,36,36,EF3DE7AA,EF3DE7AA,2020-09-29T18:23:32.062828+00:00,2026-09-29T23:36:22.290596+00:00,nur Zeit geändert
Apps/Conf/vsTAAmbk vs.conf,37,37,0A5E4AB7,0A5E4AB7,2023-08-19T07:16:53.422676+00:00,2026-09-29T23:36:22.316915+00:00,nur Zeit geändert
Apps/Conf/xvid_encraw.conf,34,34,9878F3A2,9878F3A2,2020-09-29T18:23:32.079830+00:00,2026-09-29T23:36:22.318161+00:00,nur Zeit geändert
Apps/Conf/znedi3 vs.conf,36,36,72665DE5,72665DE5,2023-08-03T17:56:29.211043+00:00,2026-09-29T23:36:22.318790+00:00,nur Zeit geändert
Apps/Conf/Zs_RF_Shared avs.conf,37,37,2C79A8EA,2C79A8EA,2023-09-03T13:43:11.939323+00:00,2026-09-29T23:36:22.295280+00:00,nur Zeit geändert
Apps/Encoders/NVEncC/.nvinfer_10.dll.wqThhv,,308281344,,7D8483E7,,2026-09-29T23:36:40.579606+00:00,nur 0.29
Apps/Encoders/NVEncC/avcodec-63.dll,43185664,43185664,4D4DEE3C,4D4DEE3C,2026-08-13T00:00:07.710115+00:00,2026-09-29T23:36:29.303515+00:00,nur Zeit geändert
Apps/Encoders/NVEncC/avdevice-63.dll,126464,126464,2CDB3AE9,2CDB3AE9,2026-08-13T00:00:06.227531+00:00,2026-09-29T23:36:29.329212+00:00,nur Zeit geändert
Apps/Encoders/NVEncC/avfilter-12.dll,10408448,10408448,62B3E274,62B3E274,2026-08-13T00:00:06.693155+00:00,2026-09-29T23:36:29.455516+00:00,nur Zeit geändert
Apps/Encoders/NVEncC/avformat-63.dll,5709312,5709312,2ED73D52,2ED73D52,2026-08-13T00:00:07.154012+00:00,2026-09-29T23:36:29.543518+00:00,nur Zeit geändert
Apps/Encoders/NVEncC/avutil-61.dll,2658816,2658816,F46D5B47,F46D5B47,2026-08-13T00:00:08.571865+00:00,2026-09-29T23:36:29.571520+00:00,nur Zeit geändert
Apps/Encoders/NVEncC/cudart64_110.dll,466488,466488,2EAA94DA,2EAA94DA,2024-02-28T04:28:00.437040+00:00,2026-09-29T23:36:29.579520+00:00,nur Zeit geändert
Apps/Encoders/NVEncC/libass-9.dll,6374224,6374224,25F26E94,25F26E94,2026-08-13T00:00:10.988241+00:00,2026-09-29T23:36:29.647520+00:00,nur Zeit geändert
Apps/Encoders/NVEncC/libcrypto-3-x64.dll,5175408,5175408,3802174E,3802174E,2026-09-25T10:37:46.971208+00:00,2026-09-29T23:36:29.699521+00:00,nur Zeit geändert
Apps/Encoders/NVEncC/libplacebo-360.dll,17337856,17337856,86B22B57,86B22B57,2026-08-13T00:00:11.114811+00:00,2026-09-29T23:36:29.887524+00:00,nur Zeit geändert
Apps/Encoders/NVEncC/libvmaf.dll,7924922,7924922,953638F4,953638F4,2026-08-01T03:34:00.938782+00:00,2026-09-29T23:36:29.955526+00:00,nur Zeit geändert
Apps/Encoders/NVEncC/libvship.dll,29031936,29031936,D136DEB5,D136DEB5,2026-04-11T11:56:53.940456+00:00,2026-09-29T23:36:30.071529+00:00,nur Zeit geändert
Apps/Encoders/NVEncC/models/Denoise-agg-100.engine.trtpkg,2402724,2402724,51841004,51841004,2026-09-25T10:53:56.151920+00:00,2026-09-29T23:36:22.321065+00:00,nur Zeit geändert
Apps/Encoders/NVEncC/models/Denoise-agg-75.engine.trtpkg,1148404,1148404,8E5294FB,8E5294FB,2026-09-25T10:53:50.757497+00:00,2026-09-29T23:36:22.327387+00:00,nur Zeit geändert
Apps/Encoders/NVEncC/models/Denoise-agg-86.engine.trtpkg,1644916,1644916,4297DFC5,4297DFC5,2026-09-25T10:53:53.467571+00:00,2026-09-29T23:36:22.335552+00:00,nur Zeit geändert
Apps/Encoders/NVEncC/models/Denoise-agg-89.engine.trtpkg,1311844,1311844,F4B58763,F4B58763,2026-09-25T10:37:47.174875+00:00,2026-09-29T23:36:22.343385+00:00,nur Zeit geändert
Apps/Encoders/NVEncC/models/Denoise-con-100.engine.trtpkg,1635588,1635588,DC65A420,DC65A420,2026-09-25T10:53:57.182281+00:00,2026-09-29T23:36:22.349097+00:00,nur Zeit geändert
Apps/Encoders/NVEncC/models/Denoise-con-75.engine.trtpkg,1300788,1300788,2FD84770,2FD84770,2026-09-25T10:53:51.736894+00:00,2026-09-29T23:36:22.350950+00:00,nur Zeit geändert
Apps/Encoders/NVEncC/models/Denoise-con-86.engine.trtpkg,1238772,1238772,AC86C0DB,AC86C0DB,2026-09-25T10:53:54.441046+00:00,2026-09-29T23:36:22.355387+00:00,nur Zeit geändert
Apps/Encoders/NVEncC/models/Denoise-con-89.engine.trtpkg,1369492,1369492,8363E6B4,8363E6B4,2026-09-25T10:37:47.206985+00:00,2026-09-29T23:36:22.364244+00:00,nur Zeit geändert
Apps/Encoders/NVEncC/msvcp140.dll,573008,573008,B302A74B,B302A74B,2023-10-25T21:16:24+00:00,2026-09-29T23:36:30.091529+00:00,nur Zeit geändert
Apps/Encoders/NVEncC/nnedi3_weights.bin,13574928,13574928,57866DF0,57866DF0,2026-09-11T12:08:37.274108+00:00,2026-09-29T23:36:22.711393+00:00,nur Zeit geändert
Apps/Encoders/NVEncC/nppc64_11.dll,283136,283136,F37C0F19,F37C0F19,2022-08-26T00:04:39+00:00,2026-09-29T23:36:30.095529+00:00,nur Zeit geändert
Apps/Encoders/NVEncC/nppif64_11.dll,101873664,101873664,0C9AEABE,0C9AEABE,2022-08-26T00:04:41+00:00,2026-09-29T23:36:31.791560+00:00,nur Zeit geändert
Apps/Encoders/NVEncC/nppig64_11.dll,36118528,36118528,B2EFBE97,B2EFBE97,2022-08-26T00:04:41+00:00,2026-09-29T23:36:32.395571+00:00,nur Zeit geändert
Apps/Encoders/NVEncC/NVEncC64.exe,67239936,67239936,E5F53EA4,E5F53EA4,2026-09-28T04:54:24.726782+00:00,2026-09-29T23:36:28.711504+00:00,nur Zeit geändert
Apps/Encoders/NVEncC/NVEncNVOFFRUC.dll,109568,109568,AA80C329,AA80C329,2024-03-03T04:29:28.512278+00:00,2026-09-29T23:36:28.745353+00:00,nur Zeit geändert
Apps/Encoders/NVEncC/NVEncNVSDKNGX.dll,378880,378880,4B0F2B41,4B0F2B41,2025-09-14T03:01:15.368192+00:00,2026-09-29T23:36:28.745353+00:00,nur Zeit geändert
Apps/Encoders/NVEncC/nvinfer_10.dll,440983664,440983664,3F7384F7,3F7384F7,2026-09-28T11:14:18.592652+00:00,2026-09-29T23:36:36.423644+00:00,nur Zeit geändert
Apps/Encoders/NVEncC/nvngx_truehdr.dll,3955752,3955752,B33C2D66,B33C2D66,2025-01-23T20:34:39.187843+00:00,2026-09-29T23:36:36.487646+00:00,nur Zeit geändert
Apps/Encoders/NVEncC/nvngx_vsr.dll,19140144,19140144,452738AA,452738AA,2025-01-23T20:34:39.631923+00:00,2026-09-29T23:36:36.879654+00:00,nur Zeit geändert
Apps/Encoders/NVEncC/NvOFFRUC.dll,783416,783416,EF60C32D,EF60C32D,2024-02-28T04:28:00.448139+00:00,2026-09-29T23:36:28.751505+00:00,nur Zeit geändert
Apps/Encoders/NVEncC/nvrtc-builtins64_118.dll,7909888,7909888,F2C84D66,F2C84D66,2022-09-21T18:15:35+00:00,2026-09-29T23:36:36.899654+00:00,nur Zeit geändert
Apps/Encoders/NVEncC/nvrtc64_112_0.dll,40629248,40629248,2DE0DF02,2DE0DF02,2026-09-28T07:18:50.297312+00:00,2026-09-29T23:36:37.331660+00:00,nur Zeit geändert
Apps/Encoders/NVEncC/nvVFXDenoising.dll,316016,316016,7541BAC5,7541BAC5,2026-09-25T10:37:42.654315+00:00,2026-09-29T23:36:32.416824+00:00,nur Zeit geändert
Apps/Encoders/NVEncC/swresample-7.dll,491520,491520,A8A77473,A8A77473,2026-08-13T00:00:08.127224+00:00,2026-09-29T23:36:37.359662+00:00,nur Zeit geändert
Apps/Encoders/NVEncC/vcruntime140.dll,119376,119376,334ED36E,334ED36E,2023-10-25T21:16:26+00:00,2026-09-29T23:36:37.364249+00:00,nur Zeit geändert
Apps/Encoders/NVEncC/vcruntime140_1.dll,49776,49776,24AA0CC8,24AA0CC8,2023-10-25T21:16:26+00:00,2026-09-29T23:36:37.364851+00:00,nur Zeit geändert
Apps/Encoders/QSVEncC/avcodec-63.dll,43185664,43185664,4D4DEE3C,4D4DEE3C,2026-09-28T05:46:59.857937+00:00,2026-09-29T23:36:37.995673+00:00,nur Zeit geändert
Apps/Encoders/QSVEncC/avdevice-63.dll,126464,126464,2CDB3AE9,2CDB3AE9,2026-08-13T00:00:06.227531+00:00,2026-09-29T23:36:38.020552+00:00,nur Zeit geändert
Apps/Encoders/QSVEncC/avfilter-12.dll,10408448,10408448,62B3E274,62B3E274,2026-08-13T00:00:06.693155+00:00,2026-09-29T23:36:38.147676+00:00,nur Zeit geändert
Apps/Encoders/QSVEncC/avformat-63.dll,5709312,5709312,2ED73D52,2ED73D52,2026-08-13T00:00:07.154012+00:00,2026-09-29T23:36:38.231678+00:00,nur Zeit geändert
Apps/Encoders/QSVEncC/avutil-61.dll,2658816,2658816,F46D5B47,F46D5B47,2026-08-13T00:00:08.571865+00:00,2026-09-29T23:36:38.263680+00:00,nur Zeit geändert
Apps/Encoders/QSVEncC/libass-9.dll,6374224,6374224,25F26E94,25F26E94,2026-08-13T00:00:10.988241+00:00,2026-09-29T23:36:38.339680+00:00,nur Zeit geändert
Apps/Encoders/QSVEncC/libplacebo-360.dll,17337856,17337856,86B22B57,86B22B57,2026-08-13T00:00:11.114811+00:00,2026-09-29T23:36:38.343681+00:00,nur Zeit geändert
Apps/Encoders/QSVEncC/libvmaf.dll,7924922,7924922,953638F4,953638F4,2026-08-01T03:34:00.938782+00:00,2026-09-29T23:36:38.591686+00:00,nur Zeit geändert
Apps/Encoders/QSVEncC/nnedi3_weights.bin,13574928,13574928,57866DF0,57866DF0,2026-09-27T03:51:30.401203+00:00,2026-09-29T23:36:23.063400+00:00,nur Zeit geändert
Apps/Encoders/QSVEncC/openvino.dll,15888376,15888376,FA78E5AA,FA78E5AA,2026-05-25T14:56:08+00:00,2026-09-29T23:36:38.751688+00:00,nur Zeit geändert
Apps/Encoders/QSVEncC/openvino_auto_batch_plugin.dll,207864,207864,2DA1C306,2DA1C306,2026-05-25T14:56:24+00:00,2026-09-29T23:36:38.767688+00:00,nur Zeit geändert
Apps/Encoders/QSVEncC/openvino_auto_plugin.dll,502264,502264,3D22A020,3D22A020,2026-05-25T14:55:18+00:00,2026-09-29T23:36:38.771688+00:00,nur Zeit geändert
Apps/Encoders/QSVEncC/openvino_c.dll,222200,222200,4B870007,4B870007,2026-05-25T14:55:30+00:00,2026-09-29T23:36:38.775688+00:00,nur Zeit geändert
Apps/Encoders/QSVEncC/openvino_hetero_plugin.dll,472056,472056,8F3F96D6,8F3F96D6,2026-05-25T14:55:58+00:00,2026-09-29T23:36:38.779688+00:00,nur Zeit geändert
Apps/Encoders/QSVEncC/openvino_intel_cpu_plugin.dll,44923896,44923896,D5422A3E,D5422A3E,2026-05-25T14:56:30+00:00,2026-09-29T23:36:39.119696+00:00,nur Zeit geändert
Apps/Encoders/QSVEncC/openvino_intel_gpu_plugin.dll,36964856,36964856,660A10E4,660A10E4,2026-05-25T14:56:26+00:00,2026-09-29T23:36:39.511700+00:00,nur Zeit geändert
Apps/Encoders/QSVEncC/openvino_intel_npu_compiler.dll,76250104,76250104,7C2D7F6E,7C2D7F6E,2026-05-25T14:56:10+00:00,2026-09-29T23:36:40.415718+00:00,nur Zeit geändert
Apps/Encoders/QSVEncC/openvino_intel_npu_compiler_loader.dll,6994424,6994424,AF1EBD2A,AF1EBD2A,2026-05-25T14:56:06+00:00,2026-09-29T23:36:40.547721+00:00,nur Zeit geändert
Apps/Encoders/QSVEncC/openvino_intel_npu_plugin.dll,6745592,6745592,3CD314E5,3CD314E5,2026-05-25T14:55:26+00:00,2026-09-29T23:36:40.627723+00:00,nur Zeit geändert
Apps/Encoders/QSVEncC/openvino_ir_frontend.dll,461304,461304,81427664,81427664,2026-05-25T14:55:20+00:00,2026-09-29T23:36:40.639723+00:00,nur Zeit geändert
Apps/Encoders/QSVEncC/openvino_onnx_frontend.dll,4523512,4523512,F849001F,F849001F,2026-05-25T14:55:54+00:00,2026-09-29T23:36:40.683723+00:00,nur Zeit geändert
Apps/Encoders/QSVEncC/openvino_paddle_frontend.dll,1491960,1491960,41CA0A78,41CA0A78,2026-05-25T14:56:32+00:00,2026-09-29T23:36:40.703723+00:00,nur Zeit geändert
Apps/Encoders/QSVEncC/openvino_pytorch_frontend.dll,2678776,2678776,15575CF1,15575CF1,2026-05-25T14:55:46+00:00,2026-09-29T23:36:40.735724+00:00,nur Zeit geändert
Apps/Encoders/QSVEncC/openvino_tensorflow_frontend.dll,4036088,4036088,7B577621,7B577621,2026-05-25T14:56:14+00:00,2026-09-29T23:36:40.779726+00:00,nur Zeit geändert
Apps/Encoders/QSVEncC/openvino_tensorflow_lite_frontend.dll,1244152,1244152,956E6A5A,956E6A5A,2026-05-25T14:55:38+00:00,2026-09-29T23:36:40.795726+00:00,nur Zeit geändert
Apps/Encoders/QSVEncC/QSVEncC64.exe,10992640,10992640,DFF0B8CC,DFF0B8CC,2026-09-27T03:56:23.539785+00:00,2026-09-29T23:36:37.463665+00:00,nur Zeit geändert
Apps/Encoders/QSVEncC/swresample-7.dll,491520,491520,A8A77473,A8A77473,2026-08-13T00:00:08.127224+00:00,2026-09-29T23:36:40.807726+00:00,nur Zeit geändert
Apps/Encoders/QSVEncC/tbb12.dll,225272,225272,351D1B60,351D1B60,2026-05-25T14:56:26+00:00,2026-09-29T23:36:40.817779+00:00,nur Zeit geändert
Apps/Encoders/VCEEncC/avcodec-63.dll,43185664,43185664,4D4DEE3C,4D4DEE3C,2026-08-13T00:00:07.710115+00:00,2026-09-29T23:36:41.631740+00:00,nur Zeit geändert
Apps/Encoders/VCEEncC/avdevice-63.dll,126464,126464,2CDB3AE9,2CDB3AE9,2026-08-13T00:00:06.227531+00:00,2026-09-29T23:36:41.655740+00:00,nur Zeit geändert
Apps/Encoders/VCEEncC/avfilter-12.dll,10408448,10408448,62B3E274,62B3E274,2026-08-13T00:00:06.693155+00:00,2026-09-29T23:36:41.791744+00:00,nur Zeit geändert
Apps/Encoders/VCEEncC/avformat-63.dll,5709312,5709312,2ED73D52,2ED73D52,2026-08-13T00:00:07.154012+00:00,2026-09-29T23:36:41.891747+00:00,nur Zeit geändert
Apps/Encoders/VCEEncC/avutil-61.dll,2658816,2658816,F46D5B47,F46D5B47,2026-08-13T00:00:08.571865+00:00,2026-09-29T23:36:41.923745+00:00,nur Zeit geändert
Apps/Encoders/VCEEncC/libass-9.dll,6374224,6374224,25F26E94,25F26E94,2026-08-13T00:00:10.988241+00:00,2026-09-29T23:36:41.991748+00:00,nur Zeit geändert
Apps/Encoders/VCEEncC/libplacebo-360.dll,17337856,17337856,86B22B57,86B22B57,2026-08-13T00:00:11.114811+00:00,2026-09-29T23:36:42.171750+00:00,nur Zeit geändert
Apps/Encoders/VCEEncC/libvmaf.dll,7924922,7924922,953638F4,953638F4,2026-08-01T03:34:00.938782+00:00,2026-09-29T23:36:42.231752+00:00,nur Zeit geändert
Apps/Encoders/VCEEncC/nnedi3_weights.bin,13574928,13574928,57866DF0,57866DF0,2026-09-26T13:22:38.451995+00:00,2026-09-29T23:36:23.423406+00:00,nur Zeit geändert
Apps/Encoders/VCEEncC/onnxruntime.dll,17201208,17201208,52E187BE,52E187BE,2025-09-26T20:33:56+00:00,2026-09-29T23:36:42.403755+00:00,nur Zeit geändert
Apps/Encoders/VCEEncC/onnxruntime_providers_shared.dll,22048,22048,256A22DD,256A22DD,2025-09-26T20:39:28+00:00,2026-09-29T23:36:42.415331+00:00,nur Zeit geändert
Apps/Encoders/VCEEncC/swresample-7.dll,491520,491520,A8A77473,A8A77473,2026-08-13T00:00:08.127224+00:00,2026-09-29T23:36:42.415756+00:00,nur Zeit geändert
Apps/Encoders/VCEEncC/VCEEncC64.exe,9567744,9567744,D5093F1A,D5093F1A,2026-09-26T13:27:29.125617+00:00,2026-09-29T23:36:40.931728+00:00,nur Zeit geändert
Apps/FrameServer/AviSynth/AviSynth.dll,6826496,6826496,0EBAD13B,0EBAD13B,2025-04-21T02:08:56.155563+00:00,2026-09-29T23:36:42.467756+00:00,nur Zeit geändert
Apps/FrameServer/AviSynth/c_api/AviSynth.exp,21212,21212,71BB1214,71BB1214,2025-04-21T02:08:56.127121+00:00,2026-09-29T23:36:23.437171+00:00,nur Zeit geändert
Apps/FrameServer/AviSynth/c_api/AviSynth.lib,34718,34718,4728017E,4728017E,2025-04-21T02:08:56.112044+00:00,2026-09-29T23:36:23.437676+00:00,nur Zeit geändert
Apps/FrameServer/AviSynth/DevIL.dll,1762304,1762304,286E45D8,286E45D8,2023-04-15T19:26:02+00:00,2026-09-29T23:36:42.491756+00:00,nur Zeit geändert
Apps/FrameServer/AviSynth/ffmpeg.exe,105382912,105382912,39925614,39925614,2026-07-19T19:11:42.114089+00:00,2026-09-29T23:36:43.555776+00:00,nur Zeit geändert
Apps/FrameServer/AviSynth/ffmpeg_config.txt,1925,1925,A4D136B8,A4D136B8,2026-07-19T19:11:43.993169+00:00,2026-09-29T23:36:23.438049+00:00,nur Zeit geändert
Apps/FrameServer/AviSynth/ffmpeg_version.txt,2021,2021,D7A2C5E1,D7A2C5E1,2026-07-19T19:11:43.900083+00:00,2026-09-29T23:36:23.438396+00:00,nur Zeit geändert
Apps/FrameServer/AviSynth/ffplay.exe,106777088,106777088,32DAB2B8,32DAB2B8,2026-07-19T19:11:41.460064+00:00,2026-09-29T23:36:44.723798+00:00,nur Zeit geändert
Apps/FrameServer/AviSynth/ffprobe.exe,105190400,105190400,B6994691,B6994691,2026-07-19T19:11:42.114089+00:00,2026-09-29T23:36:45.863819+00:00,nur Zeit geändert
Apps/FrameServer/AviSynth/gpl.txt,18004,18004,BC53E12E,BC53E12E,2021-10-10T01:48:37.989713+00:00,2026-09-29T23:36:23.438873+00:00,nur Zeit geändert
Apps/FrameServer/AviSynth/html/.buildinfo,234,234,5C79084C,5C79084C,2025-04-21T01:40:42.139473+00:00,2026-09-29T23:36:23.439235+00:00,nur Zeit geändert
Apps/FrameServer/AviSynth/html/_images/ac3filter-downmix.png,77695,77695,E328998C,E328998C,2023-12-16T05:40:23.595046+00:00,2026-09-29T23:36:23.500281+00:00,nur Zeit geändert
Apps/FrameServer/AviSynth/html/_images/addalphaplane-colorfultext.png,2673,2673,0FD42D97,0FD42D97,2023-12-16T05:40:23.599035+00:00,2026-09-29T23:36:23.500953+00:00,nur Zeit geändert
Apps/FrameServer/AviSynth/html/_images/badchroma.jpg,28299,28299,9D4C5FFE,9D4C5FFE,2021-01-11T21:27:07.565571+00:00,2026-09-29T23:36:23.502254+00:00,nur Zeit geändert
Apps/FrameServer/AviSynth/html/_images/badchroma2.jpg,51912,51912,DA970C5E,DA970C5E,2021-01-11T21:27:07.565571+00:00,2026-09-29T23:36:23.504019+00:00,nur Zeit geändert
Apps/FrameServer/AviSynth/html/_images/colorbars-320x240.png,577,577,01192B9B,01192B9B,2023-12-16T05:40:23.604051+00:00,2026-09-29T23:36:23.504704+00:00,nur Zeit geändert
Apps/FrameServer/AviSynth/html/_images/colorbarshd-320x180.png,1034,1034,49517E58,49517E58,2023-12-16T05:40:23.608137+00:00,2026-09-29T23:36:23.505254+00:00,nur Zeit geändert
Apps/FrameServer/AviSynth/html/_images/colorimetry.jpg,300868,300868,E60AA09C,E60AA09C,2021-01-11T21:27:07.565571+00:00,2026-09-29T23:36:23.506424+00:00,nur Zeit geändert
Apps/FrameServer/AviSynth/html/_images/colorkeymask-dog-result.png,53531,53531,B44713D4,B44713D4,2023-12-16T05:40:23.610712+00:00,2026-09-29T23:36:23.507102+00:00,nur Zeit geändert
Apps/FrameServer/AviSynth/html/_images/colorkeymask-dog.png,88890,88890,942CD2EC,942CD2EC,2023-12-16T05:40:23.610712+00:00,2026-09-29T23:36:23.507656+00:00,nur Zeit geändert
Apps/FrameServer/AviSynth/html/_images/compare-sintel-9507.jpg,65832,65832,1CAAEAF5,1CAAEAF5,2023-12-16T05:40:23.617793+00:00,2026-09-29T23:36:23.508304+00:00,nur Zeit geändert
Apps/FrameServer/AviSynth/html/_images/compiling_plugins.png,12599,12599,3CDDB567,3CDDB567,2021-01-11T21:27:07.237208+00:00,2026-09-29T23:36:23.509305+00:00,nur Zeit geändert
Apps/FrameServer/AviSynth/html/_images/compiling_plugins2.png,8279,8279,66661F14,66661F14,2021-01-11T21:27:07.237208+00:00,2026-09-29T23:36:23.510028+00:00,nur Zeit geändert
Apps/FrameServer/AviSynth/html/_images/compiling_plugins3.png,7451,7451,00369F9C,00369F9C,2021-01-11T21:27:07.237208+00:00,2026-09-29T23:36:23.510780+00:00,nur Zeit geändert
Apps/FrameServer/AviSynth/html/_images/compiling_plugins4.png,9629,9629,08F976DA,08F976DA,2021-01-11T21:27:07.237208+00:00,2026-09-29T23:36:23.511568+00:00,nur Zeit geändert
Apps/FrameServer/AviSynth/html/_images/compiling_plugins5.png,11269,11269,066615D5,066615D5,2021-01-11T21:27:07.252828+00:00,2026-09-29T23:36:23.512520+00:00,nur Zeit geändert
Apps/FrameServer/AviSynth/html/_images/Compiling_plugins_msvc2010_001.jpg,210732,210732,C0387B02,C0387B02,2021-01-11T21:27:07.174723+00:00,2026-09-29T23:36:23.439408+00:00,nur Zeit geändert
Apps/FrameServer/AviSynth/html/_images/Compiling_plugins_msvc2010_002.jpg,65323,65323,31761AEC,31761AEC,2021-01-11T21:27:07.174723+00:00,2026-09-29T23:36:23.445209+00:00,nur Zeit geändert
Apps/FrameServer/AviSynth/html/_images/Compiling_plugins_msvc2010_003.jpg,22526,22526,214C73DA,214C73DA,2021-01-11T21:27:07.174723+00:00,2026-09-29T23:36:23.446027+00:00,nur Zeit geändert
Apps/FrameServer/AviSynth/html/_images/Compiling_plugins_msvc2010_004.jpg,33718,33718,756D6734,756D6734,2021-01-11T21:27:07.174723+00:00,2026-09-29T23:36:23.446998+00:00,nur Zeit geändert
Apps/FrameServer/AviSynth/html/_images/Compiling_plugins_msvc2010_005.jpg,44144,44144,2C02D2A4,2C02D2A4,2021-01-11T21:27:07.190344+00:00,2026-09-29T23:36:23.448195+00:00,nur Zeit geändert
Apps/FrameServer/AviSynth/html/_images/Compiling_plugins_msvc2010_006.jpg,54773,54773,8EAEC88C,8EAEC88C,2021-01-11T21:27:07.190344+00:00,2026-09-29T23:36:23.449566+00:00,nur Zeit geändert
Apps/FrameServer/AviSynth/html/_images/Compiling_plugins_msvc2010_007.jpg,201736,201736,B29A5072,B29A5072,2021-01-11T21:27:07.190344+00:00,2026-09-29T23:36:23.453868+00:00,nur Zeit geändert
Apps/FrameServer/AviSynth/html/_images/Compiling_plugins_msvc2010_008.jpg,79195,79195,D3B34859,D3B34859,2021-01-11T21:27:07.190344+00:00,2026-09-29T23:36:23.455812+00:00,nur Zeit geändert
Apps/FrameServer/AviSynth/html/_images/Compiling_plugins_msvc2010_009.jpg,195200,195200,D965CA7C,D965CA7C,2021-01-11T21:27:07.205963+00:00,2026-09-29T23:36:23.460056+00:00,nur Zeit geändert
Apps/FrameServer/AviSynth/html/_images/Debugging_con_applications_msvc2010_001.jpg,71091,71091,AFD97E50,AFD97E50,2021-01-11T21:27:07.205963+00:00,2026-09-29T23:36:23.461824+00:00,nur Zeit geändert
Apps/FrameServer/AviSynth/html/_images/Debugging_con_applications_msvc2010_002.jpg,13147,13147,73E080A5,73E080A5,2021-01-11T21:27:07.205963+00:00,2026-09-29T23:36:23.462476+00:00,nur Zeit geändert
Apps/FrameServer/AviSynth/html/_images/debugging_plugins1a.png,14946,14946,3767E7CE,3767E7CE,2021-01-11T21:27:07.252828+00:00,2026-09-29T23:36:23.513492+00:00,nur Zeit geändert
Apps/FrameServer/AviSynth/html/_images/debugging_plugins1b.png,33112,33112,E736DDDC,E736DDDC,2021-01-11T21:27:07.252828+00:00,2026-09-29T23:36:23.514806+00:00,nur Zeit geändert
Apps/FrameServer/AviSynth/html/_images/debugging_plugins2.png,8409,8409,AF1A7448,AF1A7448,2021-01-11T21:27:07.252828+00:00,2026-09-29T23:36:23.515590+00:00,nur Zeit geändert
Apps/FrameServer/AviSynth/html/_images/debugging_plugins3.png,8972,8972,14524EF5,14524EF5,2021-01-11T21:27:07.252828+00:00,2026-09-29T23:36:23.516444+00:00,nur Zeit geändert
Apps/FrameServer/AviSynth/html/_images/debugging_plugins4.png,9735,9735,C5CCB3D4,C5CCB3D4,2021-01-11T21:27:07.268449+00:00,2026-09-29T23:36:23.517342+00:00,nur Zeit geändert
Apps/FrameServer/AviSynth/html/_images/debugging_plugins5.png,18032,18032,0749668A,0749668A,2021-01-11T21:27:07.268449+00:00,2026-09-29T23:36:23.518368+00:00,nur Zeit geändert
Apps/FrameServer/AviSynth/html/_images/debugging_plugins6.png,21777,21777,AD42F6BC,AD42F6BC,2021-01-11T21:27:07.268449+00:00,2026-09-29T23:36:23.519452+00:00,nur Zeit geändert
Apps/FrameServer/AviSynth/html/_images/debugging_plugins7.png,16823,16823,A0BB3AAE,A0BB3AAE,2021-01-11T21:27:07.268449+00:00,2026-09-29T23:36:23.520473+00:00,nur Zeit geändert
Apps/FrameServer/AviSynth/html/_images/Debugging_plugins_msvc2010_001.jpg,37868,37868,07D2AA73,07D2AA73,2021-01-11T21:27:07.221584+00:00,2026-09-29T23:36:23.463588+00:00,nur Zeit geändert
Apps/FrameServer/AviSynth/html/_images/Debugging_plugins_msvc2010_002.jpg,52793,52793,78A1C618,78A1C618,2021-01-11T21:27:07.221584+00:00,2026-09-29T23:36:23.464792+00:00,nur Zeit geändert
Apps/FrameServer/AviSynth/html/_images/Debugging_plugins_msvc2010_003.jpg,54394,54394,1EE2B581,1EE2B581,2021-01-11T21:27:07.221584+00:00,2026-09-29T23:36:23.465921+00:00,nur Zeit geändert
Apps/FrameServer/AviSynth/html/_images/Debugging_plugins_msvc2010_004.jpg,20329,20329,2A57E22E,2A57E22E,2021-01-11T21:27:07.221584+00:00,2026-09-29T23:36:23.466620+00:00,nur Zeit geändert
Apps/FrameServer/AviSynth/html/_images/Debugging_plugins_msvc2010_005.jpg,50192,50192,85E3320B,85E3320B,2021-01-11T21:27:07.237208+00:00,2026-09-29T23:36:23.467876+00:00,nur Zeit geändert
Apps/FrameServer/AviSynth/html/_images/directshow_avi.jpg,29647,29647,A88BF1CD,A88BF1CD,2021-01-11T21:27:07.581168+00:00,2026-09-29T23:36:23.521587+00:00,nur Zeit geändert
Apps/FrameServer/AviSynth/html/_images/directshow_avi_aac.jpg,102330,102330,E8B2D3EF,E8B2D3EF,2021-01-11T21:27:07.581168+00:00,2026-09-29T23:36:23.523880+00:00,nur Zeit geändert
Apps/FrameServer/AviSynth/html/_images/directshow_avi_aac2.jpg,45627,45627,827E8AA5,827E8AA5,2021-01-11T21:27:07.581168+00:00,2026-09-29T23:36:23.525297+00:00,nur Zeit geändert
Apps/FrameServer/AviSynth/html/_images/directshow_avi_aac3.jpg,29931,29931,EA53BB69,EA53BB69,2021-01-11T21:27:07.581168+00:00,2026-09-29T23:36:23.531408+00:00,nur Zeit geändert
Apps/FrameServer/AviSynth/html/_images/directshow_avi_aac4.jpg,24304,24304,7A1968BA,7A1968BA,2021-01-11T21:27:07.596801+00:00,2026-09-29T23:36:23.535408+00:00,nur Zeit geändert
Apps/FrameServer/AviSynth/html/_images/directshow_avi_aac5.jpg,69479,69479,E71B7147,E71B7147,2021-01-11T21:27:07.596801+00:00,2026-09-29T23:36:23.540028+00:00,nur Zeit geändert
Apps/FrameServer/AviSynth/html/_images/directshow_avi_aac6.jpg,33503,33503,4D5A7613,4D5A7613,2021-01-11T21:27:07.596801+00:00,2026-09-29T23:36:23.541096+00:00,nur Zeit geändert
Apps/FrameServer/AviSynth/html/_images/ffdshow_avi_aac.jpg,55371,55371,A3502716,A3502716,2021-01-11T21:27:07.596801+00:00,2026-09-29T23:36:23.542744+00:00,nur Zeit geändert
Apps/FrameServer/AviSynth/html/_images/ffdshow_avisynth.jpg,111276,111276,6725C761,6725C761,2021-01-11T21:27:07.596801+00:00,2026-09-29T23:36:23.543408+00:00,nur Zeit geändert
Apps/FrameServer/AviSynth/html/_images/ffdshow_avisynth2.jpg,106486,106486,EBA9F49E,EBA9F49E,2021-01-11T21:27:07.612409+00:00,2026-09-29T23:36:23.548844+00:00,nur Zeit geändert
Apps/FrameServer/AviSynth/html/_images/ffdshow_m2p.jpg,69964,69964,DDFF80A1,DDFF80A1,2021-01-11T21:27:07.612409+00:00,2026-09-29T23:36:23.550841+00:00,nur Zeit geändert
Apps/FrameServer/AviSynth/html/_images/filtermanager_ac3.jpg,36169,36169,A4EBE03E,A4EBE03E,2021-01-11T21:27:07.612409+00:00,2026-09-29T23:36:23.552107+00:00,nur Zeit geändert
Apps/FrameServer/AviSynth/html/_images/fixluminance-colorbars.png,1353,1353,94BD74B0,94BD74B0,2023-12-16T05:40:23.617793+00:00,2026-09-29T23:36:23.552814+00:00,nur Zeit geändert
Apps/FrameServer/AviSynth/html/_images/fixluminance-ramp.png,466,466,DE670A9D,DE670A9D,2023-12-16T05:40:23.629062+00:00,2026-09-29T23:36:23.553512+00:00,nur Zeit geändert
Apps/FrameServer/AviSynth/html/_images/git_commit.png,45226,45226,592A7D55,592A7D55,2021-01-11T21:27:07.659275+00:00,2026-09-29T23:36:23.556057+00:00,nur Zeit geändert
Apps/FrameServer/AviSynth/html/_images/git_status.png,21478,21478,D30B0F3C,D30B0F3C,2021-01-11T21:27:07.659275+00:00,2026-09-29T23:36:23.557636+00:00,nur Zeit geändert
Apps/FrameServer/AviSynth/html/_images/git_status2.png,36824,36824,33A8236B,33A8236B,2021-01-11T21:27:07.659275+00:00,2026-09-29T23:36:23.559017+00:00,nur Zeit geändert
Apps/FrameServer/AviSynth/html/_images/github-fork.png,19397,19397,5F5C45F4,5F5C45F4,2021-01-11T21:27:07.674894+00:00,2026-09-29T23:36:23.560011+00:00,nur Zeit geändert
Apps/FrameServer/AviSynth/html/_images/goodchroma.jpg,28685,28685,57053271,57053271,2021-01-11T21:27:07.612409+00:00,2026-09-29T23:36:23.561486+00:00,nur Zeit geändert
Apps/FrameServer/AviSynth/html/_images/goodchroma2.jpg,50414,50414,C9DFDC59,C9DFDC59,2021-01-11T21:27:07.628030+00:00,2026-09-29T23:36:23.563273+00:00,nur Zeit geändert
Apps/FrameServer/AviSynth/html/_images/histogram-audiolevels.png,1288,1288,A5B836B4,A5B836B4,2023-12-16T05:40:23.633049+00:00,2026-09-29T23:36:23.563961+00:00,nur Zeit geändert
Apps/FrameServer/AviSynth/html/_images/histogram-classic.png,16766,16766,12E137CB,12E137CB,2023-12-16T05:40:23.638008+00:00,2026-09-29T23:36:23.565004+00:00,nur Zeit geändert
Apps/FrameServer/AviSynth/html/_images/histogram-color-labeled.png,5178,5178,BD056EC6,BD056EC6,2023-12-16T05:40:23.642019+00:00,2026-09-29T23:36:23.565998+00:00,nur Zeit geändert
Apps/FrameServer/AviSynth/html/_images/histogram-color.png,15709,15709,B1208CE5,B1208CE5,2023-12-16T05:40:23.646011+00:00,2026-09-29T23:36:23.566876+00:00,nur Zeit geändert
Apps/FrameServer/AviSynth/html/_images/histogram-color2-labeled.png,7976,7976,D1861705,D1861705,2023-12-16T05:40:23.650808+00:00,2026-09-29T23:36:23.567571+00:00,nur Zeit geändert
Apps/FrameServer/AviSynth/html/_images/histogram-color2.png,29033,29033,46AE4FF4,46AE4FF4,2023-12-16T05:40:23.654819+00:00,2026-09-29T23:36:23.568897+00:00,nur Zeit geändert
Apps/FrameServer/AviSynth/html/_images/histogram-levels-rgb.png,2882,2882,4840CCAB,4840CCAB,2023-12-16T05:40:23.659784+00:00,2026-09-29T23:36:23.569664+00:00,nur Zeit geändert
Apps/FrameServer/AviSynth/html/_images/histogram-levels-yuv.png,2922,2922,6A0B0A5B,6A0B0A5B,2023-12-16T05:40:23.664177+00:00,2026-09-29T23:36:23.570273+00:00,nur Zeit geändert
Apps/FrameServer/AviSynth/html/_images/histogram-stereo.png,4788,4788,1EAD395D,1EAD395D,2023-12-16T05:40:23.668164+00:00,2026-09-29T23:36:23.570952+00:00,nur Zeit geändert
Apps/FrameServer/AviSynth/html/_images/histogram_modeluma-crop.jpg,23954,23954,C113E5F9,C113E5F9,2023-12-16T05:40:23.672155+00:00,2026-09-29T23:36:23.571998+00:00,nur Zeit geändert
Apps/FrameServer/AviSynth/html/_images/Layer-base-Lena.png,40317,40317,1C7BF6F5,1C7BF6F5,2025-02-27T18:44:39.945342+00:00,2026-09-29T23:36:23.469108+00:00,nur Zeit geändert
Apps/FrameServer/AviSynth/html/_images/Layer-example-add.png,34338,34338,3943C5FC,3943C5FC,2025-02-27T18:44:39.960968+00:00,2026-09-29T23:36:23.469464+00:00,nur Zeit geändert
Apps/FrameServer/AviSynth/html/_images/Layer-example-dark.png,37590,37590,3F8E8D72,3F8E8D72,2025-02-27T18:44:39.960968+00:00,2026-09-29T23:36:23.475406+00:00,nur Zeit geändert
Apps/FrameServer/AviSynth/html/_images/Layer-example-lite.png,40190,40190,5BF394A0,5BF394A0,2025-02-27T18:44:39.976616+00:00,2026-09-29T23:36:23.480644+00:00,nur Zeit geändert
Apps/FrameServer/AviSynth/html/_images/Layer-example-mul-rgb.png,36834,36834,0E62C0E2,0E62C0E2,2025-02-27T18:44:39.976616+00:00,2026-09-29T23:36:23.481012+00:00,nur Zeit geändert
Apps/FrameServer/AviSynth/html/_images/Layer-example-sub.png,35871,35871,F01064F3,F01064F3,2025-02-27T18:44:39.976616+00:00,2026-09-29T23:36:23.481369+00:00,nur Zeit geändert
Apps/FrameServer/AviSynth/html/_images/Layer-over-grad.png,3005,3005,DE564F47,DE564F47,2025-02-27T18:44:39.992241+00:00,2026-09-29T23:36:23.481697+00:00,nur Zeit geändert
Apps/FrameServer/AviSynth/html/_images/maskhs-mask.png,4696,4696,C2FF51FA,C2FF51FA,2023-12-16T05:40:23.676145+00:00,2026-09-29T23:36:23.572771+00:00,nur Zeit geändert
Apps/FrameServer/AviSynth/html/_images/maskhs-table.png,11733,11733,D19F40CE,D19F40CE,2023-12-16T05:40:23.681131+00:00,2026-09-29T23:36:23.573574+00:00,nur Zeit geändert
Apps/FrameServer/AviSynth/html/_images/messageclip-versionstring.png,2215,2215,04602805,04602805,2023-12-16T05:40:23.685123+00:00,2026-09-29T23:36:23.574241+00:00,nur Zeit geändert
Apps/FrameServer/AviSynth/html/_images/normalize-show.png,16389,16389,3E3604CA,3E3604CA,2023-12-16T05:40:23.690107+00:00,2026-09-29T23:36:23.575201+00:00,nur Zeit geändert
Apps/FrameServer/AviSynth/html/_images/nvidia_control_panel.jpg,44391,44391,61364AA9,61364AA9,2021-01-11T21:27:07.628030+00:00,2026-09-29T23:36:23.576790+00:00,nur Zeit geändert
Apps/FrameServer/AviSynth/html/_images/Overlay-example-add.png,34258,34258,D4B497EF,D4B497EF,2025-04-02T18:27:20.339926+00:00,2026-09-29T23:36:23.482035+00:00,nur Zeit geändert
Apps/FrameServer/AviSynth/html/_images/Overlay-example-blend.png,33734,33734,F526FBDA,F526FBDA,2025-04-02T18:27:20.355552+00:00,2026-09-29T23:36:23.482376+00:00,nur Zeit geändert
Apps/FrameServer/AviSynth/html/_images/Overlay-example-chroma.png,28644,28644,7BB7C37B,7BB7C37B,2025-04-02T18:27:20.355552+00:00,2026-09-29T23:36:23.482702+00:00,nur Zeit geändert
Apps/FrameServer/AviSynth/html/_images/Overlay-example-darken.png,20462,20462,538669BC,538669BC,2025-04-02T18:27:20.355552+00:00,2026-09-29T23:36:23.483014+00:00,nur Zeit geändert
Apps/FrameServer/AviSynth/html/_images/Overlay-example-difference.png,33580,33580,F0C4569D,F0C4569D,2025-04-02T18:27:20.371179+00:00,2026-09-29T23:36:23.483379+00:00,nur Zeit geändert
Apps/FrameServer/AviSynth/html/_images/Overlay-example-exclusion.png,35998,35998,F44F1D89,F44F1D89,2025-04-02T18:27:20.371179+00:00,2026-09-29T23:36:23.483708+00:00,nur Zeit geändert
Apps/FrameServer/AviSynth/html/_images/Overlay-example-hardlight.png,19746,19746,A49FD105,A49FD105,2025-04-02T18:27:20.386804+00:00,2026-09-29T23:36:23.484004+00:00,nur Zeit geändert
Apps/FrameServer/AviSynth/html/_images/Overlay-example-lighten.png,33590,33590,79136219,79136219,2025-04-02T18:27:20.386804+00:00,2026-09-29T23:36:23.484331+00:00,nur Zeit geändert
Apps/FrameServer/AviSynth/html/_images/Overlay-example-luma.png,25343,25343,24EC6577,24EC6577,2025-04-02T18:27:20.386804+00:00,2026-09-29T23:36:23.491408+00:00,nur Zeit geändert
Apps/FrameServer/AviSynth/html/_images/Overlay-example-multiply.png,36282,36282,EA0B2EC8,EA0B2EC8,2025-04-02T18:27:20.402454+00:00,2026-09-29T23:36:23.497822+00:00,nur Zeit geändert
Apps/FrameServer/AviSynth/html/_images/Overlay-example-softlight.png,30507,30507,E9A96DF7,E9A96DF7,2025-04-02T18:27:20.402454+00:00,2026-09-29T23:36:23.498537+00:00,nur Zeit geändert
Apps/FrameServer/AviSynth/html/_images/Overlay-example-subtract.png,31767,31767,F1F429F9,F1F429F9,2025-04-02T18:27:20.402454+00:00,2026-09-29T23:36:23.499137+00:00,nur Zeit geändert
Apps/FrameServer/AviSynth/html/_images/overlay_blue.jpg,22630,22630,798C0B05,798C0B05,2021-01-11T21:27:07.971700+00:00,2026-09-29T23:36:23.577739+00:00,nur Zeit geändert
Apps/FrameServer/AviSynth/html/_images/overlay_dot.png,1152,1152,A7728D80,A7728D80,2021-01-11T21:27:07.971700+00:00,2026-09-29T23:36:23.578400+00:00,nur Zeit geändert
Apps/FrameServer/AviSynth/html/_images/overlay_dot2.png,2455,2455,7DF00169,7DF00169,2021-01-11T21:27:07.971700+00:00,2026-09-29T23:36:23.578889+00:00,nur Zeit geändert
Apps/FrameServer/AviSynth/html/_images/overlay_subs.png,7612,7612,983B6FCD,983B6FCD,2021-01-11T21:27:07.971700+00:00,2026-09-29T23:36:23.579603+00:00,nur Zeit geändert
Apps/FrameServer/AviSynth/html/_images/pullrequest.png,34723,34723,73001D74,73001D74,2021-01-11T21:27:07.674894+00:00,2026-09-29T23:36:23.580940+00:00,nur Zeit geändert
Apps/FrameServer/AviSynth/html/_images/resize-sintel-6291-shift.jpg,24769,24769,940B96CB,940B96CB,2023-12-16T05:40:23.694118+00:00,2026-09-29T23:36:23.582168+00:00,nur Zeit geändert
Apps/FrameServer/AviSynth/html/_images/resize-sintel-6291.jpg,29417,29417,59F17A29,59F17A29,2023-12-16T05:40:23.699083+00:00,2026-09-29T23:36:23.583657+00:00,nur Zeit geändert
Apps/FrameServer/AviSynth/html/_images/segmentedavisource-img1.png,3721,3721,FDF175A0,FDF175A0,2023-12-16T05:40:23.704088+00:00,2026-09-29T23:36:23.584366+00:00,nur Zeit geändert
Apps/FrameServer/AviSynth/html/_images/showframenumber-sintel-4592.jpg,48267,48267,7AF6006B,7AF6006B,2023-12-16T05:40:23.709059+00:00,2026-09-29T23:36:23.585916+00:00,nur Zeit geändert
Apps/FrameServer/AviSynth/html/_images/showsmpte-sintel-4592.jpg,35534,35534,0C535E87,0C535E87,2023-12-16T05:40:23.713072+00:00,2026-09-29T23:36:23.587369+00:00,nur Zeit geändert
Apps/FrameServer/AviSynth/html/_images/showtime-sintel-4592.jpg,35901,35901,447352BC,447352BC,2023-12-16T05:40:23.717062+00:00,2026-09-29T23:36:23.588676+00:00,nur Zeit geändert
Apps/FrameServer/AviSynth/html/_images/sig.gif,1325,1325,CEA3D01B,CEA3D01B,2021-01-11T21:27:07.440574+00:00,2026-09-29T23:36:23.589409+00:00,nur Zeit geändert
Apps/FrameServer/AviSynth/html/_images/skewrows_after.png,4557,4557,646E333A,646E333A,2021-01-11T21:27:07.971700+00:00,2026-09-29T23:36:23.590008+00:00,nur Zeit geändert
Apps/FrameServer/AviSynth/html/_images/skewrows_before.png,4263,4263,DE995635,DE995635,2021-01-11T21:27:07.987320+00:00,2026-09-29T23:36:23.590745+00:00,nur Zeit geändert
Apps/FrameServer/AviSynth/html/_images/subtitle-align-chart.png,2287,2287,478AEFC6,478AEFC6,2023-12-16T05:40:23.722265+00:00,2026-09-29T23:36:23.591328+00:00,nur Zeit geändert
Apps/FrameServer/AviSynth/html/_images/subtitle-align-demo.png,8511,8511,81E3F772,81E3F772,2023-12-16T05:40:23.727280+00:00,2026-09-29T23:36:23.592112+00:00,nur Zeit geändert
Apps/FrameServer/AviSynth/html/_images/supereq-loudness-586x512.png,12834,12834,9F48140C,9F48140C,2023-12-16T05:40:23.731243+00:00,2026-09-29T23:36:23.592832+00:00,nur Zeit geändert
Apps/FrameServer/AviSynth/html/_images/supereq-midboost-586x510.png,12497,12497,E2B39BA4,E2B39BA4,2023-12-16T05:40:23.735252+00:00,2026-09-29T23:36:23.593670+00:00,nur Zeit geändert
Apps/FrameServer/AviSynth/html/_images/swap-peppers-uv.jpg,22173,22173,866C3FD8,866C3FD8,2023-12-16T05:40:23.740144+00:00,2026-09-29T23:36:23.594708+00:00,nur Zeit geändert
Apps/FrameServer/AviSynth/html/_images/swap-peppers.jpg,77080,77080,1443C794,1443C794,2023-12-16T05:40:23.744168+00:00,2026-09-29T23:36:23.603409+00:00,nur Zeit geändert
Apps/FrameServer/AviSynth/html/_images/tone.png,17733,17733,56057A2F,56057A2F,2023-12-16T05:40:23.748152+00:00,2026-09-29T23:36:23.609529+00:00,nur Zeit geändert
Apps/FrameServer/AviSynth/html/_images/tweak_bright20.jpg,19927,19927,C01206F5,C01206F5,2021-01-11T21:27:07.987320+00:00,2026-09-29T23:36:23.610555+00:00,nur Zeit geändert
Apps/FrameServer/AviSynth/html/_images/tweak_bright20_cont12.jpg,22159,22159,A2EBFCC1,A2EBFCC1,2021-01-11T21:27:07.987320+00:00,2026-09-29T23:36:23.611723+00:00,nur Zeit geändert
Apps/FrameServer/AviSynth/html/_images/tweak_hue105-138.jpg,27606,27606,FD355323,FD355323,2021-01-11T21:27:07.987320+00:00,2026-09-29T23:36:23.612896+00:00,nur Zeit geändert
Apps/FrameServer/AviSynth/html/_images/tweak_hue105-138_sat075.jpg,27562,27562,7E8A8C20,7E8A8C20,2021-01-11T21:27:08.002940+00:00,2026-09-29T23:36:23.614177+00:00,nur Zeit geändert
Apps/FrameServer/AviSynth/html/_images/tweak_original.jpg,19993,19993,6936A4EB,6936A4EB,2021-01-11T21:27:08.002940+00:00,2026-09-29T23:36:23.615123+00:00,nur Zeit geändert
Apps/FrameServer/AviSynth/html/_images/tweak_original2.jpg,27699,27699,AC08EC75,AC08EC75,2021-01-11T21:27:08.002940+00:00,2026-09-29T23:36:23.616230+00:00,nur Zeit geändert
Apps/FrameServer/AviSynth/html/_images/tweak_original2_plus_hist.jpg,65115,65115,1444722C,1444722C,2023-12-16T05:40:23.753112+00:00,2026-09-29T23:36:23.618188+00:00,nur Zeit geändert
Apps/FrameServer/AviSynth/html/_images/tweak_sat075.jpg,27332,27332,74675527,74675527,2021-01-11T21:27:08.002940+00:00,2026-09-29T23:36:23.619430+00:00,nur Zeit geändert
Apps/FrameServer/AviSynth/html/_images/tweak_sat70-50.jpg,27730,27730,1997F98B,1997F98B,2021-01-11T21:27:08.018564+00:00,2026-09-29T23:36:23.620392+00:00,nur Zeit geändert
Apps/FrameServer/AviSynth/html/_images/tweak_sat70-50_sat075.jpg,27272,27272,7D658602,7D658602,2021-01-11T21:27:08.018564+00:00,2026-09-29T23:36:23.621438+00:00,nur Zeit geändert
Apps/FrameServer/AviSynth/html/_images/userdefined2_b_c.png,11950,11950,A0308CE3,A0308CE3,2025-04-02T18:27:20.589952+00:00,2026-09-29T23:36:23.623329+00:00,nur Zeit geändert
Apps/FrameServer/AviSynth/html/_images/version-3.7.1.png,11465,11465,9CA2F285,9CA2F285,2023-12-16T05:40:23.757121+00:00,2026-09-29T23:36:23.624273+00:00,nur Zeit geändert
Apps/FrameServer/AviSynth/html/_sources/avisynthdoc/advancedtopics.rst.txt,5172,5172,62E0452F,62E0452F,2021-01-11T21:27:07.440574+00:00,2026-09-29T23:36:23.667232+00:00,nur Zeit geändert
Apps/FrameServer/AviSynth/html/_sources/avisynthdoc/advancedtopics/color_conversions.rst.txt,2139,2139,8E6BEE64,8E6BEE64,2021-01-11T21:27:07.518768+00:00,2026-09-29T23:36:23.661923+00:00,nur Zeit geändert
Apps/FrameServer/AviSynth/html/_sources/avisynthdoc/advancedtopics/colorimetry.rst.txt,14675,14675,0E5F8D01,0E5F8D01,2025-02-27T18:44:39.804742+00:00,2026-09-29T23:36:23.662739+00:00,nur Zeit geändert
Apps/FrameServer/AviSynth/html/_sources/avisynthdoc/advancedtopics/hybrid_video.rst.txt,21382,21382,C83A0DF9,C83A0DF9,2025-02-27T18:44:39.820342+00:00,2026-09-29T23:36:23.663467+00:00,nur Zeit geändert
Apps/FrameServer/AviSynth/html/_sources/avisynthdoc/advancedtopics/importing_media.rst.txt,25832,25832,69F11A31,69F11A31,2021-10-10T01:48:34.969771+00:00,2026-09-29T23:36:23.664451+00:00,nur Zeit geändert
Apps/FrameServer/AviSynth/html/_sources/avisynthdoc/advancedtopics/interlaced_fieldbased.rst.txt,10906,10906,D3D6D406,D3D6D406,2021-01-11T21:27:07.534304+00:00,2026-09-29T23:36:23.665172+00:00,nur Zeit geändert
Apps/FrameServer/AviSynth/html/_sources/avisynthdoc/advancedtopics/luminance_levels.rst.txt,8763,8763,015E9640,015E9640,2021-10-10T01:48:34.969771+00:00,2026-09-29T23:36:23.665817+00:00,nur Zeit geändert
Apps/FrameServer/AviSynth/html/_sources/avisynthdoc/advancedtopics/sampling.rst.txt,31496,31496,5FB41A7F,5FB41A7F,2021-10-10T01:48:34.979763+00:00,2026-09-29T23:36:23.666680+00:00,nur Zeit geändert
Apps/FrameServer/AviSynth/html/_sources/avisynthdoc/avisynthplus.rst.txt,963,963,A759765F,A759765F,2021-12-31T22:39:08.982048+00:00,2026-09-29T23:36:23.667841+00:00,nur Zeit geändert
Apps/FrameServer/AviSynth/html/_sources/avisynthdoc/changelist.rst.txt,54023,54023,55645C22,55645C22,2021-01-11T21:27:07.628030+00:00,2026-09-29T23:36:23.668897+00:00,nur Zeit geändert
Apps/FrameServer/AviSynth/html/_sources/avisynthdoc/changelist26.rst.txt,14449,14449,FC38EB1F,FC38EB1F,2025-02-27T18:44:39.820342+00:00,2026-09-29T23:36:23.669740+00:00,nur Zeit geändert
Apps/FrameServer/AviSynth/html/_sources/avisynthdoc/changelist34.rst.txt,656,656,70A6C63D,70A6C63D,2025-02-27T18:44:39.835993+00:00,2026-09-29T23:36:23.670278+00:00,nur Zeit geändert
Apps/FrameServer/AviSynth/html/_sources/avisynthdoc/changelist34pre.rst.txt,75917,75917,C510D281,C510D281,2025-02-27T18:44:39.835993+00:00,2026-09-29T23:36:23.671579+00:00,nur Zeit geändert
Apps/FrameServer/AviSynth/html/_sources/avisynthdoc/changelist35.rst.txt,2671,2671,4EC891B2,4EC891B2,2025-02-27T18:44:39.851616+00:00,2026-09-29T23:36:23.672256+00:00,nur Zeit geändert
Apps/FrameServer/AviSynth/html/_sources/avisynthdoc/changelist36.rst.txt,3366,3366,9227B9C5,9227B9C5,2025-02-27T18:44:39.851616+00:00,2026-09-29T23:36:23.672851+00:00,nur Zeit geändert
Apps/FrameServer/AviSynth/html/_sources/avisynthdoc/changelist37.rst.txt,4207,4207,B24348E6,B24348E6,2025-02-27T18:44:39.867244+00:00,2026-09-29T23:36:23.673369+00:00,nur Zeit geändert
Apps/FrameServer/AviSynth/html/_sources/avisynthdoc/changelist371.rst.txt,10514,10514,C5702533,C5702533,2025-02-27T18:44:39.867244+00:00,2026-09-29T23:36:23.673977+00:00,nur Zeit geändert
Apps/FrameServer/AviSynth/html/_sources/avisynthdoc/changelist372.rst.txt,4560,4560,198EE7C7,198EE7C7,2025-02-27T18:44:39.867244+00:00,2026-09-29T23:36:23.674529+00:00,nur Zeit geändert
Apps/FrameServer/AviSynth/html/_sources/avisynthdoc/changelist373.rst.txt,8827,8827,F03AABDF,F03AABDF,2025-02-27T18:44:39.882843+00:00,2026-09-29T23:36:23.675264+00:00,nur Zeit geändert
Apps/FrameServer/AviSynth/html/_sources/avisynthdoc/changelist374.rst.txt,16721,16721,031C2D59,031C2D59,2025-04-02T18:27:19.933560+00:00,2026-09-29T23:36:23.675899+00:00,nur Zeit geändert
Apps/FrameServer/AviSynth/html/_sources/avisynthdoc/changelist375.rst.txt,1050,1050,028BD103,028BD103,2025-04-21T01:22:37.058088+00:00,2026-09-29T23:36:23.676486+00:00,nur Zeit geändert
Apps/FrameServer/AviSynth/html/_sources/avisynthdoc/contributing/avsplus_external_deps_guide_manual.rst.txt,35713,35713,2654151E,2654151E,2025-04-02T18:27:19.933560+00:00,2026-09-29T23:36:23.677291+00:00,nur Zeit geändert
Apps/FrameServer/AviSynth/html/_sources/avisynthdoc/contributing/avsplus_external_deps_guide_manual_arm.rst.txt,26752,26752,D4D8B7E4,D4D8B7E4,2025-04-02T18:27:19.949184+00:00,2026-09-29T23:36:23.678052+00:00,nur Zeit geändert
Apps/FrameServer/AviSynth/html/_sources/avisynthdoc/contributing/compiling_avsplus.rst.txt,26238,26238,BE1A45F7,BE1A45F7,2025-02-27T18:44:39.914115+00:00,2026-09-29T23:36:23.678737+00:00,nur Zeit geändert
Apps/FrameServer/AviSynth/html/_sources/avisynthdoc/contributing/contributing_with_git.rst.txt,10809,10809,515325C0,515325C0,2022-03-18T02:13:06.698451+00:00,2026-09-29T23:36:23.679435+00:00,nur Zeit geändert
Apps/FrameServer/AviSynth/html/_sources/avisynthdoc/contributing/posix.rst.txt,10052,10052,48197661,48197661,2025-04-21T01:22:37.073713+00:00,2026-09-29T23:36:23.680004+00:00,nur Zeit geändert
Apps/FrameServer/AviSynth/html/_sources/avisynthdoc/corefilters.rst.txt,17504,17504,F83B9B56,F83B9B56,2023-12-16T05:40:23.272728+00:00,2026-09-29T23:36:23.744814+00:00,nur Zeit geändert
Apps/FrameServer/AviSynth/html/_sources/avisynthdoc/corefilters/addborders.rst.txt,9531,9531,B0D64F40,B0D64F40,2025-04-02T18:27:19.980435+00:00,2026-09-29T23:36:23.680800+00:00,nur Zeit geändert
Apps/FrameServer/AviSynth/html/_sources/avisynthdoc/corefilters/adjust.rst.txt,3100,3100,42AD91E4,42AD91E4,2025-02-27T18:44:39.929748+00:00,2026-09-29T23:36:23.681326+00:00,nur Zeit geändert
Apps/FrameServer/AviSynth/html/_sources/avisynthdoc/corefilters/amplify.rst.txt,3587,3587,B6088472,B6088472,2023-12-16T05:40:23.284699+00:00,2026-09-29T23:36:23.681940+00:00,nur Zeit geändert
Apps/FrameServer/AviSynth/html/_sources/avisynthdoc/corefilters/animate.rst.txt,10894,10894,BE2327F2,BE2327F2,2025-04-02T18:27:19.996057+00:00,2026-09-29T23:36:23.682523+00:00,nur Zeit geändert
Apps/FrameServer/AviSynth/html/_sources/avisynthdoc/corefilters/assumerate.rst.txt,1981,1981,B07AF956,B07AF956,2023-12-16T05:40:23.297689+00:00,2026-09-29T23:36:23.683108+00:00,nur Zeit geändert
Apps/FrameServer/AviSynth/html/_sources/avisynthdoc/corefilters/audiodub.rst.txt,1661,1661,9C7B2D3E,9C7B2D3E,2023-12-16T05:40:23.303646+00:00,2026-09-29T23:36:23.683585+00:00,nur Zeit geändert
Apps/FrameServer/AviSynth/html/_sources/avisynthdoc/corefilters/avisource.rst.txt,13102,13102,33E5BDA3,33E5BDA3,2023-12-16T05:40:23.308633+00:00,2026-09-29T23:36:23.684246+00:00,nur Zeit geändert
Apps/FrameServer/AviSynth/html/_sources/avisynthdoc/corefilters/blankclip.rst.txt,10349,10349,2286DB54,2286DB54,2023-12-16T05:40:23.317609+00:00,2026-09-29T23:36:23.684785+00:00,nur Zeit geändert
Apps/FrameServer/AviSynth/html/_sources/avisynthdoc/corefilters/blur.rst.txt,4762,4762,E39F2A15,E39F2A15,2025-04-02T18:27:20.027334+00:00,2026-09-29T23:36:23.685480+00:00,nur Zeit geändert
Apps/FrameServer/AviSynth/html/_sources/avisynthdoc/corefilters/bob.rst.txt,4376,4376,8512F6D4,8512F6D4,2023-12-16T05:40:23.328601+00:00,2026-09-29T23:36:23.686019+00:00,nur Zeit geändert
Apps/FrameServer/AviSynth/html/_sources/avisynthdoc/corefilters/colorbars.rst.txt,16568,16568,C9355D18,C9355D18,2023-12-16T05:40:23.334568+00:00,2026-09-29T23:36:23.686699+00:00,nur Zeit geändert
Apps/FrameServer/AviSynth/html/_sources/avisynthdoc/corefilters/coloryuv.rst.txt,6616,6616,9D3E1733,9D3E1733,2021-01-11T21:27:07.737380+00:00,2026-09-29T23:36:23.687252+00:00,nur Zeit geändert
Apps/FrameServer/AviSynth/html/_sources/avisynthdoc/corefilters/combineplanes.rst.txt,5874,5874,DE7752A3,DE7752A3,2023-12-16T05:40:23.340574+00:00,2026-09-29T23:36:23.687854+00:00,nur Zeit geändert
Apps/FrameServer/AviSynth/html/_sources/avisynthdoc/corefilters/compare.rst.txt,3715,3715,0726FAFA,0726FAFA,2023-12-16T05:40:23.347556+00:00,2026-09-29T23:36:23.688377+00:00,nur Zeit geändert
Apps/FrameServer/AviSynth/html/_sources/avisynthdoc/corefilters/conditionalfilter.rst.txt,33635,33635,E8383314,E8383314,2024-02-04T20:00:53.516027+00:00,2026-09-29T23:36:23.689219+00:00,nur Zeit geändert
Apps/FrameServer/AviSynth/html/_sources/avisynthdoc/corefilters/conditionalreader.rst.txt,10666,10666,143690CB,143690CB,2024-01-19T18:33:18.289467+00:00,2026-09-29T23:36:23.689800+00:00,nur Zeit geändert
Apps/FrameServer/AviSynth/html/_sources/avisynthdoc/corefilters/convert.rst.txt,21146,21146,FF748823,FF748823,2025-01-12T19:38:58.936622+00:00,2026-09-29T23:36:23.690702+00:00,nur Zeit geändert
Apps/FrameServer/AviSynth/html/_sources/avisynthdoc/corefilters/convertaudio.rst.txt,1871,1871,60E08880,60E08880,2023-12-16T05:40:23.361518+00:00,2026-09-29T23:36:23.691232+00:00,nur Zeit geändert
Apps/FrameServer/AviSynth/html/_sources/avisynthdoc/corefilters/convertbits.rst.txt,5719,5719,8943F44A,8943F44A,2025-01-12T19:38:58.944627+00:00,2026-09-29T23:36:23.691864+00:00,nur Zeit geändert
Apps/FrameServer/AviSynth/html/_sources/avisynthdoc/corefilters/convertstacked.rst.txt,5849,5849,37CAB2C7,37CAB2C7,2023-12-16T05:40:23.366504+00:00,2026-09-29T23:36:23.692609+00:00,nur Zeit geändert
Apps/FrameServer/AviSynth/html/_sources/avisynthdoc/corefilters/converttomono.rst.txt,524,524,A1D9F9A7,A1D9F9A7,2023-12-16T05:40:23.372496+00:00,2026-09-29T23:36:23.693240+00:00,nur Zeit geändert
Apps/FrameServer/AviSynth/html/_sources/avisynthdoc/corefilters/convolution.rst.txt,5728,5728,3FBEF665,3FBEF665,2023-12-16T05:40:23.377449+00:00,2026-09-29T23:36:23.693750+00:00,nur Zeit geändert
Apps/FrameServer/AviSynth/html/_sources/avisynthdoc/corefilters/crop.rst.txt,7383,7383,FB026A80,FB026A80,2023-12-16T05:40:23.383432+00:00,2026-09-29T23:36:23.694478+00:00,nur Zeit geändert
Apps/FrameServer/AviSynth/html/_sources/avisynthdoc/corefilters/delayaudio.rst.txt,1049,1049,48A6027A,48A6027A,2023-12-16T05:40:23.388446+00:00,2026-09-29T23:36:23.695043+00:00,nur Zeit geändert
Apps/FrameServer/AviSynth/html/_sources/avisynthdoc/corefilters/deleteframe.rst.txt,1352,1352,DFF9083B,DFF9083B,2023-12-16T05:40:23.394403+00:00,2026-09-29T23:36:23.695833+00:00,nur Zeit geändert
Apps/FrameServer/AviSynth/html/_sources/avisynthdoc/corefilters/directshowsource.rst.txt,20313,20313,E59EF056,E59EF056,2023-12-16T05:40:23.399395+00:00,2026-09-29T23:36:23.696534+00:00,nur Zeit geändert
Apps/FrameServer/AviSynth/html/_sources/avisynthdoc/corefilters/dissolve.rst.txt,2177,2177,C4A862DE,C4A862DE,2023-12-16T05:40:23.405403+00:00,2026-09-29T23:36:23.697177+00:00,nur Zeit geändert
Apps/FrameServer/AviSynth/html/_sources/avisynthdoc/corefilters/doubleweave.rst.txt,1712,1712,4CBECA5D,4CBECA5D,2021-01-11T21:27:07.784244+00:00,2026-09-29T23:36:23.697656+00:00,nur Zeit geändert
Apps/FrameServer/AviSynth/html/_sources/avisynthdoc/corefilters/duplicateframe.rst.txt,1195,1195,EA7410C6,EA7410C6,2023-12-16T05:40:23.410384+00:00,2026-09-29T23:36:23.698286+00:00,nur Zeit geändert
Apps/FrameServer/AviSynth/html/_sources/avisynthdoc/corefilters/echo.rst.txt,1102,1102,118167A0,118167A0,2023-12-16T05:40:23.415376+00:00,2026-09-29T23:36:23.698792+00:00,nur Zeit geändert
Apps/FrameServer/AviSynth/html/_sources/avisynthdoc/corefilters/ensuresync.rst.txt,765,765,29D5D194,29D5D194,2023-12-16T05:40:23.420360+00:00,2026-09-29T23:36:23.699412+00:00,nur Zeit geändert
Apps/FrameServer/AviSynth/html/_sources/avisynthdoc/corefilters/expr.rst.txt,30177,30177,6F71ACD1,6F71ACD1,2025-04-02T18:27:20.152307+00:00,2026-09-29T23:36:23.700275+00:00,nur Zeit geändert
Apps/FrameServer/AviSynth/html/_sources/avisynthdoc/corefilters/extract.rst.txt,3135,3135,41C392C3,41C392C3,2023-12-16T05:40:23.435596+00:00,2026-09-29T23:36:23.700913+00:00,nur Zeit geändert
Apps/FrameServer/AviSynth/html/_sources/avisynthdoc/corefilters/fade.rst.txt,5333,5333,ECE67591,ECE67591,2023-12-16T05:40:23.441584+00:00,2026-09-29T23:36:23.701446+00:00,nur Zeit geändert
Apps/FrameServer/AviSynth/html/_sources/avisynthdoc/corefilters/fixbrokenchromaupsampling.rst.txt,1799,1799,BF87CF11,BF87CF11,2023-12-16T05:40:23.446592+00:00,2026-09-29T23:36:23.702091+00:00,nur Zeit geändert
Apps/FrameServer/AviSynth/html/_sources/avisynthdoc/corefilters/fixluminance.rst.txt,1700,1700,73D0DF73,73D0DF73,2023-12-16T05:40:23.452568+00:00,2026-09-29T23:36:23.702579+00:00,nur Zeit geändert
Apps/FrameServer/AviSynth/html/_sources/avisynthdoc/corefilters/flip.rst.txt,1288,1288,85F18663,85F18663,2023-12-16T05:40:23.457563+00:00,2026-09-29T23:36:23.703190+00:00,nur Zeit geändert
Apps/FrameServer/AviSynth/html/_sources/avisynthdoc/corefilters/fps.rst.txt,19239,19239,4C07FB88,4C07FB88,2023-12-16T05:40:23.463526+00:00,2026-09-29T23:36:23.703816+00:00,nur Zeit geändert
Apps/FrameServer/AviSynth/html/_sources/avisynthdoc/corefilters/freezeframe.rst.txt,1170,1170,6826E91C,6826E91C,2023-12-16T05:40:23.469507+00:00,2026-09-29T23:36:23.704414+00:00,nur Zeit geändert
Apps/FrameServer/AviSynth/html/_sources/avisynthdoc/corefilters/getchannel.rst.txt,8266,8266,D19A4812,D19A4812,2023-12-16T05:40:23.474499+00:00,2026-09-29T23:36:23.705048+00:00,nur Zeit geändert
Apps/FrameServer/AviSynth/html/_sources/avisynthdoc/corefilters/greyscale.rst.txt,4626,4626,A96AB103,A96AB103,2023-12-16T05:40:23.483470+00:00,2026-09-29T23:36:23.705768+00:00,nur Zeit geändert
Apps/FrameServer/AviSynth/html/_sources/avisynthdoc/corefilters/histogram.rst.txt,14620,14620,E3E1683F,E3E1683F,2023-12-16T05:40:23.488483+00:00,2026-09-29T23:36:23.706428+00:00,nur Zeit geändert
Apps/FrameServer/AviSynth/html/_sources/avisynthdoc/corefilters/imagesource.rst.txt,7469,7469,F02F2015,F02F2015,2021-01-11T21:27:07.846729+00:00,2026-09-29T23:36:23.707108+00:00,nur Zeit geändert
Apps/FrameServer/AviSynth/html/_sources/avisynthdoc/corefilters/imagewriter.rst.txt,8808,8808,97409B3A,97409B3A,2023-12-16T05:40:23.494467+00:00,2026-09-29T23:36:23.707644+00:00,nur Zeit geändert
Apps/FrameServer/AviSynth/html/_sources/avisynthdoc/corefilters/import.rst.txt,2873,2873,254B4435,254B4435,2024-02-04T20:00:53.526027+00:00,2026-09-29T23:36:23.708251+00:00,nur Zeit geändert
Apps/FrameServer/AviSynth/html/_sources/avisynthdoc/corefilters/info.rst.txt,6273,6273,B5F5C24E,B5F5C24E,2023-12-16T05:40:23.500448+00:00,2026-09-29T23:36:23.708774+00:00,nur Zeit geändert
Apps/FrameServer/AviSynth/html/_sources/avisynthdoc/corefilters/interleave.rst.txt,910,910,D51CC3E1,D51CC3E1,2023-12-16T05:40:23.506411+00:00,2026-09-29T23:36:23.709273+00:00,nur Zeit geändert
Apps/FrameServer/AviSynth/html/_sources/avisynthdoc/corefilters/invert.rst.txt,2137,2137,EA7D59B7,EA7D59B7,2023-12-16T05:40:23.510424+00:00,2026-09-29T23:36:23.709932+00:00,nur Zeit geändert
Apps/FrameServer/AviSynth/html/_sources/avisynthdoc/corefilters/killaudio.rst.txt,562,562,1A7B0022,1A7B0022,2023-12-16T05:40:23.515409+00:00,2026-09-29T23:36:23.710528+00:00,nur Zeit geändert
Apps/FrameServer/AviSynth/html/_sources/avisynthdoc/corefilters/layer.rst.txt,15564,15564,60629506,60629506,2025-02-27T18:44:39.929748+00:00,2026-09-29T23:36:23.711097+00:00,nur Zeit geändert
Apps/FrameServer/AviSynth/html/_sources/avisynthdoc/corefilters/letterbox.rst.txt,5386,5386,03D3908E,03D3908E,2025-04-02T18:27:20.230435+00:00,2026-09-29T23:36:23.711686+00:00,nur Zeit geändert
Apps/FrameServer/AviSynth/html/_sources/avisynthdoc/corefilters/levels.rst.txt,8721,8721,CA3D0A22,CA3D0A22,2025-02-27T18:44:39.945342+00:00,2026-09-29T23:36:23.712252+00:00,nur Zeit geändert
Apps/FrameServer/AviSynth/html/_sources/avisynthdoc/corefilters/limiter.rst.txt,4005,4005,AA20A014,AA20A014,2021-01-11T21:27:07.877971+00:00,2026-09-29T23:36:23.712835+00:00,nur Zeit geändert
Apps/FrameServer/AviSynth/html/_sources/avisynthdoc/corefilters/loop.rst.txt,1708,1708,C9B6A362,C9B6A362,2023-12-16T05:40:23.533339+00:00,2026-09-29T23:36:23.713324+00:00,nur Zeit geändert
Apps/FrameServer/AviSynth/html/_sources/avisynthdoc/corefilters/mask.rst.txt,11662,11662,EEF36D78,EEF36D78,2023-12-16T05:40:23.538324+00:00,2026-09-29T23:36:23.714009+00:00,nur Zeit geändert
Apps/FrameServer/AviSynth/html/_sources/avisynthdoc/corefilters/maskhs.rst.txt,4844,4844,8CCD8E4C,8CCD8E4C,2023-12-16T05:40:23.545108+00:00,2026-09-29T23:36:23.714619+00:00,nur Zeit geändert
Apps/FrameServer/AviSynth/html/_sources/avisynthdoc/corefilters/merge.rst.txt,4290,4290,6EFB6767,6EFB6767,2023-12-16T05:40:23.550123+00:00,2026-09-29T23:36:23.715224+00:00,nur Zeit geändert
Apps/FrameServer/AviSynth/html/_sources/avisynthdoc/corefilters/mergechannels.rst.txt,1477,1477,1127ADF5,1127ADF5,2023-12-16T05:40:23.556107+00:00,2026-09-29T23:36:23.715705+00:00,nur Zeit geändert
Apps/FrameServer/AviSynth/html/_sources/avisynthdoc/corefilters/mergergb.rst.txt,4117,4117,B0D2FE59,B0D2FE59,2025-04-02T18:27:20.261684+00:00,2026-09-29T23:36:23.716292+00:00,nur Zeit geändert
Apps/FrameServer/AviSynth/html/_sources/avisynthdoc/corefilters/message.rst.txt,1585,1585,69720F25,69720F25,2023-12-16T05:40:23.561094+00:00,2026-09-29T23:36:23.716774+00:00,nur Zeit geändert
Apps/FrameServer/AviSynth/html/_sources/avisynthdoc/corefilters/mixaudio.rst.txt,1997,1997,F1C97491,F1C97491,2023-12-16T05:40:23.566080+00:00,2026-09-29T23:36:23.717345+00:00,nur Zeit geändert
Apps/FrameServer/AviSynth/html/_sources/avisynthdoc/corefilters/monotostereo.rst.txt,1233,1233,DC83C426,DC83C426,2023-12-16T05:40:23.572104+00:00,2026-09-29T23:36:23.717820+00:00,nur Zeit geändert
Apps/FrameServer/AviSynth/html/_sources/avisynthdoc/corefilters/multioverlay.rst.txt,3640,3640,968F1836,968F1836,2025-04-02T18:27:20.277307+00:00,2026-09-29T23:36:23.718451+00:00,nur Zeit geändert
Apps/FrameServer/AviSynth/html/_sources/avisynthdoc/corefilters/normalize.rst.txt,4877,4877,E07FEC84,E07FEC84,2023-12-16T05:40:23.577120+00:00,2026-09-29T23:36:23.719036+00:00,nur Zeit geändert
Apps/FrameServer/AviSynth/html/_sources/avisynthdoc/corefilters/overlay.rst.txt,27570,27570,E4EDC71D,E4EDC71D,2025-04-02T18:27:20.277307+00:00,2026-09-29T23:36:23.719795+00:00,nur Zeit geändert
Apps/FrameServer/AviSynth/html/_sources/avisynthdoc/corefilters/parity.rst.txt,4614,4614,7886FF37,7886FF37,2023-12-16T05:40:23.583105+00:00,2026-09-29T23:36:23.720332+00:00,nur Zeit geändert
Apps/FrameServer/AviSynth/html/_sources/avisynthdoc/corefilters/peculiar.rst.txt,1546,1546,C99EEF70,C99EEF70,2023-12-16T05:40:23.589088+00:00,2026-09-29T23:36:23.720905+00:00,nur Zeit geändert
Apps/FrameServer/AviSynth/html/_sources/avisynthdoc/corefilters/preroll.rst.txt,1462,1462,C03BF866,C03BF866,2023-12-16T05:40:23.762088+00:00,2026-09-29T23:36:23.721406+00:00,nur Zeit geändert
Apps/FrameServer/AviSynth/html/_sources/avisynthdoc/corefilters/propShow.rst.txt,5005,5005,697C56AE,697C56AE,2025-03-07T01:52:24.780139+00:00,2026-09-29T23:36:23.722006+00:00,nur Zeit geändert
Apps/FrameServer/AviSynth/html/_sources/avisynthdoc/corefilters/pulldown.rst.txt,2219,2219,ABD5B1F8,ABD5B1F8,2021-01-11T21:27:08.018564+00:00,2026-09-29T23:36:23.722526+00:00,nur Zeit geändert
Apps/FrameServer/AviSynth/html/_sources/avisynthdoc/corefilters/reduceby2.rst.txt,2534,2534,3E4551CF,3E4551CF,2023-12-16T05:40:23.774057+00:00,2026-09-29T23:36:23.723102+00:00,nur Zeit geändert
Apps/FrameServer/AviSynth/html/_sources/avisynthdoc/corefilters/resampleaudio.rst.txt,2595,2595,C8FC7819,C8FC7819,2023-12-16T05:40:23.779067+00:00,2026-09-29T23:36:23.723780+00:00,nur Zeit geändert
Apps/FrameServer/AviSynth/html/_sources/avisynthdoc/corefilters/resize.rst.txt,36169,36169,65168091,65168091,2025-04-02T18:27:20.621204+00:00,2026-09-29T23:36:23.724707+00:00,nur Zeit geändert
Apps/FrameServer/AviSynth/html/_sources/avisynthdoc/corefilters/reverse.rst.txt,418,418,9349A6D4,9349A6D4,2023-12-16T05:40:23.792009+00:00,2026-09-29T23:36:23.725364+00:00,nur Zeit geändert
Apps/FrameServer/AviSynth/html/_sources/avisynthdoc/corefilters/segmentedsource.rst.txt,12230,12230,E42D4897,E42D4897,2023-12-16T05:40:23.796019+00:00,2026-09-29T23:36:23.726048+00:00,nur Zeit geändert
Apps/FrameServer/AviSynth/html/_sources/avisynthdoc/corefilters/select.rst.txt,491,491,31077FEC,31077FEC,2023-12-16T05:40:23.802980+00:00,2026-09-29T23:36:23.726556+00:00,nur Zeit geändert
Apps/FrameServer/AviSynth/html/_sources/avisynthdoc/corefilters/selectevery.rst.txt,1472,1472,3260DF4C,3260DF4C,2023-12-16T05:40:23.807966+00:00,2026-09-29T23:36:23.727176+00:00,nur Zeit geändert
Apps/FrameServer/AviSynth/html/_sources/avisynthdoc/corefilters/selectrangeevery.rst.txt,1134,1134,1662AC89,1662AC89,2023-12-16T05:40:23.812979+00:00,2026-09-29T23:36:23.727652+00:00,nur Zeit geändert
Apps/FrameServer/AviSynth/html/_sources/avisynthdoc/corefilters/separatefields.rst.txt,4481,4481,C9001081,C9001081,2023-12-16T05:40:23.817960+00:00,2026-09-29T23:36:23.728470+00:00,nur Zeit geändert
Apps/FrameServer/AviSynth/html/_sources/avisynthdoc/corefilters/setchannelmask.rst.txt,4986,4986,5CE99AFF,5CE99AFF,2023-12-16T05:40:23.823924+00:00,2026-09-29T23:36:23.729147+00:00,nur Zeit geändert
Apps/FrameServer/AviSynth/html/_sources/avisynthdoc/corefilters/showalpha.rst.txt,2985,2985,FB621781,FB621781,2024-02-04T20:00:53.527000+00:00,2026-09-29T23:36:23.729656+00:00,nur Zeit geändert
Apps/FrameServer/AviSynth/html/_sources/avisynthdoc/corefilters/showfive.rst.txt,2206,2206,1479B746,1479B746,2023-12-16T05:40:23.828910+00:00,2026-09-29T23:36:23.730318+00:00,nur Zeit geändert
Apps/FrameServer/AviSynth/html/_sources/avisynthdoc/corefilters/showframes.rst.txt,16512,16512,B772B043,B772B043,2023-12-16T05:40:23.833918+00:00,2026-09-29T23:36:23.730907+00:00,nur Zeit geändert
Apps/FrameServer/AviSynth/html/_sources/avisynthdoc/corefilters/skewrows.rst.txt,2223,2223,5AA53010,5AA53010,2023-12-16T05:40:23.840880+00:00,2026-09-29T23:36:23.731558+00:00,nur Zeit geändert
Apps/FrameServer/AviSynth/html/_sources/avisynthdoc/corefilters/soften.rst.txt,5979,5979,4FD2A3DF,4FD2A3DF,2023-12-16T05:40:23.845873+00:00,2026-09-29T23:36:23.732059+00:00,nur Zeit geändert
Apps/FrameServer/AviSynth/html/_sources/avisynthdoc/corefilters/soundout.rst.txt,41448,41448,48FA06B3,48FA06B3,2021-01-11T21:27:08.081049+00:00,2026-09-29T23:36:23.732928+00:00,nur Zeit geändert
Apps/FrameServer/AviSynth/html/_sources/avisynthdoc/corefilters/splice.rst.txt,2112,2112,769654DF,769654DF,2023-12-16T05:40:23.850875+00:00,2026-09-29T23:36:23.733747+00:00,nur Zeit geändert
Apps/FrameServer/AviSynth/html/_sources/avisynthdoc/corefilters/ssrc.rst.txt,2410,2410,877FE047,877FE047,2023-12-16T05:40:23.856836+00:00,2026-09-29T23:36:23.734448+00:00,nur Zeit geändert
Apps/FrameServer/AviSynth/html/_sources/avisynthdoc/corefilters/stack.rst.txt,1196,1196,4B9B4E51,4B9B4E51,2023-12-16T05:40:23.862844+00:00,2026-09-29T23:36:23.734929+00:00,nur Zeit geändert
Apps/FrameServer/AviSynth/html/_sources/avisynthdoc/corefilters/subtitle.rst.txt,19603,19603,2ED2AA82,2ED2AA82,2025-04-02T18:27:20.683680+00:00,2026-09-29T23:36:23.735691+00:00,nur Zeit geändert
Apps/FrameServer/AviSynth/html/_sources/avisynthdoc/corefilters/subtract.rst.txt,1266,1266,C3E685E0,C3E685E0,2021-01-11T21:27:08.174777+00:00,2026-09-29T23:36:23.736211+00:00,nur Zeit geändert
Apps/FrameServer/AviSynth/html/_sources/avisynthdoc/corefilters/supereq.rst.txt,7713,7713,EE3E8335,EE3E8335,2023-12-16T05:40:23.873816+00:00,2026-09-29T23:36:23.736862+00:00,nur Zeit geändert
Apps/FrameServer/AviSynth/html/_sources/avisynthdoc/corefilters/swap.rst.txt,5742,5742,0F88F044,0F88F044,2023-12-16T05:40:23.879774+00:00,2026-09-29T23:36:23.737409+00:00,nur Zeit geändert
Apps/FrameServer/AviSynth/html/_sources/avisynthdoc/corefilters/swapfields.rst.txt,523,523,15B2DD72,15B2DD72,2023-12-16T05:40:23.885755+00:00,2026-09-29T23:36:23.738243+00:00,nur Zeit geändert
Apps/FrameServer/AviSynth/html/_sources/avisynthdoc/corefilters/tcpdeliver.rst.txt,6317,6317,85705C47,85705C47,2023-12-16T05:40:23.889774+00:00,2026-09-29T23:36:23.739032+00:00,nur Zeit geändert
Apps/FrameServer/AviSynth/html/_sources/avisynthdoc/corefilters/timestretch.rst.txt,15861,15861,A1612301,A1612301,2025-02-27T18:44:39.992241+00:00,2026-09-29T23:36:23.739756+00:00,nur Zeit geändert
Apps/FrameServer/AviSynth/html/_sources/avisynthdoc/corefilters/tone.rst.txt,3028,3028,D4DD4759,D4DD4759,2023-12-16T05:40:23.902025+00:00,2026-09-29T23:36:23.740297+00:00,nur Zeit geändert
Apps/FrameServer/AviSynth/html/_sources/avisynthdoc/corefilters/trim.rst.txt,8727,8727,C48FA3C2,C48FA3C2,2023-12-16T05:40:23.908012+00:00,2026-09-29T23:36:23.740912+00:00,nur Zeit geändert
Apps/FrameServer/AviSynth/html/_sources/avisynthdoc/corefilters/turn.rst.txt,1522,1522,7C900C71,7C900C71,2023-12-16T05:40:23.913025+00:00,2026-09-29T23:36:23.741411+00:00,nur Zeit geändert
Apps/FrameServer/AviSynth/html/_sources/avisynthdoc/corefilters/tweak.rst.txt,11814,11814,F735A52C,F735A52C,2023-12-16T05:40:23.918011+00:00,2026-09-29T23:36:23.742222+00:00,nur Zeit geändert
Apps/FrameServer/AviSynth/html/_sources/avisynthdoc/corefilters/version.rst.txt,1789,1789,6972D708,6972D708,2023-12-16T05:40:23.923992+00:00,2026-09-29T23:36:23.742748+00:00,nur Zeit geändert
Apps/FrameServer/AviSynth/html/_sources/avisynthdoc/corefilters/weave.rst.txt,5407,5407,D49BE5C7,D49BE5C7,2023-12-16T05:40:23.929955+00:00,2026-09-29T23:36:23.743360+00:00,nur Zeit geändert
Apps/FrameServer/AviSynth/html/_sources/avisynthdoc/corefilters/write.rst.txt,6344,6344,52983356,52983356,2024-01-19T18:33:18.309444+00:00,2026-09-29T23:36:23.744089+00:00,nur Zeit geändert
Apps/FrameServer/AviSynth/html/_sources/avisynthdoc/externalplugins.rst.txt,543,543,93DA8B35,93DA8B35,2021-01-11T21:27:08.221641+00:00,2026-09-29T23:36:23.745412+00:00,nur Zeit geändert
Apps/FrameServer/AviSynth/html/_sources/avisynthdoc/faq/faq.rst.txt,91112,91112,B970979E,B970979E,2025-02-27T18:44:40.007865+00:00,2026-09-29T23:36:23.746864+00:00,nur Zeit geändert
Apps/FrameServer/AviSynth/html/_sources/avisynthdoc/faq/faq_common_errors.rst.txt,9495,9495,33D22576,33D22576,2025-02-27T18:44:40.007865+00:00,2026-09-29T23:36:23.747500+00:00,nur Zeit geändert
Apps/FrameServer/AviSynth/html/_sources/avisynthdoc/faq/faq_different_types_content.rst.txt,9883,9883,37E4FC7B,37E4FC7B,2025-02-27T18:44:40.023500+00:00,2026-09-29T23:36:23.748179+00:00,nur Zeit geändert
Apps/FrameServer/AviSynth/html/_sources/avisynthdoc/faq/faq_frameserving.rst.txt,12849,12849,A7E80EE6,A7E80EE6,2025-02-27T18:44:40.039115+00:00,2026-09-29T23:36:23.748755+00:00,nur Zeit geändert
Apps/FrameServer/AviSynth/html/_sources/avisynthdoc/faq/faq_general_info.rst.txt,13979,13979,3B7E6FBD,3B7E6FBD,2025-02-27T18:44:40.039115+00:00,2026-09-29T23:36:23.749331+00:00,nur Zeit geändert
Apps/FrameServer/AviSynth/html/_sources/avisynthdoc/faq/faq_loading_clips.rst.txt,15196,15196,842607A2,842607A2,2021-10-10T01:48:35.029771+00:00,2026-09-29T23:36:23.750150+00:00,nur Zeit geändert
Apps/FrameServer/AviSynth/html/_sources/avisynthdoc/faq/faq_sections.rst.txt,2599,2599,5E4C91B3,5E4C91B3,2021-10-10T01:48:35.039737+00:00,2026-09-29T23:36:23.750761+00:00,nur Zeit geändert
Apps/FrameServer/AviSynth/html/_sources/avisynthdoc/faq/faq_using_virtualdub_plugins.rst.txt,4337,4337,31A3D0F2,31A3D0F2,2025-02-27T18:44:40.054744+00:00,2026-09-29T23:36:23.751268+00:00,nur Zeit geändert
Apps/FrameServer/AviSynth/html/_sources/avisynthdoc/faq/faq_yv12.rst.txt,12741,12741,BCB5152C,BCB5152C,2021-10-10T01:48:35.049774+00:00,2026-09-29T23:36:23.751913+00:00,nur Zeit geändert
Apps/FrameServer/AviSynth/html/_sources/avisynthdoc/faq/troubleshooting.rst.txt,9153,9153,2D9CCB2A,2D9CCB2A,2025-02-27T18:44:40.054744+00:00,2026-09-29T23:36:23.752491+00:00,nur Zeit geändert
Apps/FrameServer/AviSynth/html/_sources/avisynthdoc/filters_mult_input_clips.rst.txt,4046,4046,40684884,40684884,2021-01-11T21:27:08.284126+00:00,2026-09-29T23:36:23.753056+00:00,nur Zeit geändert
Apps/FrameServer/AviSynth/html/_sources/avisynthdoc/FilterSDK/AMDOptimizationGuide.rst.txt,451,451,3531DE97,3531DE97,2021-01-11T21:27:07.018508+00:00,2026-09-29T23:36:23.625003+00:00,nur Zeit geändert
Apps/FrameServer/AviSynth/html/_sources/avisynthdoc/FilterSDK/AssemblerOptimizing.rst.txt,979,979,558B92E7,558B92E7,2025-02-27T18:44:39.570342+00:00,2026-09-29T23:36:23.626203+00:00,nur Zeit geändert
Apps/FrameServer/AviSynth/html/_sources/avisynthdoc/FilterSDK/AviSynthInterfaceVersion.rst.txt,2727,2727,F5224ECD,F5224ECD,2025-02-27T18:44:39.570342+00:00,2026-09-29T23:36:23.626712+00:00,nur Zeit geändert
Apps/FrameServer/AviSynth/html/_sources/avisynthdoc/FilterSDK/AviSynthTwoFiveAudio.rst.txt,2374,2374,F6B270A0,F6B270A0,2025-02-27T18:44:39.570342+00:00,2026-09-29T23:36:23.627534+00:00,nur Zeit geändert
Apps/FrameServer/AviSynth/html/_sources/avisynthdoc/FilterSDK/AviSynthTwoFivePixelType.rst.txt,1386,1386,8F89B450,8F89B450,2025-02-27T18:44:39.570342+00:00,2026-09-29T23:36:23.628324+00:00,nur Zeit geändert
Apps/FrameServer/AviSynth/html/_sources/avisynthdoc/FilterSDK/AviSynthTwoFiveSDK.rst.txt,900,900,22EC1DA1,22EC1DA1,2025-02-27T18:44:39.570342+00:00,2026-09-29T23:36:23.628958+00:00,nur Zeit geändert
Apps/FrameServer/AviSynth/html/_sources/avisynthdoc/FilterSDK/avs2pcm.rst.txt,17791,17791,EF2E7F0D,EF2E7F0D,2021-01-11T21:27:07.440574+00:00,2026-09-29T23:36:23.660531+00:00,nur Zeit geändert
Apps/FrameServer/AviSynth/html/_sources/avisynthdoc/FilterSDK/avs2yuv.rst.txt,15001,15001,68C98457,68C98457,2021-01-11T21:27:07.440574+00:00,2026-09-29T23:36:23.661235+00:00,nur Zeit geändert
Apps/FrameServer/AviSynth/html/_sources/avisynthdoc/FilterSDK/AVSLinkage.rst.txt,3504,3504,5D8EB215,5D8EB215,2021-01-11T21:27:07.018508+00:00,2026-09-29T23:36:23.625556+00:00,nur Zeit geändert
Apps/FrameServer/AviSynth/html/_sources/avisynthdoc/FilterSDK/BensAviSynthDocs.rst.txt,23769,23769,D005F1C7,D005F1C7,2021-01-11T21:27:07.049752+00:00,2026-09-29T23:36:23.629675+00:00,nur Zeit geändert
Apps/FrameServer/AviSynth/html/_sources/avisynthdoc/FilterSDK/C_api.rst.txt,56312,56312,005D1D62,005D1D62,2025-03-07T01:52:24.717668+00:00,2026-09-29T23:36:23.630648+00:00,nur Zeit geändert
Apps/FrameServer/AviSynth/html/_sources/avisynthdoc/FilterSDK/ChangeFrameSize.rst.txt,964,964,9A9AAA53,9A9AAA53,2021-01-11T21:27:07.049752+00:00,2026-09-29T23:36:23.631193+00:00,nur Zeit geändert
Apps/FrameServer/AviSynth/html/_sources/avisynthdoc/FilterSDK/ColorspaceProperties.rst.txt,2627,2627,05D264EE,05D264EE,2021-01-11T21:27:07.065372+00:00,2026-09-29T23:36:23.632379+00:00,nur Zeit geändert
Apps/FrameServer/AviSynth/html/_sources/avisynthdoc/FilterSDK/ColorSpaces.rst.txt,6564,6564,97E70CAC,97E70CAC,2021-01-11T21:27:07.065372+00:00,2026-09-29T23:36:23.631843+00:00,nur Zeit geändert
Apps/FrameServer/AviSynth/html/_sources/avisynthdoc/FilterSDK/CompilingAvisynthPlugins.rst.txt,24471,24471,AEE55261,AEE55261,2021-01-11T21:27:07.065372+00:00,2026-09-29T23:36:23.633356+00:00,nur Zeit geändert
Apps/FrameServer/AviSynth/html/_sources/avisynthdoc/FilterSDK/Cplusplus_api.rst.txt,69481,69481,492A8AF0,492A8AF0,2025-03-07T01:52:24.733289+00:00,2026-09-29T23:36:23.634782+00:00,nur Zeit geändert
Apps/FrameServer/AviSynth/html/_sources/avisynthdoc/FilterSDK/DataAlignment.rst.txt,2132,2132,3CB78316,3CB78316,2025-02-27T18:44:39.617217+00:00,2026-09-29T23:36:23.635552+00:00,nur Zeit geändert
Apps/FrameServer/AviSynth/html/_sources/avisynthdoc/FilterSDK/DataStorageInAviSynth.rst.txt,6523,6523,1B8F6F7B,1B8F6F7B,2025-02-27T18:44:39.617217+00:00,2026-09-29T23:36:23.636100+00:00,nur Zeit geändert
Apps/FrameServer/AviSynth/html/_sources/avisynthdoc/FilterSDK/DebuggingAvisynthPlugins.rst.txt,7153,7153,5E679751,5E679751,2021-01-11T21:27:07.096614+00:00,2026-09-29T23:36:23.636689+00:00,nur Zeit geändert
Apps/FrameServer/AviSynth/html/_sources/avisynthdoc/FilterSDK/DualPlugins.rst.txt,16504,16504,B3C2D05E,B3C2D05E,2021-01-11T21:27:07.096614+00:00,2026-09-29T23:36:23.637262+00:00,nur Zeit geändert
Apps/FrameServer/AviSynth/html/_sources/avisynthdoc/FilterSDK/EnvInvoke.rst.txt,4279,4279,D238681C,D238681C,2021-01-11T21:27:07.096614+00:00,2026-09-29T23:36:23.637848+00:00,nur Zeit geändert
Apps/FrameServer/AviSynth/html/_sources/avisynthdoc/FilterSDK/EnvSaveString.rst.txt,803,803,149EC25E,149EC25E,2021-01-11T21:27:07.112236+00:00,2026-09-29T23:36:23.638403+00:00,nur Zeit geändert
Apps/FrameServer/AviSynth/html/_sources/avisynthdoc/FilterSDK/FilterSDK.rst.txt,24590,24590,8EDBAD4F,8EDBAD4F,2025-03-07T01:52:24.733289+00:00,2026-09-29T23:36:23.639096+00:00,nur Zeit geändert
Apps/FrameServer/AviSynth/html/_sources/avisynthdoc/FilterSDK/GeneralPurposeToMMXRegisters.rst.txt,1806,1806,1CDC5D78,1CDC5D78,2021-01-11T21:27:07.112236+00:00,2026-09-29T23:36:23.639782+00:00,nur Zeit geändert
Apps/FrameServer/AviSynth/html/_sources/avisynthdoc/FilterSDK/GettingStartedWithAudio.rst.txt,3708,3708,F99DDD9A,F99DDD9A,2023-12-16T05:40:23.234248+00:00,2026-09-29T23:36:23.640408+00:00,nur Zeit geändert
Apps/FrameServer/AviSynth/html/_sources/avisynthdoc/FilterSDK/GradientMask.rst.txt,7898,7898,20B3670A,20B3670A,2021-01-11T21:27:07.127859+00:00,2026-09-29T23:36:23.640910+00:00,nur Zeit geändert
Apps/FrameServer/AviSynth/html/_sources/avisynthdoc/FilterSDK/InstructionPairing.rst.txt,6809,6809,CDBE5814,CDBE5814,2025-02-27T18:44:39.632843+00:00,2026-09-29T23:36:23.641555+00:00,nur Zeit geändert
Apps/FrameServer/AviSynth/html/_sources/avisynthdoc/FilterSDK/IntegerSSE.rst.txt,1312,1312,48138463,48138463,2021-01-11T21:27:07.127859+00:00,2026-09-29T23:36:23.642120+00:00,nur Zeit geändert
Apps/FrameServer/AviSynth/html/_sources/avisynthdoc/FilterSDK/IntelOptimizationGuide.rst.txt,289,289,A89BA00A,A89BA00A,2021-01-11T21:27:07.143480+00:00,2026-09-29T23:36:23.642683+00:00,nur Zeit geändert
Apps/FrameServer/AviSynth/html/_sources/avisynthdoc/FilterSDK/InterleavedImageFormat.rst.txt,959,959,D0E9E349,D0E9E349,2021-01-11T21:27:07.143480+00:00,2026-09-29T23:36:23.643264+00:00,nur Zeit geändert
Apps/FrameServer/AviSynth/html/_sources/avisynthdoc/FilterSDK/IntermediateMmxOptimization.rst.txt,9909,9909,49B7DD10,49B7DD10,2025-02-27T18:44:39.648470+00:00,2026-09-29T23:36:23.643942+00:00,nur Zeit geändert
Apps/FrameServer/AviSynth/html/_sources/avisynthdoc/FilterSDK/InternalFunctions.rst.txt,311,311,F4836FB9,F4836FB9,2021-01-11T21:27:07.143480+00:00,2026-09-29T23:36:23.644598+00:00,nur Zeit geändert
Apps/FrameServer/AviSynth/html/_sources/avisynthdoc/FilterSDK/InvertNeg.rst.txt,20369,20369,D9ABAEFF,D9ABAEFF,2021-01-11T21:27:07.159099+00:00,2026-09-29T23:36:23.645296+00:00,nur Zeit geändert
Apps/FrameServer/AviSynth/html/_sources/avisynthdoc/FilterSDK/IsMovntqFaster.rst.txt,4749,4749,5897FFCB,5897FFCB,2025-02-27T18:44:39.648470+00:00,2026-09-29T23:36:23.645822+00:00,nur Zeit geändert
Apps/FrameServer/AviSynth/html/_sources/avisynthdoc/FilterSDK/MMX.rst.txt,391,391,E403E2BE,E403E2BE,2021-01-11T21:27:07.159099+00:00,2026-09-29T23:36:23.646500+00:00,nur Zeit geändert
Apps/FrameServer/AviSynth/html/_sources/avisynthdoc/FilterSDK/Non-ClipSample.rst.txt,7942,7942,0E23EAF6,0E23EAF6,2021-01-11T21:27:07.159099+00:00,2026-09-29T23:36:23.647019+00:00,nur Zeit geändert
Apps/FrameServer/AviSynth/html/_sources/avisynthdoc/FilterSDK/PlanarImageFormat.rst.txt,711,711,876C9D8C,876C9D8C,2021-01-11T21:27:07.284068+00:00,2026-09-29T23:36:23.647601+00:00,nur Zeit geändert
Apps/FrameServer/AviSynth/html/_sources/avisynthdoc/FilterSDK/SDKHistory.rst.txt,1887,1887,450FFD89,450FFD89,2025-02-27T18:44:39.648470+00:00,2026-09-29T23:36:23.648108+00:00,nur Zeit geändert
Apps/FrameServer/AviSynth/html/_sources/avisynthdoc/FilterSDK/SDKLicense.rst.txt,3952,3952,8ACAB238,8ACAB238,2025-02-27T18:44:39.664092+00:00,2026-09-29T23:36:23.648798+00:00,nur Zeit geändert
Apps/FrameServer/AviSynth/html/_sources/avisynthdoc/FilterSDK/SDKNecessaries.rst.txt,8606,8606,96A9206D,96A9206D,2025-01-12T19:38:58.886619+00:00,2026-09-29T23:36:23.649444+00:00,nur Zeit geändert
Apps/FrameServer/AviSynth/html/_sources/avisynthdoc/FilterSDK/SimpleMmxOptimization.rst.txt,6042,6042,6B68C0F5,6B68C0F5,2021-01-11T21:27:07.299694+00:00,2026-09-29T23:36:23.650153+00:00,nur Zeit geändert
Apps/FrameServer/AviSynth/html/_sources/avisynthdoc/FilterSDK/SimpleSample.rst.txt,1324,1324,DD1B4A44,DD1B4A44,2021-01-11T21:27:07.299694+00:00,2026-09-29T23:36:23.650675+00:00,nur Zeit geändert
Apps/FrameServer/AviSynth/html/_sources/avisynthdoc/FilterSDK/SimpleSample10b.rst.txt,7439,7439,B26C17AB,B26C17AB,2025-02-27T18:44:39.664092+00:00,2026-09-29T23:36:23.651292+00:00,nur Zeit geändert
Apps/FrameServer/AviSynth/html/_sources/avisynthdoc/FilterSDK/SimpleSample11.rst.txt,9357,9357,E1907703,E1907703,2025-02-27T18:44:39.664092+00:00,2026-09-29T23:36:23.651787+00:00,nur Zeit geändert
Apps/FrameServer/AviSynth/html/_sources/avisynthdoc/FilterSDK/SimpleSample12.rst.txt,9587,9587,C5ECBBBF,C5ECBBBF,2025-02-27T18:44:39.679739+00:00,2026-09-29T23:36:23.652377+00:00,nur Zeit geändert
Apps/FrameServer/AviSynth/html/_sources/avisynthdoc/FilterSDK/SimpleSample13a.rst.txt,10679,10679,E3C775C0,E3C775C0,2025-02-27T18:44:39.695361+00:00,2026-09-29T23:36:23.652864+00:00,nur Zeit geändert
Apps/FrameServer/AviSynth/html/_sources/avisynthdoc/FilterSDK/SimpleSample14.rst.txt,13586,13586,38AF3D55,38AF3D55,2025-02-27T18:44:39.710993+00:00,2026-09-29T23:36:23.653579+00:00,nur Zeit geändert
Apps/FrameServer/AviSynth/html/_sources/avisynthdoc/FilterSDK/SimpleSample15a.rst.txt,16840,16840,4B519B8D,4B519B8D,2025-02-27T18:44:39.726616+00:00,2026-09-29T23:36:23.654201+00:00,nur Zeit geändert
Apps/FrameServer/AviSynth/html/_sources/avisynthdoc/FilterSDK/SimpleSample16.rst.txt,23359,23359,F4449ADA,F4449ADA,2025-02-27T18:44:39.742243+00:00,2026-09-29T23:36:23.654844+00:00,nur Zeit geändert
Apps/FrameServer/AviSynth/html/_sources/avisynthdoc/FilterSDK/SimpleSample17.rst.txt,24614,24614,1EA2681C,1EA2681C,2025-02-27T18:44:39.757862+00:00,2026-09-29T23:36:23.655376+00:00,nur Zeit geändert
Apps/FrameServer/AviSynth/html/_sources/avisynthdoc/FilterSDK/SimpleSample26.rst.txt,18057,18057,837AF4C6,837AF4C6,2021-01-11T21:27:07.346848+00:00,2026-09-29T23:36:23.656091+00:00,nur Zeit geändert
Apps/FrameServer/AviSynth/html/_sources/avisynthdoc/FilterSDK/SimpleSampleClass.rst.txt,13031,13031,B00B99DA,B00B99DA,2025-02-27T18:44:39.773638+00:00,2026-09-29T23:36:23.656651+00:00,nur Zeit geändert
Apps/FrameServer/AviSynth/html/_sources/avisynthdoc/FilterSDK/TwoFiveFastInvert.rst.txt,2705,2705,3DAD4D77,3DAD4D77,2025-02-27T18:44:39.789232+00:00,2026-09-29T23:36:23.657292+00:00,nur Zeit geändert
Apps/FrameServer/AviSynth/html/_sources/avisynthdoc/FilterSDK/TwoFiveInvert.rst.txt,2417,2417,B5AFD3F8,B5AFD3F8,2025-02-27T18:44:39.789232+00:00,2026-09-29T23:36:23.657776+00:00,nur Zeit geändert
Apps/FrameServer/AviSynth/html/_sources/avisynthdoc/FilterSDK/VideoInfo.rst.txt,32775,32775,CD2D4540,CD2D4540,2025-02-27T18:44:39.789232+00:00,2026-09-29T23:36:23.658777+00:00,nur Zeit geändert
Apps/FrameServer/AviSynth/html/_sources/avisynthdoc/FilterSDK/WorkingWithImages.rst.txt,2066,2066,EA557FE3,EA557FE3,2021-01-11T21:27:07.362468+00:00,2026-09-29T23:36:23.659315+00:00,nur Zeit geändert
Apps/FrameServer/AviSynth/html/_sources/avisynthdoc/FilterSDK/WorkingWithPlanarImages.rst.txt,3290,3290,E65E00CF,E65E00CF,2025-02-27T18:44:39.789232+00:00,2026-09-29T23:36:23.659929+00:00,nur Zeit geändert
Apps/FrameServer/AviSynth/html/_sources/avisynthdoc/getting_started.rst.txt,5803,5803,1F9A03AE,1F9A03AE,2021-01-11T21:27:08.284126+00:00,2026-09-29T23:36:23.753596+00:00,nur Zeit geändert
Apps/FrameServer/AviSynth/html/_sources/avisynthdoc/index.rst.txt,493,493,21180E11,21180E11,2021-01-11T21:27:08.284126+00:00,2026-09-29T23:36:23.754440+00:00,nur Zeit geändert
Apps/FrameServer/AviSynth/html/_sources/avisynthdoc/license.rst.txt,11872,11872,138D3AF4,138D3AF4,2025-02-27T18:44:40.070342+00:00,2026-09-29T23:36:23.755044+00:00,nur Zeit geändert
Apps/FrameServer/AviSynth/html/_sources/avisynthdoc/links.rst.txt,1937,1937,836AE6C7,836AE6C7,2025-02-27T18:44:40.085968+00:00,2026-09-29T23:36:23.755638+00:00,nur Zeit geändert
Apps/FrameServer/AviSynth/html/_sources/avisynthdoc/overview.rst.txt,5332,5332,BF4E8E82,BF4E8E82,2025-04-21T01:22:37.073713+00:00,2026-09-29T23:36:23.756256+00:00,nur Zeit geändert
Apps/FrameServer/AviSynth/html/_sources/avisynthdoc/quick_ref.rst.txt,27045,27045,4AE42EEF,4AE42EEF,2021-01-11T21:27:08.299747+00:00,2026-09-29T23:36:23.756953+00:00,nur Zeit geändert
Apps/FrameServer/AviSynth/html/_sources/avisynthdoc/releasenotes.rst.txt,8874,8874,9DB337F9,9DB337F9,2025-02-27T18:44:40.085968+00:00,2026-09-29T23:36:23.757564+00:00,nur Zeit geändert
Apps/FrameServer/AviSynth/html/_sources/avisynthdoc/script_ref/script_ref.rst.txt,1455,1455,DFA2E856,DFA2E856,2021-01-11T21:27:08.315371+00:00,2026-09-29T23:36:23.758214+00:00,nur Zeit geändert
Apps/FrameServer/AviSynth/html/_sources/avisynthdoc/script_ref/script_ref_arrays.rst.txt,17948,17948,DA843FC0,DA843FC0,2025-02-27T18:44:40.085968+00:00,2026-09-29T23:36:23.758875+00:00,nur Zeit geändert
Apps/FrameServer/AviSynth/html/_sources/avisynthdoc/script_ref/script_ref_block_statements.rst.txt,26850,26850,ADC281ED,ADC281ED,2025-02-27T18:44:40.101616+00:00,2026-09-29T23:36:23.759992+00:00,nur Zeit geändert
Apps/FrameServer/AviSynth/html/_sources/avisynthdoc/script_ref/script_ref_execution_model.rst.txt,1694,1694,3CF7B4B5,3CF7B4B5,2021-01-11T21:27:08.331299+00:00,2026-09-29T23:36:23.760547+00:00,nur Zeit geändert
Apps/FrameServer/AviSynth/html/_sources/avisynthdoc/script_ref/script_ref_execution_model_eval_scripts.rst.txt,9140,9140,2A6B2DB7,2A6B2DB7,2021-10-10T01:48:35.069404+00:00,2026-09-29T23:36:23.761232+00:00,nur Zeit geändert
Apps/FrameServer/AviSynth/html/_sources/avisynthdoc/script_ref/script_ref_execution_model_fetching_frames.rst.txt,1660,1660,CCF53552,CCF53552,2021-01-11T21:27:08.346920+00:00,2026-09-29T23:36:23.761716+00:00,nur Zeit geändert
Apps/FrameServer/AviSynth/html/_sources/avisynthdoc/script_ref/script_ref_execution_model_filter_graph.rst.txt,2718,2718,47814618,47814618,2024-02-04T20:00:53.538993+00:00,2026-09-29T23:36:23.762438+00:00,nur Zeit geändert
Apps/FrameServer/AviSynth/html/_sources/avisynthdoc/script_ref/script_ref_execution_model_lifetime_variables.rst.txt,15511,15511,F7DEEF68,F7DEEF68,2021-10-10T01:48:35.079763+00:00,2026-09-29T23:36:23.763033+00:00,nur Zeit geändert
Apps/FrameServer/AviSynth/html/_sources/avisynthdoc/script_ref/script_ref_execution_model_perf_cons.rst.txt,6850,6850,B073D766,B073D766,2021-01-11T21:27:08.378160+00:00,2026-09-29T23:36:23.763710+00:00,nur Zeit geändert
Apps/FrameServer/AviSynth/html/_sources/avisynthdoc/script_ref/script_ref_execution_model_sequence_events.rst.txt,3380,3380,357D46D7,357D46D7,2021-10-10T01:48:35.089648+00:00,2026-09-29T23:36:23.764230+00:00,nur Zeit geändert
Apps/FrameServer/AviSynth/html/_sources/avisynthdoc/script_ref/script_ref_user_functions.rst.txt,5175,5175,D8AD7CF9,D8AD7CF9,2021-10-10T01:48:35.089648+00:00,2026-09-29T23:36:23.765054+00:00,nur Zeit geändert
Apps/FrameServer/AviSynth/html/_sources/avisynthdoc/syntax/syntax.rst.txt,62372,62372,02A8EBAA,02A8EBAA,2025-02-27T18:44:40.132870+00:00,2026-09-29T23:36:23.765993+00:00,nur Zeit geändert
Apps/FrameServer/AviSynth/html/_sources/avisynthdoc/syntax/syntax_clip_properties.rst.txt,7494,7494,EDE437DE,EDE437DE,2025-02-27T18:44:40.148494+00:00,2026-09-29T23:36:23.766681+00:00,nur Zeit geändert
Apps/FrameServer/AviSynth/html/_sources/avisynthdoc/syntax/syntax_colors.rst.txt,1997,1997,676060DA,676060DA,2025-02-27T18:44:40.164092+00:00,2026-09-29T23:36:23.767188+00:00,nur Zeit geändert
Apps/FrameServer/AviSynth/html/_sources/avisynthdoc/syntax/syntax_control_structures.rst.txt,11896,11896,32407ACE,32407ACE,2025-01-12T19:38:58.987619+00:00,2026-09-29T23:36:23.767880+00:00,nur Zeit geändert
Apps/FrameServer/AviSynth/html/_sources/avisynthdoc/syntax/syntax_formal_avisynth_grammar.rst.txt,17083,17083,8FF7D13C,8FF7D13C,2024-02-04T20:00:53.547940+00:00,2026-09-29T23:36:23.768496+00:00,nur Zeit geändert
Apps/FrameServer/AviSynth/html/_sources/avisynthdoc/syntax/syntax_function_objects.rst.txt,8250,8250,D72E0D7E,D72E0D7E,2024-02-04T20:00:53.555944+00:00,2026-09-29T23:36:23.769172+00:00,nur Zeit geändert
Apps/FrameServer/AviSynth/html/_sources/avisynthdoc/syntax/syntax_internal_functions.rst.txt,3233,3233,352F3132,352F3132,2024-02-04T20:00:53.566894+00:00,2026-09-29T23:36:23.769667+00:00,nur Zeit geändert
Apps/FrameServer/AviSynth/html/_sources/avisynthdoc/syntax/syntax_internal_functions_bit.rst.txt,10424,10424,040D4A36,040D4A36,2025-02-27T18:44:40.164092+00:00,2026-09-29T23:36:23.770476+00:00,nur Zeit geändert
Apps/FrameServer/AviSynth/html/_sources/avisynthdoc/syntax/syntax_internal_functions_boolean.rst.txt,5828,5828,ACF8CAE0,ACF8CAE0,2025-02-27T18:44:40.179740+00:00,2026-09-29T23:36:23.771000+00:00,nur Zeit geändert
Apps/FrameServer/AviSynth/html/_sources/avisynthdoc/syntax/syntax_internal_functions_control.rst.txt,8856,8856,CB83304F,CB83304F,2025-02-27T18:44:40.179740+00:00,2026-09-29T23:36:23.771686+00:00,nur Zeit geändert
Apps/FrameServer/AviSynth/html/_sources/avisynthdoc/syntax/syntax_internal_functions_conversion.rst.txt,5955,5955,A68D51F3,A68D51F3,2025-04-02T18:27:20.964956+00:00,2026-09-29T23:36:23.772228+00:00,nur Zeit geändert
Apps/FrameServer/AviSynth/html/_sources/avisynthdoc/syntax/syntax_internal_functions_debug.rst.txt,4774,4774,C942F891,C942F891,2025-01-12T19:38:59.000622+00:00,2026-09-29T23:36:23.772819+00:00,nur Zeit geändert
Apps/FrameServer/AviSynth/html/_sources/avisynthdoc/syntax/syntax_internal_functions_frame_properties.rst.txt,21440,21440,6925C201,6925C201,2025-03-07T01:52:24.780139+00:00,2026-09-29T23:36:23.773483+00:00,nur Zeit geändert
Apps/FrameServer/AviSynth/html/_sources/avisynthdoc/syntax/syntax_internal_functions_function_object.rst.txt,1410,1410,525D61A2,525D61A2,2025-02-27T18:44:40.210990+00:00,2026-09-29T23:36:23.774089+00:00,nur Zeit geändert
Apps/FrameServer/AviSynth/html/_sources/avisynthdoc/syntax/syntax_internal_functions_global_options.rst.txt,12256,12256,33A93CBD,33A93CBD,2025-02-27T18:44:40.210990+00:00,2026-09-29T23:36:23.774660+00:00,nur Zeit geändert
Apps/FrameServer/AviSynth/html/_sources/avisynthdoc/syntax/syntax_internal_functions_multithreading.rst.txt,4014,4014,77E6BD33,77E6BD33,2024-02-04T20:00:53.598833+00:00,2026-09-29T23:36:23.775395+00:00,nur Zeit geändert
Apps/FrameServer/AviSynth/html/_sources/avisynthdoc/syntax/syntax_internal_functions_multithreading_new.rst.txt,10524,10524,946A5527,946A5527,2024-02-04T20:00:53.599808+00:00,2026-09-29T23:36:23.776054+00:00,nur Zeit geändert
Apps/FrameServer/AviSynth/html/_sources/avisynthdoc/syntax/syntax_internal_functions_numeric.rst.txt,9567,9567,7CEE9733,7CEE9733,2025-02-27T18:44:40.226616+00:00,2026-09-29T23:36:23.776636+00:00,nur Zeit geändert
Apps/FrameServer/AviSynth/html/_sources/avisynthdoc/syntax/syntax_internal_functions_runtime.rst.txt,8487,8487,A5888A2F,A5888A2F,2025-02-27T18:44:40.226616+00:00,2026-09-29T23:36:23.777275+00:00,nur Zeit geändert
Apps/FrameServer/AviSynth/html/_sources/avisynthdoc/syntax/syntax_internal_functions_script.rst.txt,768,768,9B09AD5D,9B09AD5D,2021-01-11T21:27:08.456270+00:00,2026-09-29T23:36:23.777752+00:00,nur Zeit geändert
Apps/FrameServer/AviSynth/html/_sources/avisynthdoc/syntax/syntax_internal_functions_string.rst.txt,14161,14161,1AB50E6E,1AB50E6E,2024-02-04T20:00:53.613784+00:00,2026-09-29T23:36:23.778476+00:00,nur Zeit geändert
Apps/FrameServer/AviSynth/html/_sources/avisynthdoc/syntax/syntax_internal_functions_trig.rst.txt,2541,2541,CC552138,CC552138,2024-02-04T20:00:53.624763+00:00,2026-09-29T23:36:23.778974+00:00,nur Zeit geändert
Apps/FrameServer/AviSynth/html/_sources/avisynthdoc/syntax/syntax_internal_functions_version.rst.txt,3578,3578,33BAC145,33BAC145,2025-02-27T18:44:40.242243+00:00,2026-09-29T23:36:23.779596+00:00,nur Zeit geändert
Apps/FrameServer/AviSynth/html/_sources/avisynthdoc/syntax/syntax_operators.rst.txt,5763,5763,F44C397F,F44C397F,2021-01-11T21:27:08.456270+00:00,2026-09-29T23:36:23.780236+00:00,nur Zeit geändert
Apps/FrameServer/AviSynth/html/_sources/avisynthdoc/syntax/syntax_plugins.rst.txt,5847,5847,E65B82B2,E65B82B2,2025-01-12T19:38:59.014624+00:00,2026-09-29T23:36:23.780830+00:00,nur Zeit geändert
Apps/FrameServer/AviSynth/html/_sources/avisynthdoc/syntax/syntax_ref.rst.txt,7879,7879,934C73F2,934C73F2,2024-02-04T20:00:53.633947+00:00,2026-09-29T23:36:23.781395+00:00,nur Zeit geändert
Apps/FrameServer/AviSynth/html/_sources/avisynthdoc/syntax/syntax_runtime_environment.rst.txt,5500,5500,48C6C20C,48C6C20C,2021-10-10T01:48:35.109979+00:00,2026-09-29T23:36:23.782062+00:00,nur Zeit geändert
Apps/FrameServer/AviSynth/html/_sources/avisynthdoc/syntax/syntax_script_variables.rst.txt,7498,7498,45C1DF8F,45C1DF8F,2025-02-27T18:44:40.242243+00:00,2026-09-29T23:36:23.782619+00:00,nur Zeit geändert
Apps/FrameServer/AviSynth/html/_sources/avisynthdoc/syntax/syntax_sections.rst.txt,2383,2383,0EAC980D,0EAC980D,2024-02-04T20:00:53.633947+00:00,2026-09-29T23:36:23.783209+00:00,nur Zeit geändert
Apps/FrameServer/AviSynth/html/_sources/avisynthdoc/syntax/syntax_the_full_grammar.rst.txt,25560,25560,1D187820,1D187820,2024-02-04T20:00:53.633947+00:00,2026-09-29T23:36:23.783888+00:00,nur Zeit geändert
Apps/FrameServer/AviSynth/html/_sources/avisynthdoc/syntax/syntax_userdefined_scriptfunctions.rst.txt,6085,6085,555C6B50,555C6B50,2025-02-27T18:44:40.273468+00:00,2026-09-29T23:36:23.784704+00:00,nur Zeit geändert
Apps/FrameServer/AviSynth/html/_sources/avisynthdoc/twopointfive.rst.txt,3507,3507,EE6895BC,EE6895BC,2021-01-11T21:27:08.503134+00:00,2026-09-29T23:36:23.785278+00:00,nur Zeit geändert
Apps/FrameServer/AviSynth/html/_sources/avisynthdoc/twopointsix.rst.txt,506,506,BA50094F,BA50094F,2021-01-11T21:27:08.503134+00:00,2026-09-29T23:36:23.785854+00:00,nur Zeit geändert
Apps/FrameServer/AviSynth/html/_sources/index.rst.txt,754,754,A3E5C76A,A3E5C76A,2025-03-07T01:52:48.101465+00:00,2026-09-29T23:36:23.786384+00:00,nur Zeit geändert
Apps/FrameServer/AviSynth/html/_static/AvsiDoc.ico,185462,185462,65464F9D,65464F9D,2021-01-11T21:27:05.549787+00:00,2026-09-29T23:36:23.788755+00:00,nur Zeit geändert
Apps/FrameServer/AviSynth/html/_static/background_b01.png,78,78,BCB0720C,BCB0720C,2022-05-20T20:54:21.517244+00:00,2026-09-29T23:36:23.835412+00:00,nur Zeit geändert
Apps/FrameServer/AviSynth/html/_static/basic.css,15597,15597,B88DFDC7,B88DFDC7,2025-04-21T01:40:42.077003+00:00,2026-09-29T23:36:23.841417+00:00,nur Zeit geändert
Apps/FrameServer/AviSynth/html/_static/bizstyle.css,10305,10305,0F62557E,0F62557E,2025-04-21T01:40:42.123872+00:00,2026-09-29T23:36:23.842272+00:00,nur Zeit geändert
Apps/FrameServer/AviSynth/html/_static/bizstyle.js,1217,1217,5195BB09,5195BB09,2025-04-21T01:40:42.123872+00:00,2026-09-29T23:36:23.842872+00:00,nur Zeit geändert
Apps/FrameServer/AviSynth/html/_static/css3-mediaqueries.js,14940,14940,403ACEE6,403ACEE6,2022-05-20T20:54:21.517244+00:00,2026-09-29T23:36:23.843680+00:00,nur Zeit geändert
Apps/FrameServer/AviSynth/html/_static/css3-mediaqueries_src.js,28634,28634,29908DC3,29908DC3,2022-05-20T20:54:21.517244+00:00,2026-09-29T23:36:23.844507+00:00,nur Zeit geändert
Apps/FrameServer/AviSynth/html/_static/DocIcon-Large.svg,994463,994463,9A698D9A,9A698D9A,2021-01-11T21:27:05.502926+00:00,2026-09-29T23:36:23.811412+00:00,nur Zeit geändert
Apps/FrameServer/AviSynth/html/_static/doctools.js,10766,10766,A6D80EB4,A6D80EB4,2022-05-20T20:54:21.501625+00:00,2026-09-29T23:36:23.845272+00:00,nur Zeit geändert
Apps/FrameServer/AviSynth/html/_static/documentation_options.js,433,433,A074CFEF,A074CFEF,2025-04-21T01:40:42.092619+00:00,2026-09-29T23:36:23.845856+00:00,nur Zeit geändert
Apps/FrameServer/AviSynth/html/_static/file.png,286,286,53AF5B53,53AF5B53,2022-05-20T20:54:21.517244+00:00,2026-09-29T23:36:23.846539+00:00,nur Zeit geändert
Apps/FrameServer/AviSynth/html/_static/jquery-3.5.1.js,287630,287630,9650C068,9650C068,2022-05-20T20:54:21.517244+00:00,2026-09-29T23:36:23.849633+00:00,nur Zeit geändert
Apps/FrameServer/AviSynth/html/_static/jquery.js,89476,89476,3D1D8B85,3D1D8B85,2022-05-20T20:54:21.517244+00:00,2026-09-29T23:36:23.851448+00:00,nur Zeit geändert
Apps/FrameServer/AviSynth/html/_static/language_data.js,11151,11151,F906773B,F906773B,2025-04-21T01:40:42.092619+00:00,2026-09-29T23:36:23.852200+00:00,nur Zeit geändert
Apps/FrameServer/AviSynth/html/_static/minus.png,90,90,B0B5917F,B0B5917F,2022-05-20T20:54:21.517244+00:00,2026-09-29T23:36:23.852865+00:00,nur Zeit geändert
Apps/FrameServer/AviSynth/html/_static/plus.png,90,90,5A25D2D1,5A25D2D1,2022-05-20T20:54:21.517244+00:00,2026-09-29T23:36:23.853422+00:00,nur Zeit geändert
Apps/FrameServer/AviSynth/html/_static/pygments.css,4919,4919,C5BF163D,C5BF163D,2025-04-21T01:40:42.061374+00:00,2026-09-29T23:36:23.854121+00:00,nur Zeit geändert
Apps/FrameServer/AviSynth/html/_static/searchtools.js,16634,16634,54BA979A,54BA979A,2022-05-20T20:54:21.517244+00:00,2026-09-29T23:36:23.854814+00:00,nur Zeit geändert
Apps/FrameServer/AviSynth/html/_static/underscore-1.13.1.js,68420,68420,6D13B6BF,6D13B6BF,2022-05-20T20:54:21.517244+00:00,2026-09-29T23:36:23.855939+00:00,nur Zeit geändert
Apps/FrameServer/AviSynth/html/_static/underscore.js,19530,19530,E1A751A7,E1A751A7,2022-05-20T20:54:21.517244+00:00,2026-09-29T23:36:23.856859+00:00,nur Zeit geändert
Apps/FrameServer/AviSynth/html/avisynthdoc/advancedtopics.html,14674,14674,4282E9C6,4282E9C6,2025-03-07T01:53:12.862441+00:00,2026-09-29T23:36:23.910132+00:00,nur Zeit geändert
Apps/FrameServer/AviSynth/html/avisynthdoc/advancedtopics/color_conversions.html,9444,9444,70ECF379,70ECF379,2025-03-07T01:53:12.878067+00:00,2026-09-29T23:36:23.903945+00:00,nur Zeit geändert
Apps/FrameServer/AviSynth/html/avisynthdoc/advancedtopics/colorimetry.html,36984,36984,98394AB7,98394AB7,2025-04-21T01:40:33.578260+00:00,2026-09-29T23:36:23.904948+00:00,nur Zeit geändert
Apps/FrameServer/AviSynth/html/avisynthdoc/advancedtopics/hybrid_video.html,50142,50142,F42CD206,F42CD206,2025-04-21T01:40:33.656364+00:00,2026-09-29T23:36:23.905966+00:00,nur Zeit geändert
Apps/FrameServer/AviSynth/html/avisynthdoc/advancedtopics/importing_media.html,60756,60756,D21B7FDB,D21B7FDB,2025-03-07T01:53:13.188665+00:00,2026-09-29T23:36:23.906910+00:00,nur Zeit geändert
Apps/FrameServer/AviSynth/html/avisynthdoc/advancedtopics/interlaced_fieldbased.html,26183,26183,72713127,72713127,2025-03-07T01:53:13.233715+00:00,2026-09-29T23:36:23.907648+00:00,nur Zeit geändert
Apps/FrameServer/AviSynth/html/avisynthdoc/advancedtopics/luminance_levels.html,21170,21170,C3CD286B,C3CD286B,2025-03-07T01:53:13.268249+00:00,2026-09-29T23:36:23.908558+00:00,nur Zeit geändert
Apps/FrameServer/AviSynth/html/avisynthdoc/advancedtopics/sampling.html,52620,52620,D1EA95B5,D1EA95B5,2025-03-07T01:53:13.337488+00:00,2026-09-29T23:36:23.909344+00:00,nur Zeit geändert
Apps/FrameServer/AviSynth/html/avisynthdoc/avisynthplus.html,7067,7067,270CA630,270CA630,2025-03-07T01:53:13.362043+00:00,2026-09-29T23:36:23.910715+00:00,nur Zeit geändert
Apps/FrameServer/AviSynth/html/avisynthdoc/changelist.html,84009,84009,192F1A97,192F1A97,2025-03-07T01:53:13.451110+00:00,2026-09-29T23:36:23.911945+00:00,nur Zeit geändert
Apps/FrameServer/AviSynth/html/avisynthdoc/changelist26.html,23552,23552,8005FCC1,8005FCC1,2025-04-21T01:40:33.703235+00:00,2026-09-29T23:36:23.912822+00:00,nur Zeit geändert
Apps/FrameServer/AviSynth/html/avisynthdoc/changelist34.html,7091,7091,340B44F3,340B44F3,2025-04-21T01:40:33.734489+00:00,2026-09-29T23:36:23.913403+00:00,nur Zeit geändert
Apps/FrameServer/AviSynth/html/avisynthdoc/changelist34pre.html,148015,148015,8657C752,8657C752,2025-04-21T01:40:33.890760+00:00,2026-09-29T23:36:23.914969+00:00,nur Zeit geändert
Apps/FrameServer/AviSynth/html/avisynthdoc/changelist35.html,9669,9669,67985D43,67985D43,2025-04-21T01:40:33.968891+00:00,2026-09-29T23:36:23.915822+00:00,nur Zeit geändert
Apps/FrameServer/AviSynth/html/avisynthdoc/changelist36.html,10454,10454,EEBE5B99,EEBE5B99,2025-04-21T01:40:34.000131+00:00,2026-09-29T23:36:23.916435+00:00,nur Zeit geändert
Apps/FrameServer/AviSynth/html/avisynthdoc/changelist37.html,12206,12206,0B0339C8,0B0339C8,2025-04-21T01:40:34.047011+00:00,2026-09-29T23:36:23.917144+00:00,nur Zeit geändert
Apps/FrameServer/AviSynth/html/avisynthdoc/changelist371.html,18916,18916,468C3872,468C3872,2025-04-21T01:40:34.093891+00:00,2026-09-29T23:36:23.917808+00:00,nur Zeit geändert
Apps/FrameServer/AviSynth/html/avisynthdoc/changelist372.html,11660,11660,1F10C765,1F10C765,2025-04-21T01:40:34.125139+00:00,2026-09-29T23:36:23.918547+00:00,nur Zeit geändert
Apps/FrameServer/AviSynth/html/avisynthdoc/changelist373.html,18986,18986,94A55086,94A55086,2025-04-21T01:40:34.172016+00:00,2026-09-29T23:36:23.919217+00:00,nur Zeit geändert
Apps/FrameServer/AviSynth/html/avisynthdoc/changelist374.html,33904,33904,C20D3358,C20D3358,2025-04-21T01:40:34.234489+00:00,2026-09-29T23:36:23.919985+00:00,nur Zeit geändert
Apps/FrameServer/AviSynth/html/avisynthdoc/changelist375.html,7600,7600,2A3BDE55,2A3BDE55,2025-04-21T01:40:34.265739+00:00,2026-09-29T23:36:23.920865+00:00,nur Zeit geändert
Apps/FrameServer/AviSynth/html/avisynthdoc/contributing/avsplus_external_deps_guide_manual.html,174671,174671,7FF4B624,7FF4B624,2025-04-21T01:40:34.437809+00:00,2026-09-29T23:36:23.921868+00:00,nur Zeit geändert
Apps/FrameServer/AviSynth/html/avisynthdoc/contributing/avsplus_external_deps_guide_manual_arm.html,117910,117910,9BC78794,9BC78794,2025-04-21T01:40:34.547184+00:00,2026-09-29T23:36:23.923065+00:00,nur Zeit geändert
Apps/FrameServer/AviSynth/html/avisynthdoc/contributing/compiling_avsplus.html,76133,76133,7680A044,7680A044,2025-04-21T01:40:34.640956+00:00,2026-09-29T23:36:23.923969+00:00,nur Zeit geändert
Apps/FrameServer/AviSynth/html/avisynthdoc/contributing/contributing_with_git.html,26945,26945,1B2B1C0E,1B2B1C0E,2025-03-07T01:53:14.356336+00:00,2026-09-29T23:36:23.925124+00:00,nur Zeit geändert
Apps/FrameServer/AviSynth/html/avisynthdoc/contributing/posix.html,41558,41558,555FD34D,555FD34D,2025-04-21T01:40:34.703433+00:00,2026-09-29T23:36:23.925848+00:00,nur Zeit geändert
Apps/FrameServer/AviSynth/html/avisynthdoc/corefilters.html,34175,34175,DCB339B1,DCB339B1,2025-04-21T01:40:34.750308+00:00,2026-09-29T23:36:24.019478+00:00,nur Zeit geändert
Apps/FrameServer/AviSynth/html/avisynthdoc/corefilters/addborders.html,32694,32694,0CF3F62B,0CF3F62B,2025-04-21T01:40:34.875308+00:00,2026-09-29T23:36:23.926665+00:00,nur Zeit geändert
Apps/FrameServer/AviSynth/html/avisynthdoc/corefilters/adjust.html,10354,10354,5BDFC6BF,5BDFC6BF,2025-04-21T01:40:34.906558+00:00,2026-09-29T23:36:23.927364+00:00,nur Zeit geändert
Apps/FrameServer/AviSynth/html/avisynthdoc/corefilters/amplify.html,13682,13682,E77ED815,E77ED815,2025-04-21T01:40:34.937809+00:00,2026-09-29T23:36:23.928092+00:00,nur Zeit geändert
Apps/FrameServer/AviSynth/html/avisynthdoc/corefilters/animate.html,48141,48141,2EF5A761,2EF5A761,2025-04-21T01:40:35.000336+00:00,2026-09-29T23:36:23.928804+00:00,nur Zeit geändert
Apps/FrameServer/AviSynth/html/avisynthdoc/corefilters/assumerate.html,10525,10525,8AF9933A,8AF9933A,2025-04-21T01:40:35.031585+00:00,2026-09-29T23:36:23.929539+00:00,nur Zeit geändert
Apps/FrameServer/AviSynth/html/avisynthdoc/corefilters/audiodub.html,9203,9203,9B45FBFF,9B45FBFF,2025-04-21T01:40:35.062835+00:00,2026-09-29T23:36:23.930184+00:00,nur Zeit geändert
Apps/FrameServer/AviSynth/html/avisynthdoc/corefilters/avisource.html,36186,36186,ED5B8B71,ED5B8B71,2025-04-21T01:40:35.109712+00:00,2026-09-29T23:36:23.930993+00:00,nur Zeit geändert
Apps/FrameServer/AviSynth/html/avisynthdoc/corefilters/blankclip.html,26977,26977,9F55FDBA,9F55FDBA,2025-04-21T01:40:35.172184+00:00,2026-09-29T23:36:23.931664+00:00,nur Zeit geändert
Apps/FrameServer/AviSynth/html/avisynthdoc/corefilters/blur.html,13597,13597,2AE51364,2AE51364,2025-04-21T01:40:35.203433+00:00,2026-09-29T23:36:23.932390+00:00,nur Zeit geändert
Apps/FrameServer/AviSynth/html/avisynthdoc/corefilters/bob.html,12094,12094,A0DC5D61,A0DC5D61,2025-04-21T01:40:35.250337+00:00,2026-09-29T23:36:23.932996+00:00,nur Zeit geändert
Apps/FrameServer/AviSynth/html/avisynthdoc/corefilters/colorbars.html,29720,29720,13333D68,13333D68,2025-04-21T01:40:35.312838+00:00,2026-09-29T23:36:23.933852+00:00,nur Zeit geändert
Apps/FrameServer/AviSynth/html/avisynthdoc/corefilters/coloryuv.html,16237,16237,7C4B652F,7C4B652F,2025-03-07T01:53:14.972028+00:00,2026-09-29T23:36:23.934563+00:00,nur Zeit geändert
Apps/FrameServer/AviSynth/html/avisynthdoc/corefilters/combineplanes.html,21963,21963,EC1B304C,EC1B304C,2025-04-21T01:40:35.359683+00:00,2026-09-29T23:36:23.935280+00:00,nur Zeit geändert
Apps/FrameServer/AviSynth/html/avisynthdoc/corefilters/compare.html,13590,13590,E989E4C5,E989E4C5,2025-04-21T01:40:35.390956+00:00,2026-09-29T23:36:23.935878+00:00,nur Zeit geändert
Apps/FrameServer/AviSynth/html/avisynthdoc/corefilters/conditionalfilter.html,77981,77981,9AC7270B,9AC7270B,2025-04-21T01:40:35.547212+00:00,2026-09-29T23:36:23.937065+00:00,nur Zeit geändert
Apps/FrameServer/AviSynth/html/avisynthdoc/corefilters/conditionalreader.html,35345,35345,2D69FEA3,2D69FEA3,2025-04-21T01:40:35.640960+00:00,2026-09-29T23:36:23.938321+00:00,nur Zeit geändert
Apps/FrameServer/AviSynth/html/avisynthdoc/corefilters/convert.html,47672,47672,2730CCB7,2730CCB7,2025-04-21T01:40:35.765956+00:00,2026-09-29T23:36:23.939300+00:00,nur Zeit geändert
Apps/FrameServer/AviSynth/html/avisynthdoc/corefilters/convertaudio.html,8248,8248,1507F91A,1507F91A,2025-04-21T01:40:35.812835+00:00,2026-09-29T23:36:23.939300+00:00,nur Zeit geändert
Apps/FrameServer/AviSynth/html/avisynthdoc/corefilters/convertbits.html,13407,13407,0B7E83D8,0B7E83D8,2025-04-21T01:40:35.844083+00:00,2026-09-29T23:36:23.940699+00:00,nur Zeit geändert
Apps/FrameServer/AviSynth/html/avisynthdoc/corefilters/convertstacked.html,16943,16943,D91C0253,D91C0253,2025-04-21T01:40:35.906558+00:00,2026-09-29T23:36:23.941465+00:00,nur Zeit geändert
Apps/FrameServer/AviSynth/html/avisynthdoc/corefilters/converttomono.html,6491,6491,61DA9DAA,61DA9DAA,2025-04-21T01:40:35.937830+00:00,2026-09-29T23:36:23.942091+00:00,nur Zeit geändert
Apps/FrameServer/AviSynth/html/avisynthdoc/corefilters/convolution.html,19035,19035,79EF2A92,79EF2A92,2025-04-21T01:40:35.969083+00:00,2026-09-29T23:36:23.942817+00:00,nur Zeit geändert
Apps/FrameServer/AviSynth/html/avisynthdoc/corefilters/crop.html,19353,19353,B6218605,B6218605,2025-04-21T01:40:36.015960+00:00,2026-09-29T23:36:23.943720+00:00,nur Zeit geändert
Apps/FrameServer/AviSynth/html/avisynthdoc/corefilters/delayaudio.html,8222,8222,B5E06731,B5E06731,2025-04-21T01:40:36.047212+00:00,2026-09-29T23:36:23.945014+00:00,nur Zeit geändert
Apps/FrameServer/AviSynth/html/avisynthdoc/corefilters/deleteframe.html,9334,9334,D327A182,D327A182,2025-04-21T01:40:36.078457+00:00,2026-09-29T23:36:23.945852+00:00,nur Zeit geändert
Apps/FrameServer/AviSynth/html/avisynthdoc/corefilters/directshowsource.html,41520,41520,30E0964E,30E0964E,2025-04-21T01:40:36.125331+00:00,2026-09-29T23:36:23.947342+00:00,nur Zeit geändert
Apps/FrameServer/AviSynth/html/avisynthdoc/corefilters/dissolve.html,10468,10468,C056B492,C056B492,2025-04-21T01:40:36.172208+00:00,2026-09-29T23:36:23.948118+00:00,nur Zeit geändert
Apps/FrameServer/AviSynth/html/avisynthdoc/corefilters/doubleweave.html,7943,7943,2389E9A9,2389E9A9,2025-03-07T01:53:15.784550+00:00,2026-09-29T23:36:23.949043+00:00,nur Zeit geändert
Apps/FrameServer/AviSynth/html/avisynthdoc/corefilters/duplicateframe.html,8264,8264,123D9D00,123D9D00,2025-04-21T01:40:36.187835+00:00,2026-09-29T23:36:23.949804+00:00,nur Zeit geändert
Apps/FrameServer/AviSynth/html/avisynthdoc/corefilters/echo.html,9214,9214,479BB679,479BB679,2025-04-21T01:40:36.234705+00:00,2026-09-29T23:36:23.950710+00:00,nur Zeit geändert
Apps/FrameServer/AviSynth/html/avisynthdoc/corefilters/ensuresync.html,7123,7123,0D71F0EA,0D71F0EA,2025-04-21T01:40:36.265955+00:00,2026-09-29T23:36:23.951516+00:00,nur Zeit geändert
Apps/FrameServer/AviSynth/html/avisynthdoc/corefilters/expr.html,59536,59536,3F3BEC29,3F3BEC29,2025-04-21T01:40:36.328603+00:00,2026-09-29T23:36:23.952926+00:00,nur Zeit geändert
Apps/FrameServer/AviSynth/html/avisynthdoc/corefilters/extract.html,11314,11314,81373773,81373773,2025-04-21T01:40:36.359857+00:00,2026-09-29T23:36:23.953787+00:00,nur Zeit geändert
Apps/FrameServer/AviSynth/html/avisynthdoc/corefilters/fade.html,19707,19707,39129245,39129245,2025-04-21T01:40:36.406732+00:00,2026-09-29T23:36:23.954800+00:00,nur Zeit geändert
Apps/FrameServer/AviSynth/html/avisynthdoc/corefilters/fixbrokenchromaupsampling.html,8063,8063,2D4B31FD,2D4B31FD,2025-04-21T01:40:36.436016+00:00,2026-09-29T23:36:23.955817+00:00,nur Zeit geändert
Apps/FrameServer/AviSynth/html/avisynthdoc/corefilters/fixluminance.html,10158,10158,F4479EB3,F4479EB3,2025-04-21T01:40:36.467275+00:00,2026-09-29T23:36:23.956652+00:00,nur Zeit geändert
Apps/FrameServer/AviSynth/html/avisynthdoc/corefilters/flip.html,7815,7815,6D5F02F2,6D5F02F2,2025-04-21T01:40:36.498550+00:00,2026-09-29T23:36:23.957532+00:00,nur Zeit geändert
Apps/FrameServer/AviSynth/html/avisynthdoc/corefilters/fps.html,39955,39955,6762CC06,6762CC06,2025-04-21T01:40:36.607928+00:00,2026-09-29T23:36:23.958622+00:00,nur Zeit geändert
Apps/FrameServer/AviSynth/html/avisynthdoc/corefilters/freezeframe.html,8743,8743,F6B21E98,F6B21E98,2025-04-21T01:40:36.639179+00:00,2026-09-29T23:36:23.959601+00:00,nur Zeit geändert
Apps/FrameServer/AviSynth/html/avisynthdoc/corefilters/getchannel.html,24204,24204,70C43C46,70C43C46,2025-04-21T01:40:36.686046+00:00,2026-09-29T23:36:23.960484+00:00,nur Zeit geändert
Apps/FrameServer/AviSynth/html/avisynthdoc/corefilters/greyscale.html,13487,13487,8B951F41,8B951F41,2025-04-21T01:40:36.748552+00:00,2026-09-29T23:36:23.961492+00:00,nur Zeit geändert
Apps/FrameServer/AviSynth/html/avisynthdoc/corefilters/histogram.html,26593,26593,CAD153CF,CAD153CF,2025-04-21T01:40:36.811046+00:00,2026-09-29T23:36:23.962536+00:00,nur Zeit geändert
Apps/FrameServer/AviSynth/html/avisynthdoc/corefilters/imagesource.html,17212,17212,1370F121,1370F121,2025-03-07T01:53:16.470192+00:00,2026-09-29T23:36:23.963553+00:00,nur Zeit geändert
Apps/FrameServer/AviSynth/html/avisynthdoc/corefilters/imagewriter.html,20213,20213,8E1484EA,8E1484EA,2025-04-21T01:40:36.857923+00:00,2026-09-29T23:36:23.964254+00:00,nur Zeit geändert
Apps/FrameServer/AviSynth/html/avisynthdoc/corefilters/import.html,9421,9421,D4F91543,D4F91543,2025-04-21T01:40:36.889177+00:00,2026-09-29T23:36:23.964987+00:00,nur Zeit geändert
Apps/FrameServer/AviSynth/html/avisynthdoc/corefilters/info.html,18905,18905,BC516E4B,BC516E4B,2025-04-21T01:40:36.936052+00:00,2026-09-29T23:36:23.965691+00:00,nur Zeit geändert
Apps/FrameServer/AviSynth/html/avisynthdoc/corefilters/interleave.html,7498,7498,9440D2E7,9440D2E7,2025-04-21T01:40:36.967275+00:00,2026-09-29T23:36:23.966452+00:00,nur Zeit geändert
Apps/FrameServer/AviSynth/html/avisynthdoc/corefilters/invert.html,9618,9618,B0D6EAEE,B0D6EAEE,2025-04-21T01:40:36.998528+00:00,2026-09-29T23:36:23.967056+00:00,nur Zeit geändert
Apps/FrameServer/AviSynth/html/avisynthdoc/corefilters/killaudio.html,6984,6984,D7207B78,D7207B78,2025-04-21T01:40:37.029798+00:00,2026-09-29T23:36:23.967753+00:00,nur Zeit geändert
Apps/FrameServer/AviSynth/html/avisynthdoc/corefilters/layer.html,26113,26113,F657E295,F657E295,2025-04-21T01:40:37.061052+00:00,2026-09-29T23:36:23.968672+00:00,nur Zeit geändert
Apps/FrameServer/AviSynth/html/avisynthdoc/corefilters/letterbox.html,14697,14697,76FBCC39,76FBCC39,2025-04-21T01:40:37.107902+00:00,2026-09-29T23:36:23.969617+00:00,nur Zeit geändert
Apps/FrameServer/AviSynth/html/avisynthdoc/corefilters/levels.html,25093,25093,141D6C1D,141D6C1D,2025-04-21T01:40:37.154798+00:00,2026-09-29T23:36:23.970625+00:00,nur Zeit geändert
Apps/FrameServer/AviSynth/html/avisynthdoc/corefilters/limiter.html,9177,9177,BA6D31CD,BA6D31CD,2025-03-07T01:53:16.816208+00:00,2026-09-29T23:36:23.971638+00:00,nur Zeit geändert
Apps/FrameServer/AviSynth/html/avisynthdoc/corefilters/loop.html,10649,10649,321D1FBD,321D1FBD,2025-04-21T01:40:37.186052+00:00,2026-09-29T23:36:23.972507+00:00,nur Zeit geändert
Apps/FrameServer/AviSynth/html/avisynthdoc/corefilters/mask.html,29458,29458,C382659E,C382659E,2025-04-21T01:40:37.232932+00:00,2026-09-29T23:36:23.973611+00:00,nur Zeit geändert
Apps/FrameServer/AviSynth/html/avisynthdoc/corefilters/maskhs.html,16121,16121,7F7B35D0,7F7B35D0,2025-04-21T01:40:37.279798+00:00,2026-09-29T23:36:23.974588+00:00,nur Zeit geändert
Apps/FrameServer/AviSynth/html/avisynthdoc/corefilters/merge.html,15929,15929,0E81C1CF,0E81C1CF,2025-04-21T01:40:37.311054+00:00,2026-09-29T23:36:23.975491+00:00,nur Zeit geändert
Apps/FrameServer/AviSynth/html/avisynthdoc/corefilters/mergechannels.html,9299,9299,649F18A9,649F18A9,2025-04-21T01:40:37.342275+00:00,2026-09-29T23:36:23.976729+00:00,nur Zeit geändert
Apps/FrameServer/AviSynth/html/avisynthdoc/corefilters/mergergb.html,11885,11885,B0E52275,B0E52275,2025-04-21T01:40:37.373552+00:00,2026-09-29T23:36:23.977747+00:00,nur Zeit geändert
Apps/FrameServer/AviSynth/html/avisynthdoc/corefilters/message.html,9119,9119,594433BE,594433BE,2025-04-21T01:40:37.404800+00:00,2026-09-29T23:36:23.978614+00:00,nur Zeit geändert
Apps/FrameServer/AviSynth/html/avisynthdoc/corefilters/mixaudio.html,10557,10557,EE326AE0,EE326AE0,2025-04-21T01:40:37.498528+00:00,2026-09-29T23:36:23.979595+00:00,nur Zeit geändert
Apps/FrameServer/AviSynth/html/avisynthdoc/corefilters/monotostereo.html,8397,8397,FAFCD988,FAFCD988,2025-04-21T01:40:37.529777+00:00,2026-09-29T23:36:23.980438+00:00,nur Zeit geändert
Apps/FrameServer/AviSynth/html/avisynthdoc/corefilters/multioverlay.html,14110,14110,FD48AD7F,FD48AD7F,2025-04-21T01:40:37.561052+00:00,2026-09-29T23:36:23.981462+00:00,nur Zeit geändert
Apps/FrameServer/AviSynth/html/avisynthdoc/corefilters/normalize.html,17275,17275,62B4E9A2,62B4E9A2,2025-04-21T01:40:37.592302+00:00,2026-09-29T23:36:23.982396+00:00,nur Zeit geändert
Apps/FrameServer/AviSynth/html/avisynthdoc/corefilters/overlay.html,44389,44389,CA8948E1,CA8948E1,2025-04-21T01:40:37.654804+00:00,2026-09-29T23:36:23.983595+00:00,nur Zeit geändert
Apps/FrameServer/AviSynth/html/avisynthdoc/corefilters/parity.html,13104,13104,4F781BA9,4F781BA9,2025-04-21T01:40:37.717299+00:00,2026-09-29T23:36:23.984894+00:00,nur Zeit geändert
Apps/FrameServer/AviSynth/html/avisynthdoc/corefilters/peculiar.html,7764,7764,EBC755F2,EBC755F2,2025-04-21T01:40:37.764171+00:00,2026-09-29T23:36:23.985640+00:00,nur Zeit geändert
Apps/FrameServer/AviSynth/html/avisynthdoc/corefilters/preroll.html,8695,8695,BD124CF5,BD124CF5,2025-04-21T01:40:37.779776+00:00,2026-09-29T23:36:23.986961+00:00,nur Zeit geändert
Apps/FrameServer/AviSynth/html/avisynthdoc/corefilters/propShow.html,14722,14722,C18C931F,C18C931F,2025-04-21T01:40:37.826675+00:00,2026-09-29T23:36:23.987864+00:00,nur Zeit geändert
Apps/FrameServer/AviSynth/html/avisynthdoc/corefilters/pulldown.html,11435,11435,EA13010E,EA13010E,2025-03-07T01:53:17.435707+00:00,2026-09-29T23:36:23.988560+00:00,nur Zeit geändert
Apps/FrameServer/AviSynth/html/avisynthdoc/corefilters/reduceby2.html,11019,11019,E0E11123,E0E11123,2025-04-21T01:40:37.857923+00:00,2026-09-29T23:36:23.989481+00:00,nur Zeit geändert
Apps/FrameServer/AviSynth/html/avisynthdoc/corefilters/resampleaudio.html,11325,11325,FDACE17E,FDACE17E,2025-04-21T01:40:37.889176+00:00,2026-09-29T23:36:23.990324+00:00,nur Zeit geändert
Apps/FrameServer/AviSynth/html/avisynthdoc/corefilters/resize.html,79520,79520,EAC533D7,EAC533D7,2025-04-21T01:40:37.998552+00:00,2026-09-29T23:36:23.991920+00:00,nur Zeit geändert
Apps/FrameServer/AviSynth/html/avisynthdoc/corefilters/reverse.html,6467,6467,12B87D1C,12B87D1C,2025-04-21T01:40:38.029798+00:00,2026-09-29T23:36:23.992832+00:00,nur Zeit geändert
Apps/FrameServer/AviSynth/html/avisynthdoc/corefilters/segmentedsource.html,27475,27475,2399F3D1,2399F3D1,2025-04-21T01:40:38.076672+00:00,2026-09-29T23:36:23.993718+00:00,nur Zeit geändert
Apps/FrameServer/AviSynth/html/avisynthdoc/corefilters/select.html,6612,6612,4F925948,4F925948,2025-04-21T01:40:38.107932+00:00,2026-09-29T23:36:23.994441+00:00,nur Zeit geändert
Apps/FrameServer/AviSynth/html/avisynthdoc/corefilters/selectevery.html,11273,11273,16BEA5AB,16BEA5AB,2025-04-21T01:40:38.139179+00:00,2026-09-29T23:36:23.995217+00:00,nur Zeit geändert
Apps/FrameServer/AviSynth/html/avisynthdoc/corefilters/selectrangeevery.html,9490,9490,3EF199B8,3EF199B8,2025-04-21T01:40:38.170427+00:00,2026-09-29T23:36:23.995910+00:00,nur Zeit geändert
Apps/FrameServer/AviSynth/html/avisynthdoc/corefilters/separatefields.html,15036,15036,E7EEAC75,E7EEAC75,2025-04-21T01:40:38.217275+00:00,2026-09-29T23:36:23.996712+00:00,nur Zeit geändert
Apps/FrameServer/AviSynth/html/avisynthdoc/corefilters/setchannelmask.html,19812,19812,4B2B8F52,4B2B8F52,2025-04-21T01:40:38.264150+00:00,2026-09-29T23:36:23.997608+00:00,nur Zeit geändert
Apps/FrameServer/AviSynth/html/avisynthdoc/corefilters/showalpha.html,11134,11134,E81C5BA5,E81C5BA5,2025-04-21T01:40:38.295400+00:00,2026-09-29T23:36:23.998948+00:00,nur Zeit geändert
Apps/FrameServer/AviSynth/html/avisynthdoc/corefilters/showfive.html,11273,11273,82C6A6CC,82C6A6CC,2025-04-21T01:40:38.326651+00:00,2026-09-29T23:36:23.999798+00:00,nur Zeit geändert
Apps/FrameServer/AviSynth/html/avisynthdoc/corefilters/showframes.html,43232,43232,923AABC6,923AABC6,2025-04-21T01:40:38.373619+00:00,2026-09-29T23:36:24.000774+00:00,nur Zeit geändert
Apps/FrameServer/AviSynth/html/avisynthdoc/corefilters/skewrows.html,10475,10475,BF1CD7FB,BF1CD7FB,2025-04-21T01:40:38.467371+00:00,2026-09-29T23:36:24.001483+00:00,nur Zeit geändert
Apps/FrameServer/AviSynth/html/avisynthdoc/corefilters/soften.html,15757,15757,1DD81204,1DD81204,2025-04-21T01:40:38.514244+00:00,2026-09-29T23:36:24.002324+00:00,nur Zeit geändert
Apps/FrameServer/AviSynth/html/avisynthdoc/corefilters/soundout.html,45299,45299,A7714052,A7714052,2025-03-07T01:53:18.090752+00:00,2026-09-29T23:36:24.003252+00:00,nur Zeit geändert
Apps/FrameServer/AviSynth/html/avisynthdoc/corefilters/splice.html,10574,10574,F0DF85A6,F0DF85A6,2025-04-21T01:40:38.545494+00:00,2026-09-29T23:36:24.004172+00:00,nur Zeit geändert
Apps/FrameServer/AviSynth/html/avisynthdoc/corefilters/ssrc.html,9828,9828,6A53637E,6A53637E,2025-04-21T01:40:38.576812+00:00,2026-09-29T23:36:24.004966+00:00,nur Zeit geändert
Apps/FrameServer/AviSynth/html/avisynthdoc/corefilters/stack.html,8639,8639,B270E55C,B270E55C,2025-04-21T01:40:38.608020+00:00,2026-09-29T23:36:24.006174+00:00,nur Zeit geändert
Apps/FrameServer/AviSynth/html/avisynthdoc/corefilters/subtitle.html,43785,43785,27EE68AC,27EE68AC,2025-04-21T01:40:38.670516+00:00,2026-09-29T23:36:24.007000+00:00,nur Zeit geändert
Apps/FrameServer/AviSynth/html/avisynthdoc/corefilters/subtract.html,8404,8404,1540EB76,1540EB76,2025-03-07T01:53:18.265457+00:00,2026-09-29T23:36:24.007801+00:00,nur Zeit geändert
Apps/FrameServer/AviSynth/html/avisynthdoc/corefilters/supereq.html,18536,18536,ADA46BEC,ADA46BEC,2025-04-21T01:40:38.717395+00:00,2026-09-29T23:36:24.008595+00:00,nur Zeit geändert
Apps/FrameServer/AviSynth/html/avisynthdoc/corefilters/swap.html,18406,18406,F32A5547,F32A5547,2025-04-21T01:40:38.764244+00:00,2026-09-29T23:36:24.009598+00:00,nur Zeit geändert
Apps/FrameServer/AviSynth/html/avisynthdoc/corefilters/swapfields.html,6507,6507,D35701F9,D35701F9,2025-04-21T01:40:38.795494+00:00,2026-09-29T23:36:24.010288+00:00,nur Zeit geändert
Apps/FrameServer/AviSynth/html/avisynthdoc/corefilters/tcpdeliver.html,15548,15548,BA699E11,BA699E11,2025-04-21T01:40:38.826744+00:00,2026-09-29T23:36:24.011182+00:00,nur Zeit geändert
Apps/FrameServer/AviSynth/html/avisynthdoc/corefilters/timestretch.html,29574,29574,8C73701C,8C73701C,2025-04-21T01:40:38.889270+00:00,2026-09-29T23:36:24.012064+00:00,nur Zeit geändert
Apps/FrameServer/AviSynth/html/avisynthdoc/corefilters/tone.html,12131,12131,93E18EDE,93E18EDE,2025-04-21T01:40:38.936145+00:00,2026-09-29T23:36:24.013492+00:00,nur Zeit geändert
Apps/FrameServer/AviSynth/html/avisynthdoc/corefilters/trim.html,29616,29616,4944CAC3,4944CAC3,2025-04-21T01:40:38.998619+00:00,2026-09-29T23:36:24.014284+00:00,nur Zeit geändert
Apps/FrameServer/AviSynth/html/avisynthdoc/corefilters/turn.html,7674,7674,EBF2E9C0,EBF2E9C0,2025-04-21T01:40:39.029867+00:00,2026-09-29T23:36:24.015046+00:00,nur Zeit geändert
Apps/FrameServer/AviSynth/html/avisynthdoc/corefilters/tweak.html,30029,30029,2833BA1B,2833BA1B,2025-04-21T01:40:39.076744+00:00,2026-09-29T23:36:24.016016+00:00,nur Zeit geändert
Apps/FrameServer/AviSynth/html/avisynthdoc/corefilters/version.html,8845,8845,6462F030,6462F030,2025-04-21T01:40:39.123619+00:00,2026-09-29T23:36:24.016832+00:00,nur Zeit geändert
Apps/FrameServer/AviSynth/html/avisynthdoc/corefilters/weave.html,14483,14483,1D86AA1F,1D86AA1F,2025-04-21T01:40:39.154867+00:00,2026-09-29T23:36:24.017532+00:00,nur Zeit geändert
Apps/FrameServer/AviSynth/html/avisynthdoc/corefilters/write.html,19735,19735,0ACF3BEB,0ACF3BEB,2025-04-21T01:40:39.201742+00:00,2026-09-29T23:36:24.018526+00:00,nur Zeit geändert
Apps/FrameServer/AviSynth/html/avisynthdoc/externalplugins.html,6274,6274,ADFF47B8,ADFF47B8,2025-03-07T01:53:18.800462+00:00,2026-09-29T23:36:24.020556+00:00,nur Zeit geändert
Apps/FrameServer/AviSynth/html/avisynthdoc/faq/faq.html,162213,162213,DA9C9B52,DA9C9B52,2025-04-21T01:40:39.389350+00:00,2026-09-29T23:36:24.022324+00:00,nur Zeit geändert
Apps/FrameServer/AviSynth/html/avisynthdoc/faq/faq_common_errors.html,29152,29152,DA6AB205,DA6AB205,2025-04-21T01:40:39.436222+00:00,2026-09-29T23:36:24.023459+00:00,nur Zeit geändert
Apps/FrameServer/AviSynth/html/avisynthdoc/faq/faq_different_types_content.html,25050,25050,C3A6F0CA,C3A6F0CA,2025-04-21T01:40:39.483104+00:00,2026-09-29T23:36:24.024299+00:00,nur Zeit geändert
Apps/FrameServer/AviSynth/html/avisynthdoc/faq/faq_frameserving.html,27235,27235,2E8A4F67,2E8A4F67,2025-04-21T01:40:39.529953+00:00,2026-09-29T23:36:24.025286+00:00,nur Zeit geändert
Apps/FrameServer/AviSynth/html/avisynthdoc/faq/faq_general_info.html,31346,31346,82BD6D55,82BD6D55,2025-04-21T01:40:39.576854+00:00,2026-09-29T23:36:24.026518+00:00,nur Zeit geändert
Apps/FrameServer/AviSynth/html/avisynthdoc/faq/faq_loading_clips.html,43919,43919,9E0ABE35,9E0ABE35,2025-03-07T01:53:19.119899+00:00,2026-09-29T23:36:24.027523+00:00,nur Zeit geändert
Apps/FrameServer/AviSynth/html/avisynthdoc/faq/faq_sections.html,12725,12725,A64834C3,A64834C3,2025-03-07T01:53:19.161264+00:00,2026-09-29T23:36:24.028430+00:00,nur Zeit geändert
Apps/FrameServer/AviSynth/html/avisynthdoc/faq/faq_using_virtualdub_plugins.html,15495,15495,876FEC59,876FEC59,2025-04-21T01:40:39.623721+00:00,2026-09-29T23:36:24.029513+00:00,nur Zeit geändert
Apps/FrameServer/AviSynth/html/avisynthdoc/faq/faq_yv12.html,32326,32326,7F1F6132,7F1F6132,2025-03-07T01:53:19.285777+00:00,2026-09-29T23:36:24.030576+00:00,nur Zeit geändert
Apps/FrameServer/AviSynth/html/avisynthdoc/faq/troubleshooting.html,25094,25094,2A2BDBCB,2A2BDBCB,2025-04-21T01:40:39.654979+00:00,2026-09-29T23:36:24.031484+00:00,nur Zeit geändert
Apps/FrameServer/AviSynth/html/avisynthdoc/filters_mult_input_clips.html,8639,8639,5CA53FFD,5CA53FFD,2025-03-07T01:53:19.358876+00:00,2026-09-29T23:36:24.032376+00:00,nur Zeit geändert
Apps/FrameServer/AviSynth/html/avisynthdoc/FilterSDK/AMDOptimizationGuide.html,5713,5713,21814D24,21814D24,2025-03-07T01:53:09.815532+00:00,2026-09-29T23:36:23.857686+00:00,nur Zeit geändert
Apps/FrameServer/AviSynth/html/avisynthdoc/FilterSDK/AssemblerOptimizing.html,6941,6941,CE280D65,CE280D65,2025-04-21T01:40:31.499992+00:00,2026-09-29T23:36:23.859062+00:00,nur Zeit geändert
Apps/FrameServer/AviSynth/html/avisynthdoc/FilterSDK/AviSynthInterfaceVersion.html,9470,9470,DF681852,DF681852,2025-04-21T01:40:31.578121+00:00,2026-09-29T23:36:23.859672+00:00,nur Zeit geändert
Apps/FrameServer/AviSynth/html/avisynthdoc/FilterSDK/AviSynthTwoFiveAudio.html,8905,8905,47CBD246,47CBD246,2025-04-21T01:40:31.593740+00:00,2026-09-29T23:36:23.860385+00:00,nur Zeit geändert
Apps/FrameServer/AviSynth/html/avisynthdoc/FilterSDK/AviSynthTwoFivePixelType.html,7497,7497,0EE89380,0EE89380,2025-04-21T01:40:31.624996+00:00,2026-09-29T23:36:23.860953+00:00,nur Zeit geändert
Apps/FrameServer/AviSynth/html/avisynthdoc/FilterSDK/AviSynthTwoFiveSDK.html,6611,6611,231307B9,231307B9,2025-04-21T01:40:31.656240+00:00,2026-09-29T23:36:23.861635+00:00,nur Zeit geändert
Apps/FrameServer/AviSynth/html/avisynthdoc/FilterSDK/avs2pcm.html,38066,38066,BB58B9F8,BB58B9F8,2025-03-07T01:53:12.768692+00:00,2026-09-29T23:36:23.901865+00:00,nur Zeit geändert
Apps/FrameServer/AviSynth/html/avisynthdoc/FilterSDK/avs2yuv.html,39259,39259,4BD67FFB,4BD67FFB,2025-03-07T01:53:12.831192+00:00,2026-09-29T23:36:23.902835+00:00,nur Zeit geändert
Apps/FrameServer/AviSynth/html/avisynthdoc/FilterSDK/AVSLinkage.html,9682,9682,CB19E87B,CB19E87B,2025-03-07T01:53:09.846782+00:00,2026-09-29T23:36:23.858358+00:00,nur Zeit geändert
Apps/FrameServer/AviSynth/html/avisynthdoc/FilterSDK/BensAviSynthDocs.html,70325,70325,615DA962,615DA962,2025-03-07T01:53:10.190843+00:00,2026-09-29T23:36:23.862657+00:00,nur Zeit geändert
Apps/FrameServer/AviSynth/html/avisynthdoc/FilterSDK/C_api.html,160003,160003,E9133F80,E9133F80,2025-04-21T01:40:31.859371+00:00,2026-09-29T23:36:23.864854+00:00,nur Zeit geändert
Apps/FrameServer/AviSynth/html/avisynthdoc/FilterSDK/ChangeFrameSize.html,8752,8752,A0BD581C,A0BD581C,2025-03-07T01:53:10.364872+00:00,2026-09-29T23:36:23.865566+00:00,nur Zeit geändert
Apps/FrameServer/AviSynth/html/avisynthdoc/FilterSDK/ColorspaceProperties.html,17021,17021,8578040B,8578040B,2025-03-07T01:53:10.419740+00:00,2026-09-29T23:36:23.866993+00:00,nur Zeit geändert
Apps/FrameServer/AviSynth/html/avisynthdoc/FilterSDK/ColorSpaces.html,15446,15446,7199E088,7199E088,2025-03-07T01:53:10.398136+00:00,2026-09-29T23:36:23.866364+00:00,nur Zeit geändert
Apps/FrameServer/AviSynth/html/avisynthdoc/FilterSDK/CompilingAvisynthPlugins.html,48616,48616,391309FF,391309FF,2025-03-07T01:53:10.484835+00:00,2026-09-29T23:36:23.867952+00:00,nur Zeit geändert
Apps/FrameServer/AviSynth/html/avisynthdoc/FilterSDK/Cplusplus_api.html,224687,224687,314D2FC7,314D2FC7,2025-04-21T01:40:32.093744+00:00,2026-09-29T23:36:23.869331+00:00,nur Zeit geändert
Apps/FrameServer/AviSynth/html/avisynthdoc/FilterSDK/DataAlignment.html,10497,10497,F91D5CB3,F91D5CB3,2025-04-21T01:40:32.124996+00:00,2026-09-29T23:36:23.870112+00:00,nur Zeit geändert
Apps/FrameServer/AviSynth/html/avisynthdoc/FilterSDK/DataStorageInAviSynth.html,14962,14962,9B2D8759,9B2D8759,2025-04-21T01:40:32.171867+00:00,2026-09-29T23:36:23.870964+00:00,nur Zeit geändert
Apps/FrameServer/AviSynth/html/avisynthdoc/FilterSDK/DebuggingAvisynthPlugins.html,19165,19165,B88C729D,B88C729D,2025-03-07T01:53:10.831168+00:00,2026-09-29T23:36:23.871601+00:00,nur Zeit geändert
Apps/FrameServer/AviSynth/html/avisynthdoc/FilterSDK/DualPlugins.html,59404,59404,D031D0FA,D031D0FA,2025-03-07T01:53:10.893667+00:00,2026-09-29T23:36:23.872419+00:00,nur Zeit geändert
Apps/FrameServer/AviSynth/html/avisynthdoc/FilterSDK/EnvInvoke.html,14302,14302,9A0C3718,9A0C3718,2025-03-07T01:53:10.940542+00:00,2026-09-29T23:36:23.873062+00:00,nur Zeit geändert
Apps/FrameServer/AviSynth/html/avisynthdoc/FilterSDK/EnvSaveString.html,7647,7647,7B4B71E7,7B4B71E7,2025-03-07T01:53:10.971792+00:00,2026-09-29T23:36:23.873756+00:00,nur Zeit geändert
Apps/FrameServer/AviSynth/html/avisynthdoc/FilterSDK/FilterSDK.html,53481,53481,33A18857,33A18857,2025-04-21T01:40:32.281249+00:00,2026-09-29T23:36:23.874624+00:00,nur Zeit geändert
Apps/FrameServer/AviSynth/html/avisynthdoc/FilterSDK/GeneralPurposeToMMXRegisters.html,8498,8498,B9433337,B9433337,2025-03-07T01:53:11.103027+00:00,2026-09-29T23:36:23.875443+00:00,nur Zeit geändert
Apps/FrameServer/AviSynth/html/avisynthdoc/FilterSDK/GettingStartedWithAudio.html,16677,16677,82E9F608,82E9F608,2025-04-21T01:40:32.328233+00:00,2026-09-29T23:36:23.876104+00:00,nur Zeit geändert
Apps/FrameServer/AviSynth/html/avisynthdoc/FilterSDK/GradientMask.html,41570,41570,51383B66,51383B66,2025-03-07T01:53:11.206795+00:00,2026-09-29T23:36:23.876916+00:00,nur Zeit geändert
Apps/FrameServer/AviSynth/html/avisynthdoc/FilterSDK/InstructionPairing.html,19561,19561,0EBC9753,0EBC9753,2025-04-21T01:40:32.359510+00:00,2026-09-29T23:36:23.877700+00:00,nur Zeit geändert
Apps/FrameServer/AviSynth/html/avisynthdoc/FilterSDK/IntegerSSE.html,9150,9150,E0353354,E0353354,2025-03-07T01:53:11.271118+00:00,2026-09-29T23:36:23.878422+00:00,nur Zeit geändert
Apps/FrameServer/AviSynth/html/avisynthdoc/FilterSDK/IntelOptimizationGuide.html,5716,5716,9C7943CC,9C7943CC,2025-03-07T01:53:11.291451+00:00,2026-09-29T23:36:23.878980+00:00,nur Zeit geändert
Apps/FrameServer/AviSynth/html/avisynthdoc/FilterSDK/InterleavedImageFormat.html,6585,6585,F21D157B,F21D157B,2025-03-07T01:53:11.324720+00:00,2026-09-29T23:36:23.879652+00:00,nur Zeit geändert
Apps/FrameServer/AviSynth/html/avisynthdoc/FilterSDK/IntermediateMmxOptimization.html,35447,35447,DF407AA9,DF407AA9,2025-04-21T01:40:32.406387+00:00,2026-09-29T23:36:23.880352+00:00,nur Zeit geändert
Apps/FrameServer/AviSynth/html/avisynthdoc/FilterSDK/InternalFunctions.html,5875,5875,FE0C7791,FE0C7791,2025-03-07T01:53:11.405467+00:00,2026-09-29T23:36:23.880929+00:00,nur Zeit geändert
Apps/FrameServer/AviSynth/html/avisynthdoc/FilterSDK/InvertNeg.html,38561,38561,E8A1C0E0,E8A1C0E0,2025-03-07T01:53:11.458032+00:00,2026-09-29T23:36:23.881744+00:00,nur Zeit geändert
Apps/FrameServer/AviSynth/html/avisynthdoc/FilterSDK/IsMovntqFaster.html,10044,10044,57840960,57840960,2025-04-21T01:40:32.453264+00:00,2026-09-29T23:36:23.882536+00:00,nur Zeit geändert
Apps/FrameServer/AviSynth/html/avisynthdoc/FilterSDK/MMX.html,5632,5632,D86106F9,D86106F9,2025-03-07T01:53:11.503344+00:00,2026-09-29T23:36:23.883128+00:00,nur Zeit geändert
Apps/FrameServer/AviSynth/html/avisynthdoc/FilterSDK/Non-ClipSample.html,23216,23216,741043C5,741043C5,2025-03-07T01:53:11.553371+00:00,2026-09-29T23:36:23.883849+00:00,nur Zeit geändert
Apps/FrameServer/AviSynth/html/avisynthdoc/FilterSDK/PlanarImageFormat.html,6477,6477,2462FD22,2462FD22,2025-03-07T01:53:11.623155+00:00,2026-09-29T23:36:23.884456+00:00,nur Zeit geändert
Apps/FrameServer/AviSynth/html/avisynthdoc/FilterSDK/SDKHistory.html,7684,7684,3DAA68E1,3DAA68E1,2025-04-21T01:40:32.484510+00:00,2026-09-29T23:36:23.885184+00:00,nur Zeit geändert
Apps/FrameServer/AviSynth/html/avisynthdoc/FilterSDK/SDKLicense.html,13803,13803,613C4F4C,613C4F4C,2025-04-21T01:40:32.562644+00:00,2026-09-29T23:36:23.885801+00:00,nur Zeit geändert
Apps/FrameServer/AviSynth/html/avisynthdoc/FilterSDK/SDKNecessaries.html,17268,17268,8FA4B45B,8FA4B45B,2025-04-21T01:40:32.609510+00:00,2026-09-29T23:36:23.886710+00:00,nur Zeit geändert
Apps/FrameServer/AviSynth/html/avisynthdoc/FilterSDK/SimpleMmxOptimization.html,19930,19930,C8FEF59B,C8FEF59B,2025-03-07T01:53:11.797740+00:00,2026-09-29T23:36:23.887395+00:00,nur Zeit geändert
Apps/FrameServer/AviSynth/html/avisynthdoc/FilterSDK/SimpleSample.html,7328,7328,AA08FB4F,AA08FB4F,2025-03-07T01:53:11.828990+00:00,2026-09-29T23:36:23.888342+00:00,nur Zeit geändert
Apps/FrameServer/AviSynth/html/avisynthdoc/FilterSDK/SimpleSample10b.html,12517,12517,FFA33AA2,FFA33AA2,2025-04-21T01:40:32.656388+00:00,2026-09-29T23:36:23.889324+00:00,nur Zeit geändert
Apps/FrameServer/AviSynth/html/avisynthdoc/FilterSDK/SimpleSample11.html,51591,51591,42B53884,42B53884,2025-04-21T01:40:32.734516+00:00,2026-09-29T23:36:23.890235+00:00,nur Zeit geändert
Apps/FrameServer/AviSynth/html/avisynthdoc/FilterSDK/SimpleSample12.html,14705,14705,A86B2F3D,A86B2F3D,2025-04-21T01:40:32.781388+00:00,2026-09-29T23:36:23.891148+00:00,nur Zeit geändert
Apps/FrameServer/AviSynth/html/avisynthdoc/FilterSDK/SimpleSample13a.html,15750,15750,03190CAC,03190CAC,2025-04-21T01:40:32.828264+00:00,2026-09-29T23:36:23.891888+00:00,nur Zeit geändert
Apps/FrameServer/AviSynth/html/avisynthdoc/FilterSDK/SimpleSample14.html,18622,18622,AB341F20,AB341F20,2025-04-21T01:40:32.890758+00:00,2026-09-29T23:36:23.892624+00:00,nur Zeit geändert
Apps/FrameServer/AviSynth/html/avisynthdoc/FilterSDK/SimpleSample15a.html,84432,84432,F7ABF22F,F7ABF22F,2025-04-21T01:40:32.984518+00:00,2026-09-29T23:36:23.893643+00:00,nur Zeit geändert
Apps/FrameServer/AviSynth/html/avisynthdoc/FilterSDK/SimpleSample16.html,117051,117051,81921B5D,81921B5D,2025-04-21T01:40:33.109489+00:00,2026-09-29T23:36:23.894550+00:00,nur Zeit geändert
Apps/FrameServer/AviSynth/html/avisynthdoc/FilterSDK/SimpleSample17.html,122182,122182,B6961FA5,B6961FA5,2025-04-21T01:40:33.234488+00:00,2026-09-29T23:36:23.895515+00:00,nur Zeit geändert
Apps/FrameServer/AviSynth/html/avisynthdoc/FilterSDK/SimpleSample26.html,74222,74222,593DD856,593DD856,2025-03-07T01:53:12.481756+00:00,2026-09-29T23:36:23.896318+00:00,nur Zeit geändert
Apps/FrameServer/AviSynth/html/avisynthdoc/FilterSDK/SimpleSampleClass.html,18104,18104,2363D2EA,2363D2EA,2025-04-21T01:40:33.281364+00:00,2026-09-29T23:36:23.897160+00:00,nur Zeit geändert
Apps/FrameServer/AviSynth/html/avisynthdoc/FilterSDK/TwoFiveFastInvert.html,18754,18754,4756E42F,4756E42F,2025-04-21T01:40:33.328264+00:00,2026-09-29T23:36:23.897910+00:00,nur Zeit geändert
Apps/FrameServer/AviSynth/html/avisynthdoc/FilterSDK/TwoFiveInvert.html,17477,17477,3661F153,3661F153,2025-04-21T01:40:33.359516+00:00,2026-09-29T23:36:23.898584+00:00,nur Zeit geändert
Apps/FrameServer/AviSynth/html/avisynthdoc/FilterSDK/VideoInfo.html,69445,69445,C304980D,C304980D,2025-04-21T01:40:33.437644+00:00,2026-09-29T23:36:23.899473+00:00,nur Zeit geändert
Apps/FrameServer/AviSynth/html/avisynthdoc/FilterSDK/WorkingWithImages.html,8777,8777,1A96EBDC,1A96EBDC,2025-03-07T01:53:12.690566+00:00,2026-09-29T23:36:23.900328+00:00,nur Zeit geändert
Apps/FrameServer/AviSynth/html/avisynthdoc/FilterSDK/WorkingWithPlanarImages.html,10699,10699,FD08F8E1,FD08F8E1,2025-04-21T01:40:33.484508+00:00,2026-09-29T23:36:23.901160+00:00,nur Zeit geändert
Apps/FrameServer/AviSynth/html/avisynthdoc/getting_started.html,15788,15788,44A2D1BC,44A2D1BC,2025-03-07T01:53:19.393856+00:00,2026-09-29T23:36:24.033155+00:00,nur Zeit geändert
Apps/FrameServer/AviSynth/html/avisynthdoc/index.html,5835,5835,7392B6CA,7392B6CA,2025-04-21T01:40:39.686222+00:00,2026-09-29T23:36:24.033977+00:00,nur Zeit geändert
Apps/FrameServer/AviSynth/html/avisynthdoc/license.html,40739,40739,4D3FA8CB,4D3FA8CB,2025-04-21T01:40:39.748728+00:00,2026-09-29T23:36:24.034860+00:00,nur Zeit geändert
Apps/FrameServer/AviSynth/html/avisynthdoc/links.html,6813,6813,FE8C8371,FE8C8371,2025-04-21T01:40:39.779979+00:00,2026-09-29T23:36:24.036030+00:00,nur Zeit geändert
Apps/FrameServer/AviSynth/html/avisynthdoc/overview.html,21126,21126,D7A367E4,D7A367E4,2025-04-21T01:40:39.826852+00:00,2026-09-29T23:36:24.036747+00:00,nur Zeit geändert
Apps/FrameServer/AviSynth/html/avisynthdoc/quick_ref.html,71122,71122,4A5345E9,4A5345E9,2025-03-07T01:53:19.613054+00:00,2026-09-29T23:36:24.037796+00:00,nur Zeit geändert
Apps/FrameServer/AviSynth/html/avisynthdoc/releasenotes.html,17669,17669,9203276E,9203276E,2025-04-21T01:40:39.858100+00:00,2026-09-29T23:36:24.038870+00:00,nur Zeit geändert
Apps/FrameServer/AviSynth/html/avisynthdoc/script_ref/script_ref.html,7219,7219,AB1A8913,AB1A8913,2025-03-07T01:53:19.675556+00:00,2026-09-29T23:36:24.039868+00:00,nur Zeit geändert
Apps/FrameServer/AviSynth/html/avisynthdoc/script_ref/script_ref_arrays.html,62135,62135,3C746D61,3C746D61,2025-04-21T01:40:39.936232+00:00,2026-09-29T23:36:24.040886+00:00,nur Zeit geändert
Apps/FrameServer/AviSynth/html/avisynthdoc/script_ref/script_ref_block_statements.html,53058,53058,B4B42BC4,B4B42BC4,2025-04-21T01:40:40.014326+00:00,2026-09-29T23:36:24.042179+00:00,nur Zeit geändert
Apps/FrameServer/AviSynth/html/avisynthdoc/script_ref/script_ref_execution_model.html,8040,8040,F39901B2,F39901B2,2025-03-07T01:53:19.831809+00:00,2026-09-29T23:36:24.043054+00:00,nur Zeit geändert
Apps/FrameServer/AviSynth/html/avisynthdoc/script_ref/script_ref_execution_model_eval_scripts.html,21787,21787,88397249,88397249,2025-03-07T01:53:19.941152+00:00,2026-09-29T23:36:24.044201+00:00,nur Zeit geändert
Apps/FrameServer/AviSynth/html/avisynthdoc/script_ref/script_ref_execution_model_fetching_frames.html,7653,7653,96631E08,96631E08,2025-03-07T01:53:19.956779+00:00,2026-09-29T23:36:24.045016+00:00,nur Zeit geändert
Apps/FrameServer/AviSynth/html/avisynthdoc/script_ref/script_ref_execution_model_filter_graph.html,12641,12641,8DD3BC21,8DD3BC21,2025-04-21T01:40:40.139355+00:00,2026-09-29T23:36:24.046120+00:00,nur Zeit geändert
Apps/FrameServer/AviSynth/html/avisynthdoc/script_ref/script_ref_execution_model_lifetime_variables.html,40587,40587,20CE25C7,20CE25C7,2025-03-07T01:53:20.055953+00:00,2026-09-29T23:36:24.047060+00:00,nur Zeit geändert
Apps/FrameServer/AviSynth/html/avisynthdoc/script_ref/script_ref_execution_model_perf_cons.html,18123,18123,07C74965,07C74965,2025-03-07T01:53:20.091070+00:00,2026-09-29T23:36:24.047988+00:00,nur Zeit geändert
Apps/FrameServer/AviSynth/html/avisynthdoc/script_ref/script_ref_execution_model_sequence_events.html,11626,11626,FC0AC4ED,FC0AC4ED,2025-03-07T01:53:20.119987+00:00,2026-09-29T23:36:24.048686+00:00,nur Zeit geändert
Apps/FrameServer/AviSynth/html/avisynthdoc/script_ref/script_ref_user_functions.html,20024,20024,9BBDE221,9BBDE221,2025-03-07T01:53:20.162420+00:00,2026-09-29T23:36:24.049636+00:00,nur Zeit geändert
Apps/FrameServer/AviSynth/html/avisynthdoc/syntax/syntax.html,99102,99102,16CFFD26,16CFFD26,2025-04-21T01:40:40.233076+00:00,2026-09-29T23:36:24.051027+00:00,nur Zeit geändert
Apps/FrameServer/AviSynth/html/avisynthdoc/syntax/syntax_clip_properties.html,15970,15970,D232C595,D232C595,2025-04-21T01:40:40.279953+00:00,2026-09-29T23:36:24.052161+00:00,nur Zeit geändert
Apps/FrameServer/AviSynth/html/avisynthdoc/syntax/syntax_colors.html,7994,7994,BCE6911C,BCE6911C,2025-04-21T01:40:40.311203+00:00,2026-09-29T23:36:24.052825+00:00,nur Zeit geändert
Apps/FrameServer/AviSynth/html/avisynthdoc/syntax/syntax_control_structures.html,38139,38139,B9E79597,B9E79597,2025-04-21T01:40:40.373726+00:00,2026-09-29T23:36:24.053961+00:00,nur Zeit geändert
Apps/FrameServer/AviSynth/html/avisynthdoc/syntax/syntax_formal_avisynth_grammar.html,20779,20779,F7AE8CD4,F7AE8CD4,2025-04-21T01:40:40.420603+00:00,2026-09-29T23:36:24.054793+00:00,nur Zeit geändert
Apps/FrameServer/AviSynth/html/avisynthdoc/syntax/syntax_function_objects.html,33905,33905,9734715D,9734715D,2025-04-21T01:40:40.483102+00:00,2026-09-29T23:36:24.055801+00:00,nur Zeit geändert
Apps/FrameServer/AviSynth/html/avisynthdoc/syntax/syntax_internal_functions.html,10901,10901,998CFEF4,998CFEF4,2025-04-21T01:40:40.529974+00:00,2026-09-29T23:36:24.056667+00:00,nur Zeit geändert
Apps/FrameServer/AviSynth/html/avisynthdoc/syntax/syntax_internal_functions_bit.html,42275,42275,DB28EC22,DB28EC22,2025-04-21T01:40:40.592475+00:00,2026-09-29T23:36:24.057457+00:00,nur Zeit geändert
Apps/FrameServer/AviSynth/html/avisynthdoc/syntax/syntax_internal_functions_boolean.html,23997,23997,2BAAFD97,2BAAFD97,2025-04-21T01:40:40.654953+00:00,2026-09-29T23:36:24.058384+00:00,nur Zeit geändert
Apps/FrameServer/AviSynth/html/avisynthdoc/syntax/syntax_internal_functions_control.html,29936,29936,2063F9EB,2063F9EB,2025-04-21T01:40:40.717452+00:00,2026-09-29T23:36:24.059489+00:00,nur Zeit geändert
Apps/FrameServer/AviSynth/html/avisynthdoc/syntax/syntax_internal_functions_conversion.html,25472,25472,A3C749D6,A3C749D6,2025-04-21T01:40:40.779953+00:00,2026-09-29T23:36:24.060307+00:00,nur Zeit geändert
Apps/FrameServer/AviSynth/html/avisynthdoc/syntax/syntax_internal_functions_debug.html,21095,21095,0D6AABD2,0D6AABD2,2025-04-21T01:40:40.826828+00:00,2026-09-29T23:36:24.061214+00:00,nur Zeit geändert
Apps/FrameServer/AviSynth/html/avisynthdoc/syntax/syntax_internal_functions_frame_properties.html,59537,59537,FDE60AAB,FDE60AAB,2025-04-21T01:40:40.904953+00:00,2026-09-29T23:36:24.062384+00:00,nur Zeit geändert
Apps/FrameServer/AviSynth/html/avisynthdoc/syntax/syntax_internal_functions_function_object.html,8508,8508,BE47C1CE,BE47C1CE,2025-04-21T01:40:40.998705+00:00,2026-09-29T23:36:24.063161+00:00,nur Zeit geändert
Apps/FrameServer/AviSynth/html/avisynthdoc/syntax/syntax_internal_functions_global_options.html,35514,35514,45BA6E3D,45BA6E3D,2025-04-21T01:40:41.045603+00:00,2026-09-29T23:36:24.064017+00:00,nur Zeit geändert
Apps/FrameServer/AviSynth/html/avisynthdoc/syntax/syntax_internal_functions_multithreading.html,14354,14354,68EB8D74,68EB8D74,2025-04-21T01:40:41.092483+00:00,2026-09-29T23:36:24.064787+00:00,nur Zeit geändert
Apps/FrameServer/AviSynth/html/avisynthdoc/syntax/syntax_internal_functions_multithreading_new.html,25445,25445,E39A0F7E,E39A0F7E,2025-04-21T01:40:41.123728+00:00,2026-09-29T23:36:24.065576+00:00,nur Zeit geändert
Apps/FrameServer/AviSynth/html/avisynthdoc/syntax/syntax_internal_functions_numeric.html,43249,43249,91FE0E6E,91FE0E6E,2025-04-21T01:40:41.201854+00:00,2026-09-29T23:36:24.066609+00:00,nur Zeit geändert
Apps/FrameServer/AviSynth/html/avisynthdoc/syntax/syntax_internal_functions_runtime.html,30257,30257,1AB86349,1AB86349,2025-04-21T01:40:41.248729+00:00,2026-09-29T23:36:24.067492+00:00,nur Zeit geändert
Apps/FrameServer/AviSynth/html/avisynthdoc/syntax/syntax_internal_functions_script.html,7180,7180,F9429312,F9429312,2025-03-07T01:53:21.210622+00:00,2026-09-29T23:36:24.068241+00:00,nur Zeit geändert
Apps/FrameServer/AviSynth/html/avisynthdoc/syntax/syntax_internal_functions_string.html,40257,40257,5A416E70,5A416E70,2025-04-21T01:40:41.326828+00:00,2026-09-29T23:36:24.069230+00:00,nur Zeit geändert
Apps/FrameServer/AviSynth/html/avisynthdoc/syntax/syntax_internal_functions_trig.html,17624,17624,A0965815,A0965815,2025-04-21T01:40:41.373848+00:00,2026-09-29T23:36:24.070212+00:00,nur Zeit geändert
Apps/FrameServer/AviSynth/html/avisynthdoc/syntax/syntax_internal_functions_version.html,16821,16821,8137DD1B,8137DD1B,2025-04-21T01:40:41.420750+00:00,2026-09-29T23:36:24.070953+00:00,nur Zeit geändert
Apps/FrameServer/AviSynth/html/avisynthdoc/syntax/syntax_operators.html,16946,16946,3E3B6062,3E3B6062,2025-03-07T01:53:21.392080+00:00,2026-09-29T23:36:24.071662+00:00,nur Zeit geändert
Apps/FrameServer/AviSynth/html/avisynthdoc/syntax/syntax_plugins.html,21504,21504,82F9BC47,82F9BC47,2025-04-21T01:40:41.451992+00:00,2026-09-29T23:36:24.072464+00:00,nur Zeit geändert
Apps/FrameServer/AviSynth/html/avisynthdoc/syntax/syntax_ref.html,17969,17969,3023C214,3023C214,2025-04-21T01:40:41.498870+00:00,2026-09-29T23:36:24.073278+00:00,nur Zeit geändert
Apps/FrameServer/AviSynth/html/avisynthdoc/syntax/syntax_runtime_environment.html,15076,15076,04335EB4,04335EB4,2025-03-07T01:53:21.503099+00:00,2026-09-29T23:36:24.074110+00:00,nur Zeit geändert
Apps/FrameServer/AviSynth/html/avisynthdoc/syntax/syntax_script_variables.html,17279,17279,D7069478,D7069478,2025-04-21T01:40:41.530243+00:00,2026-09-29T23:36:24.074801+00:00,nur Zeit geändert
Apps/FrameServer/AviSynth/html/avisynthdoc/syntax/syntax_sections.html,8957,8957,66029297,66029297,2025-04-21T01:40:41.561372+00:00,2026-09-29T23:36:24.075558+00:00,nur Zeit geändert
Apps/FrameServer/AviSynth/html/avisynthdoc/syntax/syntax_the_full_grammar.html,53744,53744,177B844B,177B844B,2025-04-21T01:40:41.639473+00:00,2026-09-29T23:36:24.076585+00:00,nur Zeit geändert
Apps/FrameServer/AviSynth/html/avisynthdoc/syntax/syntax_userdefined_scriptfunctions.html,17703,17703,633EE244,633EE244,2025-04-21T01:40:41.686347+00:00,2026-09-29T23:36:24.077420+00:00,nur Zeit geändert
Apps/FrameServer/AviSynth/html/avisynthdoc/twopointfive.html,12055,12055,B96FE2B3,B96FE2B3,2025-03-07T01:53:21.766163+00:00,2026-09-29T23:36:24.078254+00:00,nur Zeit geändert
Apps/FrameServer/AviSynth/html/avisynthdoc/twopointsix.html,6613,6613,0B1CB845,0B1CB845,2025-03-07T01:53:21.797414+00:00,2026-09-29T23:36:24.079033+00:00,nur Zeit geändert
Apps/FrameServer/AviSynth/html/genindex.html,3310,3310,564A13AC,564A13AC,2025-04-21T01:40:41.748848+00:00,2026-09-29T23:36:24.079700+00:00,nur Zeit geändert
Apps/FrameServer/AviSynth/html/index.html,15201,15201,283DDDA4,283DDDA4,2025-04-21T01:40:41.717598+00:00,2026-09-29T23:36:24.080470+00:00,nur Zeit geändert
Apps/FrameServer/AviSynth/html/objects.inv,12108,12108,13B21CB6,13B21CB6,2025-04-21T01:40:42.311369+00:00,2026-09-29T23:36:24.081328+00:00,nur Zeit geändert
Apps/FrameServer/AviSynth/html/search.html,3668,3668,84C64DB3,84C64DB3,2025-04-21T01:40:41.764473+00:00,2026-09-29T23:36:24.082113+00:00,nur Zeit geändert
Apps/FrameServer/AviSynth/html/searchindex.js,375308,375308,05AB6419,05AB6419,2025-04-21T01:40:42.295723+00:00,2026-09-29T23:36:24.083417+00:00,nur Zeit geändert
Apps/FrameServer/AviSynth/lgpl_for_used_libs.txt,18416,18416,7E842C45,7E842C45,2021-10-10T01:48:37.999793+00:00,2026-09-29T23:36:24.087595+00:00,nur Zeit geändert
Apps/FrameServer/AviSynth/OFL.TXT,4387,4387,73B4BC90,73B4BC90,2021-10-10T01:48:34.099400+00:00,2026-09-29T23:36:23.436620+00:00,nur Zeit geändert
Apps/FrameServer/AviSynth/plugins/ConvertStacked.dll,58880,58880,D485F4CA,D485F4CA,2025-04-21T02:08:56.002206+00:00,2026-09-29T23:36:45.914918+00:00,nur Zeit geändert
Apps/FrameServer/AviSynth/plugins/DirectShowSource.dll,232448,232448,3CBE716E,3CBE716E,2025-04-21T02:56:33.649636+00:00,2026-09-29T23:36:45.917286+00:00,nur Zeit geändert
Apps/FrameServer/AviSynth/plugins/ImageSeq.dll,4508160,4508160,BA614DD1,BA614DD1,2025-04-21T02:08:56.112044+00:00,2026-09-29T23:36:45.955820+00:00,nur Zeit geändert
Apps/FrameServer/AviSynth/plugins/Shibatch.dll,132096,132096,87D68D1B,87D68D1B,2025-04-21T02:08:56.081867+00:00,2026-09-29T23:36:45.961872+00:00,nur Zeit geändert
Apps/FrameServer/AviSynth/plugins/TimeStretch.dll,95232,95232,14334A5C,14334A5C,2025-04-21T02:08:56.032232+00:00,2026-09-29T23:36:45.962881+00:00,nur Zeit geändert
Apps/FrameServer/AviSynth/plugins/VDubFilter.dll,102912,102912,51329D4C,51329D4C,2025-04-21T02:08:56.055174+00:00,2026-09-29T23:36:45.963878+00:00,nur Zeit geändert
Apps/FrameServer/Install/Install-AviSynth.bat,106,106,32A33D83,32A33D83,2021-02-08T23:38:35.842220+00:00,2026-09-29T23:36:24.088379+00:00,nur Zeit geändert
Apps/FrameServer/Install/Install-AviSynth.ps1,1650,1650,EE3B9A05,EE3B9A05,2021-02-08T23:57:33.681121+00:00,2026-09-29T23:36:24.089331+00:00,nur Zeit geändert
Apps/FrameServer/Install/Install-VapourSynth.bat,109,109,86DF3A22,86DF3A22,2021-02-08T23:35:49.654176+00:00,2026-09-29T23:36:24.089958+00:00,nur Zeit geändert
Apps/FrameServer/Install/Install-VapourSynth.ps1,1223,1223,84720213,84720213,2021-02-08T23:57:55.789222+00:00,2026-09-29T23:36:24.090784+00:00,nur Zeit geändert
Apps/FrameServer/Install/Readme.txt,256,256,75FAA0C9,75FAA0C9,2021-02-08T23:54:11.053016+00:00,2026-09-29T23:36:24.091392+00:00,nur Zeit geändert
Apps/FrameServer/Install/Uninstall-AviSynth.bat,108,108,82B76C54,82B76C54,2021-02-08T23:38:33.375755+00:00,2026-09-29T23:36:24.092048+00:00,nur Zeit geändert
Apps/FrameServer/Install/Uninstall-AviSynth.ps1,936,936,33B742D4,33B742D4,2021-02-08T23:57:02.919374+00:00,2026-09-29T23:36:24.092604+00:00,nur Zeit geändert
Apps/FrameServer/Install/Uninstall-VapourSynth.bat,111,111,B763A14F,B763A14F,2021-02-08T23:36:41.855619+00:00,2026-09-29T23:36:24.093379+00:00,nur Zeit geändert
Apps/FrameServer/Install/Uninstall-VapourSynth.ps1,833,833,DE688CCB,DE688CCB,2021-02-08T23:44:43.137979+00:00,2026-09-29T23:36:24.093992+00:00,nur Zeit geändert
Apps/FrameServer/VapourSynth/_asyncio.pyd,78048,78048,16827E16,16827E16,2026-08-05T09:49:22+00:00,2026-09-29T23:36:24.729067+00:00,nur Zeit geändert
Apps/FrameServer/VapourSynth/_bz2.pyd,88288,88288,2B58F7A0,2B58F7A0,2026-08-05T09:49:22+00:00,2026-09-29T23:36:24.730369+00:00,nur Zeit geändert
Apps/FrameServer/VapourSynth/_ctypes.pyd,142560,142560,81A232ED,81A232ED,2026-08-05T09:49:24+00:00,2026-09-29T23:36:24.732374+00:00,nur Zeit geändert
Apps/FrameServer/VapourSynth/_decimal.pyd,291552,291552,96F8C6B1,96F8C6B1,2026-08-05T09:49:22+00:00,2026-09-29T23:36:24.736030+00:00,nur Zeit geändert
Apps/FrameServer/VapourSynth/_elementtree.pyd,138976,138976,822E77F8,822E77F8,2026-08-05T09:49:22+00:00,2026-09-29T23:36:24.737804+00:00,nur Zeit geändert
Apps/FrameServer/VapourSynth/_hashlib.pyd,69344,69344,9C21040A,9C21040A,2026-08-05T09:49:24+00:00,2026-09-29T23:36:24.738649+00:00,nur Zeit geändert
Apps/FrameServer/VapourSynth/_lzma.pyd,160992,160992,C4E1A5CA,C4E1A5CA,2026-08-05T09:49:22+00:00,2026-09-29T23:36:24.740841+00:00,nur Zeit geändert
Apps/FrameServer/VapourSynth/_multiprocessing.pyd,38624,38624,268CDEAB,268CDEAB,2026-08-05T09:49:22+00:00,2026-09-29T23:36:24.741344+00:00,nur Zeit geändert
Apps/FrameServer/VapourSynth/_overlapped.pyd,58080,58080,12E3C7C4,12E3C7C4,2026-08-05T09:49:22+00:00,2026-09-29T23:36:24.741988+00:00,nur Zeit geändert
Apps/FrameServer/VapourSynth/_queue.pyd,36576,36576,1D5E8135,1D5E8135,2026-08-05T09:49:22+00:00,2026-09-29T23:36:24.742417+00:00,nur Zeit geändert
Apps/FrameServer/VapourSynth/_remote_debugging.pyd,93408,93408,22EFA2D4,22EFA2D4,2026-08-05T09:49:22+00:00,2026-09-29T23:36:24.743446+00:00,nur Zeit geändert
Apps/FrameServer/VapourSynth/_socket.pyd,87776,87776,D2C93B62,D2C93B62,2026-08-05T09:49:22+00:00,2026-09-29T23:36:24.744457+00:00,nur Zeit geändert
Apps/FrameServer/VapourSynth/_sqlite3.pyd,132832,132832,104B434B,104B434B,2026-08-05T09:49:22+00:00,2026-09-29T23:36:24.746059+00:00,nur Zeit geändert
Apps/FrameServer/VapourSynth/_ssl.pyd,190688,190688,B22BC78D,B22BC78D,2026-08-05T09:49:22+00:00,2026-09-29T23:36:24.748129+00:00,nur Zeit geändert
Apps/FrameServer/VapourSynth/_uuid.pyd,28384,28384,4D67E24E,4D67E24E,2026-08-05T09:49:22+00:00,2026-09-29T23:36:24.748609+00:00,nur Zeit geändert
Apps/FrameServer/VapourSynth/_wmi.pyd,40160,40160,8E45FC2E,8E45FC2E,2026-08-05T09:49:22+00:00,2026-09-29T23:36:24.749096+00:00,nur Zeit geändert
Apps/FrameServer/VapourSynth/_zoneinfo.pyd,51936,51936,A7F0EC29,A7F0EC29,2026-08-05T09:49:22+00:00,2026-09-29T23:36:24.749779+00:00,nur Zeit geändert
Apps/FrameServer/VapourSynth/_zstd.pyd,503520,503520,6D5B8314,6D5B8314,2026-08-05T09:49:24+00:00,2026-09-29T23:36:24.751430+00:00,nur Zeit geändert
Apps/FrameServer/VapourSynth/doc/.buildinfo,235,235,60C6AEAA,60C6AEAA,2026-08-07T06:53:58+00:00,2026-09-29T23:36:24.755961+00:00,nur Zeit geändert
Apps/FrameServer/VapourSynth/doc/_sources/api/vapoursynth4.h.rst.txt,83451,83451,85D41542,85D41542,2026-08-07T06:49:04+00:00,2026-09-29T23:36:24.756771+00:00,nur Zeit geändert
Apps/FrameServer/VapourSynth/doc/_sources/api/vshelper4.h.rst.txt,6187,6187,72CD97EC,72CD97EC,2026-08-07T06:49:04+00:00,2026-09-29T23:36:24.757062+00:00,nur Zeit geändert
Apps/FrameServer/VapourSynth/doc/_sources/api/vsscript4.h.rst.txt,8481,8481,8541F12A,8541F12A,2026-08-07T06:49:04+00:00,2026-09-29T23:36:24.757358+00:00,nur Zeit geändert
Apps/FrameServer/VapourSynth/doc/_sources/apireference.rst.txt,4442,4442,121B1E21,121B1E21,2026-08-07T06:49:04+00:00,2026-09-29T23:36:24.757603+00:00,nur Zeit geändert
Apps/FrameServer/VapourSynth/doc/_sources/applications.rst.txt,2018,2018,EA38448B,EA38448B,2026-08-07T06:49:04+00:00,2026-09-29T23:36:24.757811+00:00,nur Zeit geändert
Apps/FrameServer/VapourSynth/doc/_sources/functions.rst.txt,445,445,10F22CF5,10F22CF5,2026-08-07T06:49:04+00:00,2026-09-29T23:36:24.773555+00:00,nur Zeit geändert
Apps/FrameServer/VapourSynth/doc/_sources/functions/audio/assumesamplerate.rst.txt,130,130,11E1DC41,11E1DC41,2026-08-07T06:49:04+00:00,2026-09-29T23:36:24.758121+00:00,nur Zeit geändert
Apps/FrameServer/VapourSynth/doc/_sources/functions/audio/audiogain.rst.txt,617,617,C7C6CB14,C7C6CB14,2026-08-07T06:49:04+00:00,2026-09-29T23:36:24.758347+00:00,nur Zeit geändert
Apps/FrameServer/VapourSynth/doc/_sources/functions/audio/audioloop.rst.txt,462,462,694DB739,694DB739,2026-08-07T06:49:04+00:00,2026-09-29T23:36:24.758537+00:00,nur Zeit geändert
Apps/FrameServer/VapourSynth/doc/_sources/functions/audio/audiomix.rst.txt,1768,1768,03B4A3C8,03B4A3C8,2026-08-07T06:49:04+00:00,2026-09-29T23:36:24.758739+00:00,nur Zeit geändert
Apps/FrameServer/VapourSynth/doc/_sources/functions/audio/audioresample.rst.txt,8074,8074,3C07A817,3C07A817,2026-08-07T06:49:04+00:00,2026-09-29T23:36:24.759118+00:00,nur Zeit geändert
Apps/FrameServer/VapourSynth/doc/_sources/functions/audio/audioreverse.rst.txt,323,323,8907C56E,8907C56E,2026-08-07T06:49:04+00:00,2026-09-29T23:36:24.759344+00:00,nur Zeit geändert
Apps/FrameServer/VapourSynth/doc/_sources/functions/audio/audiosplice.rst.txt,349,349,BFA50A25,BFA50A25,2026-08-07T06:49:04+00:00,2026-09-29T23:36:24.759529+00:00,nur Zeit geändert
Apps/FrameServer/VapourSynth/doc/_sources/functions/audio/audiotrim.rst.txt,339,339,B97E486D,B97E486D,2026-08-07T06:49:04+00:00,2026-09-29T23:36:24.759710+00:00,nur Zeit geändert
Apps/FrameServer/VapourSynth/doc/_sources/functions/audio/blankaudio.rst.txt,3089,3089,0B727DA3,0B727DA3,2026-08-07T06:49:04+00:00,2026-09-29T23:36:24.759920+00:00,nur Zeit geändert
Apps/FrameServer/VapourSynth/doc/_sources/functions/audio/setaudiocache.rst.txt,170,170,2F741DFC,2F741DFC,2026-08-07T06:49:04+00:00,2026-09-29T23:36:24.760128+00:00,nur Zeit geändert
Apps/FrameServer/VapourSynth/doc/_sources/functions/audio/shufflechannels.rst.txt,2566,2566,EEE0D93B,EEE0D93B,2026-08-07T06:49:04+00:00,2026-09-29T23:36:24.760337+00:00,nur Zeit geändert
Apps/FrameServer/VapourSynth/doc/_sources/functions/audio/splitchannels.rst.txt,176,176,DE05E703,DE05E703,2026-08-07T06:49:04+00:00,2026-09-29T23:36:24.760521+00:00,nur Zeit geändert
Apps/FrameServer/VapourSynth/doc/_sources/functions/general/loadallplugins.rst.txt,479,479,3FD2C7F0,3FD2C7F0,2026-08-07T06:49:04+00:00,2026-09-29T23:36:24.760745+00:00,nur Zeit geändert
Apps/FrameServer/VapourSynth/doc/_sources/functions/general/loadplugin.rst.txt,900,900,5A99CE37,5A99CE37,2026-08-07T06:49:04+00:00,2026-09-29T23:36:24.760944+00:00,nur Zeit geändert
Apps/FrameServer/VapourSynth/doc/_sources/functions/general/loadpluginavs.rst.txt,1990,1990,7850ABC4,7850ABC4,2026-08-07T06:49:04+00:00,2026-09-29T23:36:24.761172+00:00,nur Zeit geändert
Apps/FrameServer/VapourSynth/doc/_sources/functions/general/setmaxcpu.rst.txt,368,368,EB48E2A2,EB48E2A2,2026-08-07T06:49:04+00:00,2026-09-29T23:36:24.761360+00:00,nur Zeit geändert
Apps/FrameServer/VapourSynth/doc/_sources/functions/video/addborders.rst.txt,353,353,824B4FA8,824B4FA8,2026-08-07T06:49:04+00:00,2026-09-29T23:36:24.761558+00:00,nur Zeit geändert
Apps/FrameServer/VapourSynth/doc/_sources/functions/video/assumefps.rst.txt,577,577,37851215,37851215,2026-08-07T06:49:04+00:00,2026-09-29T23:36:24.761739+00:00,nur Zeit geändert
Apps/FrameServer/VapourSynth/doc/_sources/functions/video/averageframes.rst.txt,1204,1204,190E3417,190E3417,2026-08-07T06:49:04+00:00,2026-09-29T23:36:24.761988+00:00,nur Zeit geändert
Apps/FrameServer/VapourSynth/doc/_sources/functions/video/binarize_binarizemask.rst.txt,1453,1453,C1E44A6E,C1E44A6E,2026-08-07T06:49:04+00:00,2026-09-29T23:36:24.762225+00:00,nur Zeit geändert
Apps/FrameServer/VapourSynth/doc/_sources/functions/video/blankclip.rst.txt,1192,1192,3D991BAB,3D991BAB,2026-08-07T06:49:04+00:00,2026-09-29T23:36:24.762414+00:00,nur Zeit geändert
Apps/FrameServer/VapourSynth/doc/_sources/functions/video/boxblur.rst.txt,363,363,83CDCD03,83CDCD03,2026-08-07T06:49:04+00:00,2026-09-29T23:36:24.762593+00:00,nur Zeit geändert
Apps/FrameServer/VapourSynth/doc/_sources/functions/video/cliptoprop.rst.txt,575,575,BDD2EDAB,BDD2EDAB,2026-08-07T06:49:04+00:00,2026-09-29T23:36:24.762776+00:00,nur Zeit geändert
Apps/FrameServer/VapourSynth/doc/_sources/functions/video/convolution.rst.txt,3149,3149,075E8D26,075E8D26,2026-08-07T06:49:04+00:00,2026-09-29T23:36:24.762974+00:00,nur Zeit geändert
Apps/FrameServer/VapourSynth/doc/_sources/functions/video/copyframeprops.rst.txt,556,556,962A33BB,962A33BB,2026-08-07T06:49:04+00:00,2026-09-29T23:36:24.763187+00:00,nur Zeit geändert
Apps/FrameServer/VapourSynth/doc/_sources/functions/video/crop_cropabs.rst.txt,782,782,16F8D2DA,16F8D2DA,2026-08-07T06:49:04+00:00,2026-09-29T23:36:24.763376+00:00,nur Zeit geändert
Apps/FrameServer/VapourSynth/doc/_sources/functions/video/deflate_inflate.rst.txt,1580,1580,DE4496AD,DE4496AD,2026-08-07T06:49:04+00:00,2026-09-29T23:36:24.763555+00:00,nur Zeit geändert
Apps/FrameServer/VapourSynth/doc/_sources/functions/video/deleteframes.rst.txt,287,287,20B4B74E,20B4B74E,2026-08-07T06:49:04+00:00,2026-09-29T23:36:24.763729+00:00,nur Zeit geändert
Apps/FrameServer/VapourSynth/doc/_sources/functions/video/doubleweave.rst.txt,878,878,0137E809,0137E809,2026-08-07T06:49:04+00:00,2026-09-29T23:36:24.763907+00:00,nur Zeit geändert
Apps/FrameServer/VapourSynth/doc/_sources/functions/video/duplicateframes.rst.txt,245,245,EB26F331,EB26F331,2026-08-07T06:49:04+00:00,2026-09-29T23:36:24.764105+00:00,nur Zeit geändert
Apps/FrameServer/VapourSynth/doc/_sources/functions/video/expr.rst.txt,4983,4983,19879536,19879536,2026-08-07T06:49:04+00:00,2026-09-29T23:36:24.764344+00:00,nur Zeit geändert
Apps/FrameServer/VapourSynth/doc/_sources/functions/video/flipvertical_fliphorizontal.rst.txt,223,223,5273A025,5273A025,2026-08-07T06:49:04+00:00,2026-09-29T23:36:24.764528+00:00,nur Zeit geändert
Apps/FrameServer/VapourSynth/doc/_sources/functions/video/frameeval.rst.txt,3523,3523,E35229EF,E35229EF,2026-08-07T06:49:04+00:00,2026-09-29T23:36:24.764734+00:00,nur Zeit geändert
Apps/FrameServer/VapourSynth/doc/_sources/functions/video/freezeframes.rst.txt,646,646,6815E054,6815E054,2026-08-07T06:49:04+00:00,2026-09-29T23:36:24.764916+00:00,nur Zeit geändert
Apps/FrameServer/VapourSynth/doc/_sources/functions/video/interleave.rst.txt,842,842,77A76B2F,77A76B2F,2026-08-07T06:49:04+00:00,2026-09-29T23:36:24.765129+00:00,nur Zeit geändert
Apps/FrameServer/VapourSynth/doc/_sources/functions/video/invert_invertmask.rst.txt,809,809,9897C419,9897C419,2026-08-07T06:49:04+00:00,2026-09-29T23:36:24.765323+00:00,nur Zeit geändert
Apps/FrameServer/VapourSynth/doc/_sources/functions/video/levels.rst.txt,1910,1910,EEBD0B30,EEBD0B30,2026-08-07T06:49:04+00:00,2026-09-29T23:36:24.765510+00:00,nur Zeit geändert
Apps/FrameServer/VapourSynth/doc/_sources/functions/video/limiter.rst.txt,797,797,EFDCE7C8,EFDCE7C8,2026-08-07T06:49:04+00:00,2026-09-29T23:36:24.765686+00:00,nur Zeit geändert
Apps/FrameServer/VapourSynth/doc/_sources/functions/video/loop.rst.txt,446,446,FE120B9E,FE120B9E,2026-08-07T06:49:04+00:00,2026-09-29T23:36:24.765865+00:00,nur Zeit geändert
Apps/FrameServer/VapourSynth/doc/_sources/functions/video/lut.rst.txt,1488,1488,90E58AED,90E58AED,2026-08-07T06:49:04+00:00,2026-09-29T23:36:24.766142+00:00,nur Zeit geändert
Apps/FrameServer/VapourSynth/doc/_sources/functions/video/lut2.rst.txt,1597,1597,D5F7F334,D5F7F334,2026-08-07T06:49:04+00:00,2026-09-29T23:36:24.766344+00:00,nur Zeit geändert
Apps/FrameServer/VapourSynth/doc/_sources/functions/video/makediff.rst.txt,610,610,5D9FF7AD,5D9FF7AD,2026-08-07T06:49:04+00:00,2026-09-29T23:36:24.766524+00:00,nur Zeit geändert
Apps/FrameServer/VapourSynth/doc/_sources/functions/video/makefulldiff.rst.txt,686,686,969ED149,969ED149,2026-08-07T06:49:04+00:00,2026-09-29T23:36:24.766700+00:00,nur Zeit geändert
Apps/FrameServer/VapourSynth/doc/_sources/functions/video/maskedmerge.rst.txt,2012,2012,F4F2813A,F4F2813A,2026-08-07T06:49:04+00:00,2026-09-29T23:36:24.766892+00:00,nur Zeit geändert
Apps/FrameServer/VapourSynth/doc/_sources/functions/video/median.rst.txt,642,642,B850B445,B850B445,2026-08-07T06:49:04+00:00,2026-09-29T23:36:24.767100+00:00,nur Zeit geändert
Apps/FrameServer/VapourSynth/doc/_sources/functions/video/merge.rst.txt,975,975,00D8706E,00D8706E,2026-08-07T06:49:04+00:00,2026-09-29T23:36:24.767299+00:00,nur Zeit geändert
Apps/FrameServer/VapourSynth/doc/_sources/functions/video/mergediff.rst.txt,613,613,7B6B3C8B,7B6B3C8B,2026-08-07T06:49:04+00:00,2026-09-29T23:36:24.767473+00:00,nur Zeit geändert
Apps/FrameServer/VapourSynth/doc/_sources/functions/video/mergefulldiff.rst.txt,590,590,7C7BBB55,7C7BBB55,2026-08-07T06:49:04+00:00,2026-09-29T23:36:24.767648+00:00,nur Zeit geändert
Apps/FrameServer/VapourSynth/doc/_sources/functions/video/minimum_maximum.rst.txt,2399,2399,CEE6B2D2,CEE6B2D2,2026-08-07T06:49:04+00:00,2026-09-29T23:36:24.767929+00:00,nur Zeit geändert
Apps/FrameServer/VapourSynth/doc/_sources/functions/video/modifyframe.rst.txt,1910,1910,D07E076B,D07E076B,2026-08-07T06:49:04+00:00,2026-09-29T23:36:24.768188+00:00,nur Zeit geändert
Apps/FrameServer/VapourSynth/doc/_sources/functions/video/pemverifier.rst.txt,560,560,EFAA3F5C,EFAA3F5C,2026-08-07T06:49:04+00:00,2026-09-29T23:36:24.768382+00:00,nur Zeit geändert
Apps/FrameServer/VapourSynth/doc/_sources/functions/video/planestats.rst.txt,634,634,8AB09513,8AB09513,2026-08-07T06:49:04+00:00,2026-09-29T23:36:24.768561+00:00,nur Zeit geändert
Apps/FrameServer/VapourSynth/doc/_sources/functions/video/premultiply.rst.txt,1041,1041,FFF76F63,FFF76F63,2026-08-07T06:49:04+00:00,2026-09-29T23:36:24.768742+00:00,nur Zeit geändert
Apps/FrameServer/VapourSynth/doc/_sources/functions/video/prewitt_sobel.rst.txt,840,840,CB67C66F,CB67C66F,2026-08-07T06:49:04+00:00,2026-09-29T23:36:24.768913+00:00,nur Zeit geändert
Apps/FrameServer/VapourSynth/doc/_sources/functions/video/proptoclip.rst.txt,375,375,69BA5B41,69BA5B41,2026-08-07T06:49:04+00:00,2026-09-29T23:36:24.769115+00:00,nur Zeit geändert
Apps/FrameServer/VapourSynth/doc/_sources/functions/video/removeframeprops.rst.txt,617,617,12486720,12486720,2026-08-07T06:49:04+00:00,2026-09-29T23:36:24.769310+00:00,nur Zeit geändert
Apps/FrameServer/VapourSynth/doc/_sources/functions/video/resize.rst.txt,13861,13861,776F5A14,776F5A14,2026-08-07T06:49:04+00:00,2026-09-29T23:36:24.769588+00:00,nur Zeit geändert
Apps/FrameServer/VapourSynth/doc/_sources/functions/video/reverse.rst.txt,303,303,EF0F9C9F,EF0F9C9F,2026-08-07T06:49:04+00:00,2026-09-29T23:36:24.769788+00:00,nur Zeit geändert
Apps/FrameServer/VapourSynth/doc/_sources/functions/video/selectevery.rst.txt,1051,1051,E5FEB521,E5FEB521,2026-08-07T06:49:04+00:00,2026-09-29T23:36:24.770036+00:00,nur Zeit geändert
Apps/FrameServer/VapourSynth/doc/_sources/functions/video/separatefields.rst.txt,715,715,9C9066C8,9C9066C8,2026-08-07T06:49:04+00:00,2026-09-29T23:36:24.770276+00:00,nur Zeit geändert
Apps/FrameServer/VapourSynth/doc/_sources/functions/video/setfieldbased.rst.txt,793,793,29B42F6B,29B42F6B,2026-08-07T06:49:04+00:00,2026-09-29T23:36:24.770462+00:00,nur Zeit geändert
Apps/FrameServer/VapourSynth/doc/_sources/functions/video/setframeprop.rst.txt,555,555,CCDD91D5,CCDD91D5,2026-08-07T06:49:04+00:00,2026-09-29T23:36:24.770644+00:00,nur Zeit geändert
Apps/FrameServer/VapourSynth/doc/_sources/functions/video/setframeprops.rst.txt,375,375,8A8B8AB9,8A8B8AB9,2026-08-07T06:49:04+00:00,2026-09-29T23:36:24.770825+00:00,nur Zeit geändert
Apps/FrameServer/VapourSynth/doc/_sources/functions/video/setvideocache.rst.txt,1080,1080,3CD58B60,3CD58B60,2026-08-07T06:49:04+00:00,2026-09-29T23:36:24.771014+00:00,nur Zeit geändert
Apps/FrameServer/VapourSynth/doc/_sources/functions/video/shuffleplanes.rst.txt,1996,1996,90A82B74,90A82B74,2026-08-07T06:49:04+00:00,2026-09-29T23:36:24.771248+00:00,nur Zeit geändert
Apps/FrameServer/VapourSynth/doc/_sources/functions/video/splice.rst.txt,374,374,B8997A9B,B8997A9B,2026-08-07T06:49:04+00:00,2026-09-29T23:36:24.771428+00:00,nur Zeit geändert
Apps/FrameServer/VapourSynth/doc/_sources/functions/video/splitplanes.rst.txt,159,159,56EA4E7C,56EA4E7C,2026-08-07T06:49:04+00:00,2026-09-29T23:36:24.771632+00:00,nur Zeit geändert
Apps/FrameServer/VapourSynth/doc/_sources/functions/video/stackvertical_stackhorizontal.rst.txt,434,434,2C8D69F4,2C8D69F4,2026-08-07T06:49:04+00:00,2026-09-29T23:36:24.771812+00:00,nur Zeit geändert
Apps/FrameServer/VapourSynth/doc/_sources/functions/video/text/clipinfo.rst.txt,234,234,94BDB233,94BDB233,2026-08-07T06:49:04+00:00,2026-09-29T23:36:24.772014+00:00,nur Zeit geändert
Apps/FrameServer/VapourSynth/doc/_sources/functions/video/text/coreinfo.rst.txt,317,317,73B085C9,73B085C9,2026-08-07T06:49:04+00:00,2026-09-29T23:36:24.772243+00:00,nur Zeit geändert
Apps/FrameServer/VapourSynth/doc/_sources/functions/video/text/framenum.rst.txt,196,196,76B646B5,76B646B5,2026-08-07T06:49:04+00:00,2026-09-29T23:36:24.772427+00:00,nur Zeit geändert
Apps/FrameServer/VapourSynth/doc/_sources/functions/video/text/frameprops.rst.txt,291,291,A39A3EE7,A39A3EE7,2026-08-07T06:49:04+00:00,2026-09-29T23:36:24.772603+00:00,nur Zeit geändert
Apps/FrameServer/VapourSynth/doc/_sources/functions/video/text/text.rst.txt,932,932,4CD64E89,4CD64E89,2026-08-07T06:49:04+00:00,2026-09-29T23:36:24.772793+00:00,nur Zeit geändert
Apps/FrameServer/VapourSynth/doc/_sources/functions/video/transpose.rst.txt,631,631,54556F75,54556F75,2026-08-07T06:49:04+00:00,2026-09-29T23:36:24.772976+00:00,nur Zeit geändert
Apps/FrameServer/VapourSynth/doc/_sources/functions/video/trim.rst.txt,703,703,22A9B7F1,22A9B7F1,2026-08-07T06:49:04+00:00,2026-09-29T23:36:24.773193+00:00,nur Zeit geändert
Apps/FrameServer/VapourSynth/doc/_sources/functions/video/turn.rst.txt,1700,1700,84486FDA,84486FDA,2026-08-07T06:49:04+00:00,2026-09-29T23:36:24.773390+00:00,nur Zeit geändert
Apps/FrameServer/VapourSynth/doc/_sources/gettingstarted.rst.txt,2814,2814,9A42B105,9A42B105,2026-08-07T06:49:04+00:00,2026-09-29T23:36:24.773739+00:00,nur Zeit geändert
Apps/FrameServer/VapourSynth/doc/_sources/index.rst.txt,426,426,DFE22883,DFE22883,2026-08-07T06:49:04+00:00,2026-09-29T23:36:24.773939+00:00,nur Zeit geändert
Apps/FrameServer/VapourSynth/doc/_sources/installation.rst.txt,8402,8402,06329750,06329750,2026-08-07T06:49:04+00:00,2026-09-29T23:36:24.774233+00:00,nur Zeit geändert
Apps/FrameServer/VapourSynth/doc/_sources/introduction.rst.txt,1926,1926,D1F7A11B,D1F7A11B,2026-08-07T06:49:04+00:00,2026-09-29T23:36:24.774440+00:00,nur Zeit geändert
Apps/FrameServer/VapourSynth/doc/_sources/output.rst.txt,6872,6872,BC4D3DB4,BC4D3DB4,2026-08-07T06:49:04+00:00,2026-09-29T23:36:24.774673+00:00,nur Zeit geändert
Apps/FrameServer/VapourSynth/doc/_sources/packaging.rst.txt,9282,9282,A0CCCB4A,A0CCCB4A,2026-08-07T06:49:04+00:00,2026-09-29T23:36:24.774932+00:00,nur Zeit geändert
Apps/FrameServer/VapourSynth/doc/_sources/pythonreference.rst.txt,45840,45840,9303643B,9303643B,2026-08-07T06:49:04+00:00,2026-09-29T23:36:24.775451+00:00,nur Zeit geändert
Apps/FrameServer/VapourSynth/doc/_static/_sphinx_javascript_frameworks_compat.js,4289,4289,2CD50E6C,2CD50E6C,2026-08-07T06:53:56+00:00,2026-09-29T23:36:24.775715+00:00,nur Zeit geändert
Apps/FrameServer/VapourSynth/doc/_static/base-stemmer.js,12250,12250,96D7C891,96D7C891,2026-08-07T06:53:52+00:00,2026-09-29T23:36:24.775947+00:00,nur Zeit geändert
Apps/FrameServer/VapourSynth/doc/_static/basic.css,15590,15590,AC825E2E,AC825E2E,2026-08-07T06:53:56+00:00,2026-09-29T23:36:24.776264+00:00,nur Zeit geändert
Apps/FrameServer/VapourSynth/doc/_static/css/badge_only.css,3329,3329,7E7DC25A,7E7DC25A,2026-08-07T06:53:54+00:00,2026-09-29T23:36:24.776508+00:00,nur Zeit geändert
Apps/FrameServer/VapourSynth/doc/_static/css/custom.css,330,330,57307D58,57307D58,2026-08-07T06:49:04+00:00,2026-09-29T23:36:24.776688+00:00,nur Zeit geändert
Apps/FrameServer/VapourSynth/doc/_static/css/fonts/fontawesome-webfont.eot,165742,165742,BA1D704F,BA1D704F,2026-08-07T06:53:54+00:00,2026-09-29T23:36:24.784793+00:00,nur Zeit geändert
Apps/FrameServer/VapourSynth/doc/_static/css/fonts/fontawesome-webfont.svg,444379,444379,5F3BF1AE,5F3BF1AE,2026-08-07T06:53:54+00:00,2026-09-29T23:36:24.789208+00:00,nur Zeit geändert
Apps/FrameServer/VapourSynth/doc/_static/css/fonts/fontawesome-webfont.ttf,165548,165548,C544BC5C,C544BC5C,2026-08-07T06:53:54+00:00,2026-09-29T23:36:24.789737+00:00,nur Zeit geändert
Apps/FrameServer/VapourSynth/doc/_static/css/fonts/fontawesome-webfont.woff,98024,98024,E07B3318,E07B3318,2026-08-07T06:53:54+00:00,2026-09-29T23:36:24.790712+00:00,nur Zeit geändert
Apps/FrameServer/VapourSynth/doc/_static/css/fonts/fontawesome-webfont.woff2,77160,77160,5517C3A7,5517C3A7,2026-08-07T06:53:54+00:00,2026-09-29T23:36:24.791884+00:00,nur Zeit geändert
Apps/FrameServer/VapourSynth/doc/_static/css/fonts/lato-bold-italic.woff,323344,323344,BAD07D72,BAD07D72,2026-08-07T06:53:54+00:00,2026-09-29T23:36:24.796353+00:00,nur Zeit geändert
Apps/FrameServer/VapourSynth/doc/_static/css/fonts/lato-bold-italic.woff2,193308,193308,CF65FCCC,CF65FCCC,2026-08-07T06:53:54+00:00,2026-09-29T23:36:24.799763+00:00,nur Zeit geändert
Apps/FrameServer/VapourSynth/doc/_static/css/fonts/lato-bold.woff,309728,309728,12DE55F5,12DE55F5,2026-08-07T06:53:54+00:00,2026-09-29T23:36:24.805452+00:00,nur Zeit geändert
Apps/FrameServer/VapourSynth/doc/_static/css/fonts/lato-bold.woff2,184912,184912,36620504,36620504,2026-08-07T06:53:54+00:00,2026-09-29T23:36:24.808571+00:00,nur Zeit geändert
Apps/FrameServer/VapourSynth/doc/_static/css/fonts/lato-normal-italic.woff,328412,328412,5222391C,5222391C,2026-08-07T06:53:54+00:00,2026-09-29T23:36:24.812870+00:00,nur Zeit geändert
Apps/FrameServer/VapourSynth/doc/_static/css/fonts/lato-normal-italic.woff2,195704,195704,F436B5D2,F436B5D2,2026-08-07T06:53:54+00:00,2026-09-29T23:36:24.816281+00:00,nur Zeit geändert
Apps/FrameServer/VapourSynth/doc/_static/css/fonts/lato-normal.woff,309192,309192,B1F734E6,B1F734E6,2026-08-07T06:53:54+00:00,2026-09-29T23:36:24.821467+00:00,nur Zeit geändert
Apps/FrameServer/VapourSynth/doc/_static/css/fonts/lato-normal.woff2,182708,182708,F5995592,F5995592,2026-08-07T06:53:54+00:00,2026-09-29T23:36:24.824744+00:00,nur Zeit geändert
Apps/FrameServer/VapourSynth/doc/_static/css/fonts/Roboto-Slab-Bold.woff,87624,87624,48968EC2,48968EC2,2026-08-07T06:53:54+00:00,2026-09-29T23:36:24.778107+00:00,nur Zeit geändert
Apps/FrameServer/VapourSynth/doc/_static/css/fonts/Roboto-Slab-Bold.woff2,67312,67312,EF9012AD,EF9012AD,2026-08-07T06:53:54+00:00,2026-09-29T23:36:24.779372+00:00,nur Zeit geändert
Apps/FrameServer/VapourSynth/doc/_static/css/fonts/Roboto-Slab-Regular.woff,86288,86288,A8DFD7E6,A8DFD7E6,2026-08-07T06:53:54+00:00,2026-09-29T23:36:24.780056+00:00,nur Zeit geändert
Apps/FrameServer/VapourSynth/doc/_static/css/fonts/Roboto-Slab-Regular.woff2,66444,66444,93AAE696,93AAE696,2026-08-07T06:53:54+00:00,2026-09-29T23:36:24.781801+00:00,nur Zeit geändert
Apps/FrameServer/VapourSynth/doc/_static/css/theme.css,137285,137285,9EDC463E,9EDC463E,2026-08-07T06:53:54+00:00,2026-09-29T23:36:24.826675+00:00,nur Zeit geändert
Apps/FrameServer/VapourSynth/doc/_static/doctools.js,4332,4332,FD6EB6E6,FD6EB6E6,2026-08-07T06:53:52+00:00,2026-09-29T23:36:24.827049+00:00,nur Zeit geändert
Apps/FrameServer/VapourSynth/doc/_static/documentation_options.js,338,338,28C2565B,28C2565B,2026-08-07T06:53:56+00:00,2026-09-29T23:36:24.827292+00:00,nur Zeit geändert
Apps/FrameServer/VapourSynth/doc/_static/english-stemmer.js,30599,30599,58D84345,58D84345,2026-08-07T06:53:52+00:00,2026-09-29T23:36:24.827585+00:00,nur Zeit geändert
Apps/FrameServer/VapourSynth/doc/_static/file.png,286,286,53AF5B53,53AF5B53,2026-08-07T06:53:52+00:00,2026-09-29T23:36:24.827795+00:00,nur Zeit geändert
Apps/FrameServer/VapourSynth/doc/_static/fonts/Lato/lato-bold.eot,256056,256056,4E578C9F,4E578C9F,2026-08-07T06:53:54+00:00,2026-09-29T23:36:24.832912+00:00,nur Zeit geändert
Apps/FrameServer/VapourSynth/doc/_static/fonts/Lato/lato-bold.ttf,600856,600856,2CB31110,2CB31110,2026-08-07T06:53:54+00:00,2026-09-29T23:36:24.835432+00:00,nur Zeit geändert
Apps/FrameServer/VapourSynth/doc/_static/fonts/Lato/lato-bold.woff,309728,309728,12DE55F5,12DE55F5,2026-08-07T06:53:54+00:00,2026-09-29T23:36:24.843433+00:00,nur Zeit geändert
Apps/FrameServer/VapourSynth/doc/_static/fonts/Lato/lato-bold.woff2,184912,184912,36620504,36620504,2026-08-07T06:53:54+00:00,2026-09-29T23:36:24.847433+00:00,nur Zeit geändert
Apps/FrameServer/VapourSynth/doc/_static/fonts/Lato/lato-bolditalic.eot,266158,266158,14585673,14585673,2026-08-07T06:53:54+00:00,2026-09-29T23:36:24.851433+00:00,nur Zeit geändert
Apps/FrameServer/VapourSynth/doc/_static/fonts/Lato/lato-bolditalic.ttf,622572,622572,848FA433,848FA433,2026-08-07T06:53:54+00:00,2026-09-29T23:36:24.859432+00:00,nur Zeit geändert
Apps/FrameServer/VapourSynth/doc/_static/fonts/Lato/lato-bolditalic.woff,323344,323344,BAD07D72,BAD07D72,2026-08-07T06:53:54+00:00,2026-09-29T23:36:24.863432+00:00,nur Zeit geändert
Apps/FrameServer/VapourSynth/doc/_static/fonts/Lato/lato-bolditalic.woff2,193308,193308,CF65FCCC,CF65FCCC,2026-08-07T06:53:54+00:00,2026-09-29T23:36:24.867433+00:00,nur Zeit geändert
Apps/FrameServer/VapourSynth/doc/_static/fonts/Lato/lato-italic.eot,268604,268604,F655E62F,F655E62F,2026-08-07T06:53:54+00:00,2026-09-29T23:36:24.871433+00:00,nur Zeit geändert
Apps/FrameServer/VapourSynth/doc/_static/fonts/Lato/lato-italic.ttf,639388,639388,07B3725E,07B3725E,2026-08-07T06:53:54+00:00,2026-09-29T23:36:24.879432+00:00,nur Zeit geändert
Apps/FrameServer/VapourSynth/doc/_static/fonts/Lato/lato-italic.woff,328412,328412,5222391C,5222391C,2026-08-07T06:53:54+00:00,2026-09-29T23:36:24.883432+00:00,nur Zeit geändert
Apps/FrameServer/VapourSynth/doc/_static/fonts/Lato/lato-italic.woff2,195704,195704,F436B5D2,F436B5D2,2026-08-07T06:53:54+00:00,2026-09-29T23:36:24.887432+00:00,nur Zeit geändert
Apps/FrameServer/VapourSynth/doc/_static/fonts/Lato/lato-regular.eot,253461,253461,DCE3EB8A,DCE3EB8A,2026-08-07T06:53:54+00:00,2026-09-29T23:36:24.891433+00:00,nur Zeit geändert
Apps/FrameServer/VapourSynth/doc/_static/fonts/Lato/lato-regular.ttf,607720,607720,19ADD732,19ADD732,2026-08-07T06:53:54+00:00,2026-09-29T23:36:24.899433+00:00,nur Zeit geändert
Apps/FrameServer/VapourSynth/doc/_static/fonts/Lato/lato-regular.woff,309192,309192,B1F734E6,B1F734E6,2026-08-07T06:53:54+00:00,2026-09-29T23:36:24.907432+00:00,nur Zeit geändert
Apps/FrameServer/VapourSynth/doc/_static/fonts/Lato/lato-regular.woff2,182708,182708,F5995592,F5995592,2026-08-07T06:53:54+00:00,2026-09-29T23:36:24.911433+00:00,nur Zeit geändert
Apps/FrameServer/VapourSynth/doc/_static/fonts/RobotoSlab/roboto-slab-v7-bold.eot,79520,79520,6CDD7CF3,6CDD7CF3,2026-08-07T06:53:54+00:00,2026-09-29T23:36:24.916419+00:00,nur Zeit geändert
Apps/FrameServer/VapourSynth/doc/_static/fonts/RobotoSlab/roboto-slab-v7-bold.ttf,170616,170616,AEDCC66D,AEDCC66D,2026-08-07T06:53:54+00:00,2026-09-29T23:36:24.919272+00:00,nur Zeit geändert
Apps/FrameServer/VapourSynth/doc/_static/fonts/RobotoSlab/roboto-slab-v7-bold.woff,87624,87624,48968EC2,48968EC2,2026-08-07T06:53:54+00:00,2026-09-29T23:36:24.919665+00:00,nur Zeit geändert
Apps/FrameServer/VapourSynth/doc/_static/fonts/RobotoSlab/roboto-slab-v7-bold.woff2,67312,67312,EF9012AD,EF9012AD,2026-08-07T06:53:54+00:00,2026-09-29T23:36:24.920115+00:00,nur Zeit geändert
Apps/FrameServer/VapourSynth/doc/_static/fonts/RobotoSlab/roboto-slab-v7-regular.eot,78331,78331,0C7BC03D,0C7BC03D,2026-08-07T06:53:54+00:00,2026-09-29T23:36:24.921608+00:00,nur Zeit geändert
Apps/FrameServer/VapourSynth/doc/_static/fonts/RobotoSlab/roboto-slab-v7-regular.ttf,169064,169064,FB683583,FB683583,2026-08-07T06:53:54+00:00,2026-09-29T23:36:24.923473+00:00,nur Zeit geändert
Apps/FrameServer/VapourSynth/doc/_static/fonts/RobotoSlab/roboto-slab-v7-regular.woff,86288,86288,A8DFD7E6,A8DFD7E6,2026-08-07T06:53:54+00:00,2026-09-29T23:36:24.925587+00:00,nur Zeit geändert
Apps/FrameServer/VapourSynth/doc/_static/fonts/RobotoSlab/roboto-slab-v7-regular.woff2,66444,66444,93AAE696,93AAE696,2026-08-07T06:53:54+00:00,2026-09-29T23:36:24.926124+00:00,nur Zeit geändert
Apps/FrameServer/VapourSynth/doc/_static/jquery.js,89501,89501,5D32C60E,5D32C60E,2026-08-07T06:53:56+00:00,2026-09-29T23:36:24.927403+00:00,nur Zeit geändert
Apps/FrameServer/VapourSynth/doc/_static/js/badge_only.js,934,934,FFB8FC84,FFB8FC84,2026-08-07T06:53:54+00:00,2026-09-29T23:36:24.927718+00:00,nur Zeit geändert
Apps/FrameServer/VapourSynth/doc/_static/js/theme.js,5023,5023,0E654B99,0E654B99,2026-08-07T06:53:54+00:00,2026-09-29T23:36:24.927964+00:00,nur Zeit geändert
Apps/FrameServer/VapourSynth/doc/_static/js/versions.js,7205,7205,E2C18052,E2C18052,2026-08-07T06:53:56+00:00,2026-09-29T23:36:24.928267+00:00,nur Zeit geändert
Apps/FrameServer/VapourSynth/doc/_static/language_data.js,13602,13602,56D48DBD,56D48DBD,2026-08-07T06:53:56+00:00,2026-09-29T23:36:24.928763+00:00,nur Zeit geändert
Apps/FrameServer/VapourSynth/doc/_static/minus.png,90,90,B0B5917F,B0B5917F,2026-08-07T06:53:52+00:00,2026-09-29T23:36:24.929012+00:00,nur Zeit geändert
Apps/FrameServer/VapourSynth/doc/_static/plus.png,90,90,5A25D2D1,5A25D2D1,2026-08-07T06:53:52+00:00,2026-09-29T23:36:24.929264+00:00,nur Zeit geändert
Apps/FrameServer/VapourSynth/doc/_static/pygments.css,4982,4982,E86CE6C4,E86CE6C4,2026-08-07T06:53:56+00:00,2026-09-29T23:36:24.929483+00:00,nur Zeit geändert
Apps/FrameServer/VapourSynth/doc/_static/searchtools.js,22464,22464,91C17880,91C17880,2026-08-07T06:53:52+00:00,2026-09-29T23:36:24.929856+00:00,nur Zeit geändert
Apps/FrameServer/VapourSynth/doc/_static/sphinx_highlight.js,5325,5325,6FFEBE34,6FFEBE34,2026-08-07T06:53:52+00:00,2026-09-29T23:36:24.930308+00:00,nur Zeit geändert
Apps/FrameServer/VapourSynth/doc/api/vapoursynth4.h.html,152546,152546,A561EDE1,A561EDE1,2026-08-07T06:53:56+00:00,2026-09-29T23:36:24.931225+00:00,nur Zeit geändert
Apps/FrameServer/VapourSynth/doc/api/vshelper4.h.html,38535,38535,79102542,79102542,2026-08-07T06:53:56+00:00,2026-09-29T23:36:24.931595+00:00,nur Zeit geändert
Apps/FrameServer/VapourSynth/doc/api/vsscript4.h.html,30526,30526,333BD97C,333BD97C,2026-08-07T06:53:56+00:00,2026-09-29T23:36:24.931888+00:00,nur Zeit geändert
Apps/FrameServer/VapourSynth/doc/apireference.html,12281,12281,05C643E6,05C643E6,2026-08-07T06:53:56+00:00,2026-09-29T23:36:24.932270+00:00,nur Zeit geändert
Apps/FrameServer/VapourSynth/doc/applications.html,8589,8589,478F3F33,478F3F33,2026-08-07T06:53:56+00:00,2026-09-29T23:36:24.932489+00:00,nur Zeit geändert
Apps/FrameServer/VapourSynth/doc/functions.html,44202,44202,C04A530C,C04A530C,2026-08-07T06:53:56+00:00,2026-09-29T23:36:24.949172+00:00,nur Zeit geändert
Apps/FrameServer/VapourSynth/doc/functions/audio/assumesamplerate.html,8150,8150,EC188C3C,EC188C3C,2026-08-07T06:53:56+00:00,2026-09-29T23:36:24.932737+00:00,nur Zeit geändert
Apps/FrameServer/VapourSynth/doc/functions/audio/audiogain.html,8676,8676,EFF8796C,EFF8796C,2026-08-07T06:53:56+00:00,2026-09-29T23:36:24.932940+00:00,nur Zeit geändert
Apps/FrameServer/VapourSynth/doc/functions/audio/audioloop.html,8540,8540,1B294E52,1B294E52,2026-08-07T06:53:56+00:00,2026-09-29T23:36:24.933187+00:00,nur Zeit geändert
Apps/FrameServer/VapourSynth/doc/functions/audio/audiomix.html,13071,13071,06372DBC,06372DBC,2026-08-07T06:53:58+00:00,2026-09-29T23:36:24.933404+00:00,nur Zeit geändert
Apps/FrameServer/VapourSynth/doc/functions/audio/audioresample.html,19352,19352,07F601E0,07F601E0,2026-08-07T06:53:58+00:00,2026-09-29T23:36:24.933675+00:00,nur Zeit geändert
Apps/FrameServer/VapourSynth/doc/functions/audio/audioreverse.html,8164,8164,E8237993,E8237993,2026-08-07T06:53:58+00:00,2026-09-29T23:36:24.933873+00:00,nur Zeit geändert
Apps/FrameServer/VapourSynth/doc/functions/audio/audiosplice.html,8180,8180,0C52578F,0C52578F,2026-08-07T06:53:58+00:00,2026-09-29T23:36:24.934158+00:00,nur Zeit geändert
Apps/FrameServer/VapourSynth/doc/functions/audio/audiotrim.html,8612,8612,E5CF7098,E5CF7098,2026-08-07T06:53:58+00:00,2026-09-29T23:36:24.934355+00:00,nur Zeit geändert
Apps/FrameServer/VapourSynth/doc/functions/audio/blankaudio.html,11937,11937,4F745ED1,4F745ED1,2026-08-07T06:53:58+00:00,2026-09-29T23:36:24.934577+00:00,nur Zeit geändert
Apps/FrameServer/VapourSynth/doc/functions/audio/setaudiocache.html,8393,8393,3100D6EA,3100D6EA,2026-08-07T06:53:58+00:00,2026-09-29T23:36:24.934763+00:00,nur Zeit geändert
Apps/FrameServer/VapourSynth/doc/functions/audio/shufflechannels.html,14094,14094,3F2F48F0,3F2F48F0,2026-08-07T06:53:58+00:00,2026-09-29T23:36:24.934971+00:00,nur Zeit geändert
Apps/FrameServer/VapourSynth/doc/functions/audio/splitchannels.html,7930,7930,EB5E5594,EB5E5594,2026-08-07T06:53:58+00:00,2026-09-29T23:36:24.935192+00:00,nur Zeit geändert
Apps/FrameServer/VapourSynth/doc/functions/general/loadallplugins.html,8374,8374,C02F220C,C02F220C,2026-08-07T06:53:58+00:00,2026-09-29T23:36:24.935401+00:00,nur Zeit geändert
Apps/FrameServer/VapourSynth/doc/functions/general/loadplugin.html,9061,9061,0F427467,0F427467,2026-08-07T06:53:58+00:00,2026-09-29T23:36:24.935601+00:00,nur Zeit geändert
Apps/FrameServer/VapourSynth/doc/functions/general/loadpluginavs.html,9995,9995,A1F3FA19,A1F3FA19,2026-08-07T06:53:58+00:00,2026-09-29T23:36:24.935804+00:00,nur Zeit geändert
Apps/FrameServer/VapourSynth/doc/functions/general/setmaxcpu.html,7391,7391,6462100E,6462100E,2026-08-07T06:53:58+00:00,2026-09-29T23:36:24.935992+00:00,nur Zeit geändert
Apps/FrameServer/VapourSynth/doc/functions/video/addborders.html,13526,13526,616B241D,616B241D,2026-08-07T06:53:58+00:00,2026-09-29T23:36:24.936246+00:00,nur Zeit geändert
Apps/FrameServer/VapourSynth/doc/functions/video/assumefps.html,13278,13278,F0CDE670,F0CDE670,2026-08-07T06:53:58+00:00,2026-09-29T23:36:24.936443+00:00,nur Zeit geändert
Apps/FrameServer/VapourSynth/doc/functions/video/averageframes.html,13842,13842,E147BDCC,E147BDCC,2026-08-07T06:53:58+00:00,2026-09-29T23:36:24.936638+00:00,nur Zeit geändert
Apps/FrameServer/VapourSynth/doc/functions/video/binarize_binarizemask.html,14739,14739,FE08E50E,FE08E50E,2026-08-07T06:53:58+00:00,2026-09-29T23:36:24.936859+00:00,nur Zeit geändert
Apps/FrameServer/VapourSynth/doc/functions/video/blankclip.html,15448,15448,BA5A91F5,BA5A91F5,2026-08-07T06:53:58+00:00,2026-09-29T23:36:24.937116+00:00,nur Zeit geändert
Apps/FrameServer/VapourSynth/doc/functions/video/boxblur.html,13387,13387,E7670ED6,E7670ED6,2026-08-07T06:53:58+00:00,2026-09-29T23:36:24.937329+00:00,nur Zeit geändert
Apps/FrameServer/VapourSynth/doc/functions/video/cliptoprop.html,13023,13023,4FDE0736,4FDE0736,2026-08-07T06:53:58+00:00,2026-09-29T23:36:24.937526+00:00,nur Zeit geändert
Apps/FrameServer/VapourSynth/doc/functions/video/convolution.html,17181,17181,A8FCAAAB,A8FCAAAB,2026-08-07T06:53:58+00:00,2026-09-29T23:36:24.937852+00:00,nur Zeit geändert
Apps/FrameServer/VapourSynth/doc/functions/video/copyframeprops.html,12947,12947,3C378B6E,3C378B6E,2026-08-07T06:53:58+00:00,2026-09-29T23:36:24.938137+00:00,nur Zeit geändert
Apps/FrameServer/VapourSynth/doc/functions/video/crop_cropabs.html,15006,15006,36E151F9,36E151F9,2026-08-07T06:53:58+00:00,2026-09-29T23:36:24.938348+00:00,nur Zeit geändert
Apps/FrameServer/VapourSynth/doc/functions/video/deflate_inflate.html,14872,14872,264678FD,264678FD,2026-08-07T06:53:58+00:00,2026-09-29T23:36:24.938544+00:00,nur Zeit geändert
Apps/FrameServer/VapourSynth/doc/functions/video/deleteframes.html,12480,12480,F5C39CFD,F5C39CFD,2026-08-07T06:53:58+00:00,2026-09-29T23:36:24.938728+00:00,nur Zeit geändert
Apps/FrameServer/VapourSynth/doc/functions/video/doubleweave.html,14240,14240,4B7A6C0C,4B7A6C0C,2026-08-07T06:53:58+00:00,2026-09-29T23:36:24.938921+00:00,nur Zeit geändert
Apps/FrameServer/VapourSynth/doc/functions/video/duplicateframes.html,12418,12418,594B591A,594B591A,2026-08-07T06:53:58+00:00,2026-09-29T23:36:24.939136+00:00,nur Zeit geändert
Apps/FrameServer/VapourSynth/doc/functions/video/expr.html,20681,20681,EBDB1100,EBDB1100,2026-08-07T06:53:58+00:00,2026-09-29T23:36:24.939398+00:00,nur Zeit geändert
Apps/FrameServer/VapourSynth/doc/functions/video/flipvertical_fliphorizontal.html,12934,12934,574CBBD1,574CBBD1,2026-08-07T06:53:58+00:00,2026-09-29T23:36:24.939596+00:00,nur Zeit geändert
Apps/FrameServer/VapourSynth/doc/functions/video/frameeval.html,26937,26937,E3CEAC00,E3CEAC00,2026-08-07T06:53:58+00:00,2026-09-29T23:36:24.939838+00:00,nur Zeit geändert
Apps/FrameServer/VapourSynth/doc/functions/video/freezeframes.html,13938,13938,EB77285F,EB77285F,2026-08-07T06:53:58+00:00,2026-09-29T23:36:24.940043+00:00,nur Zeit geändert
Apps/FrameServer/VapourSynth/doc/functions/video/interleave.html,13636,13636,80228D1D,80228D1D,2026-08-07T06:53:58+00:00,2026-09-29T23:36:24.940273+00:00,nur Zeit geändert
Apps/FrameServer/VapourSynth/doc/functions/video/invert_invertmask.html,13655,13655,79771398,79771398,2026-08-07T06:53:58+00:00,2026-09-29T23:36:24.940470+00:00,nur Zeit geändert
Apps/FrameServer/VapourSynth/doc/functions/video/levels.html,16678,16678,E0077F22,E0077F22,2026-08-07T06:53:58+00:00,2026-09-29T23:36:24.940673+00:00,nur Zeit geändert
Apps/FrameServer/VapourSynth/doc/functions/video/limiter.html,13069,13069,B3FFCB65,B3FFCB65,2026-08-07T06:53:58+00:00,2026-09-29T23:36:24.940864+00:00,nur Zeit geändert
Apps/FrameServer/VapourSynth/doc/functions/video/loop.html,12790,12790,37FAAA6D,37FAAA6D,2026-08-07T06:53:58+00:00,2026-09-29T23:36:24.941046+00:00,nur Zeit geändert
Apps/FrameServer/VapourSynth/doc/functions/video/lut.html,18026,18026,A4475FC1,A4475FC1,2026-08-07T06:53:58+00:00,2026-09-29T23:36:24.941286+00:00,nur Zeit geändert
Apps/FrameServer/VapourSynth/doc/functions/video/lut2.html,16556,16556,03D21CDE,03D21CDE,2026-08-07T06:53:58+00:00,2026-09-29T23:36:24.941492+00:00,nur Zeit geändert
Apps/FrameServer/VapourSynth/doc/functions/video/makediff.html,14618,14618,59EBE027,59EBE027,2026-08-07T06:53:58+00:00,2026-09-29T23:36:24.941692+00:00,nur Zeit geändert
Apps/FrameServer/VapourSynth/doc/functions/video/makefulldiff.html,14223,14223,013485CA,013485CA,2026-08-07T06:53:58+00:00,2026-09-29T23:36:24.941920+00:00,nur Zeit geändert
Apps/FrameServer/VapourSynth/doc/functions/video/maskedmerge.html,16175,16175,CE0DD612,CE0DD612,2026-08-07T06:53:58+00:00,2026-09-29T23:36:24.942179+00:00,nur Zeit geändert
Apps/FrameServer/VapourSynth/doc/functions/video/median.html,12769,12769,2125CAF4,2125CAF4,2026-08-07T06:53:58+00:00,2026-09-29T23:36:24.942382+00:00,nur Zeit geändert
Apps/FrameServer/VapourSynth/doc/functions/video/merge.html,14700,14700,FC59BEF9,FC59BEF9,2026-08-07T06:53:58+00:00,2026-09-29T23:36:24.942580+00:00,nur Zeit geändert
Apps/FrameServer/VapourSynth/doc/functions/video/mergediff.html,14636,14636,D7D41E63,D7D41E63,2026-08-07T06:53:58+00:00,2026-09-29T23:36:24.942766+00:00,nur Zeit geändert
Apps/FrameServer/VapourSynth/doc/functions/video/mergefulldiff.html,14164,14164,ED8E4F2A,ED8E4F2A,2026-08-07T06:53:58+00:00,2026-09-29T23:36:24.942955+00:00,nur Zeit geändert
Apps/FrameServer/VapourSynth/doc/functions/video/minimum_maximum.html,16648,16648,960BEA2B,960BEA2B,2026-08-07T06:53:58+00:00,2026-09-29T23:36:24.943184+00:00,nur Zeit geändert
Apps/FrameServer/VapourSynth/doc/functions/video/modifyframe.html,17841,17841,69F4A8B9,69F4A8B9,2026-08-07T06:53:58+00:00,2026-09-29T23:36:24.943401+00:00,nur Zeit geändert
Apps/FrameServer/VapourSynth/doc/functions/video/pemverifier.html,12895,12895,ADCE5D43,ADCE5D43,2026-08-07T06:53:58+00:00,2026-09-29T23:36:24.943590+00:00,nur Zeit geändert
Apps/FrameServer/VapourSynth/doc/functions/video/planestats.html,13292,13292,4310704C,4310704C,2026-08-07T06:53:58+00:00,2026-09-29T23:36:24.943780+00:00,nur Zeit geändert
Apps/FrameServer/VapourSynth/doc/functions/video/premultiply.html,13374,13374,57CB5D86,57CB5D86,2026-08-07T06:53:58+00:00,2026-09-29T23:36:24.943977+00:00,nur Zeit geändert
Apps/FrameServer/VapourSynth/doc/functions/video/prewitt_sobel.html,13814,13814,D791DBD0,D791DBD0,2026-08-07T06:53:58+00:00,2026-09-29T23:36:24.944204+00:00,nur Zeit geändert
Apps/FrameServer/VapourSynth/doc/functions/video/proptoclip.html,12953,12953,156A1C05,156A1C05,2026-08-07T06:53:58+00:00,2026-09-29T23:36:24.944398+00:00,nur Zeit geändert
Apps/FrameServer/VapourSynth/doc/functions/video/removeframeprops.html,12862,12862,B8A16A9D,B8A16A9D,2026-08-07T06:53:58+00:00,2026-09-29T23:36:24.944590+00:00,nur Zeit geändert
Apps/FrameServer/VapourSynth/doc/functions/video/resize.html,58279,58279,C3816219,C3816219,2026-08-07T06:53:58+00:00,2026-09-29T23:36:24.944923+00:00,nur Zeit geändert
Apps/FrameServer/VapourSynth/doc/functions/video/reverse.html,12413,12413,6AA7D29D,6AA7D29D,2026-08-07T06:53:58+00:00,2026-09-29T23:36:24.945163+00:00,nur Zeit geändert
Apps/FrameServer/VapourSynth/doc/functions/video/selectevery.html,15780,15780,DBE03449,DBE03449,2026-08-07T06:53:58+00:00,2026-09-29T23:36:24.945369+00:00,nur Zeit geändert
Apps/FrameServer/VapourSynth/doc/functions/video/separatefields.html,13416,13416,6F08B796,6F08B796,2026-08-07T06:53:58+00:00,2026-09-29T23:36:24.945561+00:00,nur Zeit geändert
Apps/FrameServer/VapourSynth/doc/functions/video/setfieldbased.html,14174,14174,9F282266,9F282266,2026-08-07T06:53:58+00:00,2026-09-29T23:36:24.945756+00:00,nur Zeit geändert
Apps/FrameServer/VapourSynth/doc/functions/video/setframeprop.html,13665,13665,87E80AED,87E80AED,2026-08-07T06:53:58+00:00,2026-09-29T23:36:24.946011+00:00,nur Zeit geändert
Apps/FrameServer/VapourSynth/doc/functions/video/setframeprops.html,12968,12968,581D11BA,581D11BA,2026-08-07T06:53:58+00:00,2026-09-29T23:36:24.946240+00:00,nur Zeit geändert
Apps/FrameServer/VapourSynth/doc/functions/video/setvideocache.html,13645,13645,8254EB61,8254EB61,2026-08-07T06:53:58+00:00,2026-09-29T23:36:24.946433+00:00,nur Zeit geändert
Apps/FrameServer/VapourSynth/doc/functions/video/shuffleplanes.html,16564,16564,DAF62388,DAF62388,2026-08-07T06:53:58+00:00,2026-09-29T23:36:24.946638+00:00,nur Zeit geändert
Apps/FrameServer/VapourSynth/doc/functions/video/splice.html,12789,12789,1EAB94C6,1EAB94C6,2026-08-07T06:53:58+00:00,2026-09-29T23:36:24.946827+00:00,nur Zeit geändert
Apps/FrameServer/VapourSynth/doc/functions/video/splitplanes.html,12275,12275,3A6AF1E2,3A6AF1E2,2026-08-07T06:53:58+00:00,2026-09-29T23:36:24.947014+00:00,nur Zeit geändert
Apps/FrameServer/VapourSynth/doc/functions/video/stackvertical_stackhorizontal.html,13183,13183,449204C8,449204C8,2026-08-07T06:53:58+00:00,2026-09-29T23:36:24.947238+00:00,nur Zeit geändert
Apps/FrameServer/VapourSynth/doc/functions/video/text/clipinfo.html,13320,13320,C9810916,C9810916,2026-08-07T06:53:58+00:00,2026-09-29T23:36:24.947462+00:00,nur Zeit geändert
Apps/FrameServer/VapourSynth/doc/functions/video/text/coreinfo.html,13518,13518,D21B8E3C,D21B8E3C,2026-08-07T06:53:58+00:00,2026-09-29T23:36:24.947659+00:00,nur Zeit geändert
Apps/FrameServer/VapourSynth/doc/functions/video/text/framenum.html,13293,13293,17C55C2E,17C55C2E,2026-08-07T06:53:58+00:00,2026-09-29T23:36:24.947844+00:00,nur Zeit geändert
Apps/FrameServer/VapourSynth/doc/functions/video/text/frameprops.html,13478,13478,D2B80A01,D2B80A01,2026-08-07T06:53:58+00:00,2026-09-29T23:36:24.948040+00:00,nur Zeit geändert
Apps/FrameServer/VapourSynth/doc/functions/video/text/text.html,14191,14191,71EC1667,71EC1667,2026-08-07T06:53:58+00:00,2026-09-29T23:36:24.948278+00:00,nur Zeit geändert
Apps/FrameServer/VapourSynth/doc/functions/video/transpose.html,13537,13537,914FC2AA,914FC2AA,2026-08-07T06:53:58+00:00,2026-09-29T23:36:24.948488+00:00,nur Zeit geändert
Apps/FrameServer/VapourSynth/doc/functions/video/trim.html,13284,13284,F8D3C002,F8D3C002,2026-08-07T06:53:58+00:00,2026-09-29T23:36:24.948684+00:00,nur Zeit geändert
Apps/FrameServer/VapourSynth/doc/functions/video/turn.html,17183,17183,17E1BB5F,17E1BB5F,2026-08-07T06:53:58+00:00,2026-09-29T23:36:24.948891+00:00,nur Zeit geändert
Apps/FrameServer/VapourSynth/doc/genindex.html,44257,44257,CA292E98,CA292E98,2026-08-07T06:53:58+00:00,2026-09-29T23:36:24.949520+00:00,nur Zeit geändert
Apps/FrameServer/VapourSynth/doc/gettingstarted.html,14756,14756,C1D241A1,C1D241A1,2026-08-07T06:53:58+00:00,2026-09-29T23:36:24.949756+00:00,nur Zeit geändert
Apps/FrameServer/VapourSynth/doc/index.html,28314,28314,EC469C04,EC469C04,2026-08-07T06:53:58+00:00,2026-09-29T23:36:24.950027+00:00,nur Zeit geändert
Apps/FrameServer/VapourSynth/doc/installation.html,23822,23822,F43B7FF6,F43B7FF6,2026-08-07T06:53:58+00:00,2026-09-29T23:36:24.950356+00:00,nur Zeit geändert
Apps/FrameServer/VapourSynth/doc/introduction.html,7599,7599,30343E05,30343E05,2026-08-07T06:53:58+00:00,2026-09-29T23:36:24.951038+00:00,nur Zeit geändert
Apps/FrameServer/VapourSynth/doc/objects.inv,5561,5561,FEF34381,FEF34381,2026-08-07T06:53:58+00:00,2026-09-29T23:36:24.951444+00:00,nur Zeit geändert
Apps/FrameServer/VapourSynth/doc/output.html,19863,19863,20C62826,20C62826,2026-08-07T06:53:58+00:00,2026-09-29T23:36:24.951731+00:00,nur Zeit geändert
Apps/FrameServer/VapourSynth/doc/packaging.html,29631,29631,A989CDF1,A989CDF1,2026-08-07T06:53:58+00:00,2026-09-29T23:36:24.952156+00:00,nur Zeit geändert
Apps/FrameServer/VapourSynth/doc/pythonreference.html,143186,143186,C09A5965,C09A5965,2026-08-07T06:53:58+00:00,2026-09-29T23:36:24.952857+00:00,nur Zeit geändert
Apps/FrameServer/VapourSynth/doc/search.html,4739,4739,A463DCDD,A463DCDD,2026-08-07T06:53:58+00:00,2026-09-29T23:36:24.953216+00:00,nur Zeit geändert
Apps/FrameServer/VapourSynth/doc/searchindex.js,103967,103967,79743AB1,79743AB1,2026-08-07T06:53:58+00:00,2026-09-29T23:36:24.954318+00:00,nur Zeit geändert
Apps/FrameServer/VapourSynth/include/cython/vapoursynth.h,1898,1898,5D0131E9,5D0131E9,2026-09-25T21:22:18+00:00,2026-09-29T23:36:24.956548+00:00,nur Zeit geändert
Apps/FrameServer/VapourSynth/include/cython/vapoursynth_api.h,6504,6504,015B2C39,015B2C39,2026-09-25T21:22:18+00:00,2026-09-29T23:36:24.956764+00:00,nur Zeit geändert
Apps/FrameServer/VapourSynth/include/VapourSynth4.h,33672,33672,FF715DFF,FF715DFF,2026-09-25T21:22:18+00:00,2026-09-29T23:36:24.956294+00:00,nur Zeit geändert
Apps/FrameServer/VapourSynth/include/VSConstants4.h,2887,2887,43B6A225,43B6A225,2026-09-25T21:22:18+00:00,2026-09-29T23:36:24.954636+00:00,nur Zeit geändert
Apps/FrameServer/VapourSynth/include/VSHelper4.h,8289,8289,83F8AD9B,83F8AD9B,2026-09-25T21:22:18+00:00,2026-09-29T23:36:24.954891+00:00,nur Zeit geändert
Apps/FrameServer/VapourSynth/include/VSScript4.h,6581,6581,283E6BCA,283E6BCA,2026-09-25T21:22:18+00:00,2026-09-29T23:36:24.955147+00:00,nur Zeit geändert
Apps/FrameServer/VapourSynth/include/VSVulkan4.h,65951,65951,9540F54D,9540F54D,2026-09-25T21:22:18+00:00,2026-09-29T23:36:24.955857+00:00,nur Zeit geändert
Apps/FrameServer/VapourSynth/Lib/site-packages/pip-26.2.1.dist-info/entry_points.txt,84,84,DAEC32DD,DAEC32DD,2026-09-26T10:43:04.450196+00:00,2026-09-29T23:36:24.344350+00:00,nur Zeit geändert
Apps/FrameServer/VapourSynth/Lib/site-packages/pip-26.2.1.dist-info/INSTALLER,4,4,C2971FC7,C2971FC7,2026-09-26T10:43:06.002948+00:00,2026-09-29T23:36:24.342808+00:00,nur Zeit geändert
Apps/FrameServer/VapourSynth/Lib/site-packages/pip-26.2.1.dist-info/licenses/AUTHORS.txt,12139,12139,15BBE127,15BBE127,2026-09-26T10:43:04.450196+00:00,2026-09-29T23:36:24.344772+00:00,nur Zeit geändert
Apps/FrameServer/VapourSynth/Lib/site-packages/pip-26.2.1.dist-info/licenses/LICENSE.txt,1093,1093,2B568306,2B568306,2026-09-26T10:43:04.450196+00:00,2026-09-29T23:36:24.344977+00:00,nur Zeit geändert
Apps/FrameServer/VapourSynth/Lib/site-packages/pip-26.2.1.dist-info/licenses/src/pip/_vendor/cachecontrol/LICENSE.txt,558,558,5D40DCC6,5D40DCC6,2026-09-26T10:43:04.451198+00:00,2026-09-29T23:36:24.345297+00:00,nur Zeit geändert
Apps/FrameServer/VapourSynth/Lib/site-packages/pip-26.2.1.dist-info/licenses/src/pip/_vendor/certifi/LICENSE,989,989,322B8413,322B8413,2026-09-26T10:43:04.452198+00:00,2026-09-29T23:36:24.345568+00:00,nur Zeit geändert
Apps/FrameServer/VapourSynth/Lib/site-packages/pip-26.2.1.dist-info/licenses/src/pip/_vendor/distlib/LICENSE.txt,14531,14531,9DD40FAD,9DD40FAD,2026-09-26T10:43:04.452198+00:00,2026-09-29T23:36:24.345929+00:00,nur Zeit geändert
Apps/FrameServer/VapourSynth/Lib/site-packages/pip-26.2.1.dist-info/licenses/src/pip/_vendor/distro/LICENSE,11325,11325,845BE30E,845BE30E,2026-09-26T10:43:04.452198+00:00,2026-09-29T23:36:24.346302+00:00,nur Zeit geändert
Apps/FrameServer/VapourSynth/Lib/site-packages/pip-26.2.1.dist-info/licenses/src/pip/_vendor/idna/LICENSE.md,1541,1541,EC5EB6A3,EC5EB6A3,2026-09-26T10:43:04.453200+00:00,2026-09-29T23:36:24.346552+00:00,nur Zeit geändert
Apps/FrameServer/VapourSynth/Lib/site-packages/pip-26.2.1.dist-info/licenses/src/pip/_vendor/msgpack/COPYING,614,614,3A28B558,3A28B558,2026-09-26T10:43:04.453200+00:00,2026-09-29T23:36:24.346771+00:00,nur Zeit geändert
Apps/FrameServer/VapourSynth/Lib/site-packages/pip-26.2.1.dist-info/licenses/src/pip/_vendor/packaging/LICENSE,197,197,BCD2EEDF,BCD2EEDF,2026-09-26T10:43:04.454200+00:00,2026-09-29T23:36:24.346985+00:00,nur Zeit geändert
Apps/FrameServer/VapourSynth/Lib/site-packages/pip-26.2.1.dist-info/licenses/src/pip/_vendor/packaging/LICENSE.APACHE,10174,10174,1EA3B7B0,1EA3B7B0,2026-09-26T10:43:04.454200+00:00,2026-09-29T23:36:24.347224+00:00,nur Zeit geändert
Apps/FrameServer/VapourSynth/Lib/site-packages/pip-26.2.1.dist-info/licenses/src/pip/_vendor/packaging/LICENSE.BSD,1344,1344,470B508F,470B508F,2026-09-26T10:43:04.454200+00:00,2026-09-29T23:36:24.347440+00:00,nur Zeit geändert
Apps/FrameServer/VapourSynth/Lib/site-packages/pip-26.2.1.dist-info/licenses/src/pip/_vendor/pkg_resources/LICENSE,1023,1023,8A45531E,8A45531E,2026-09-26T10:43:04.455200+00:00,2026-09-29T23:36:24.347657+00:00,nur Zeit geändert
Apps/FrameServer/VapourSynth/Lib/site-packages/pip-26.2.1.dist-info/licenses/src/pip/_vendor/platformdirs/LICENSE,1089,1089,5D1BD6AC,5D1BD6AC,2026-09-26T10:43:04.455200+00:00,2026-09-29T23:36:24.347867+00:00,nur Zeit geändert
Apps/FrameServer/VapourSynth/Lib/site-packages/pip-26.2.1.dist-info/licenses/src/pip/_vendor/pygments/LICENSE,1331,1331,CB1F000B,CB1F000B,2026-09-26T10:43:04.456201+00:00,2026-09-29T23:36:24.348115+00:00,nur Zeit geändert
Apps/FrameServer/VapourSynth/Lib/site-packages/pip-26.2.1.dist-info/licenses/src/pip/_vendor/pyproject_hooks/LICENSE,1081,1081,44C48B47,44C48B47,2026-09-26T10:43:04.456201+00:00,2026-09-29T23:36:24.348340+00:00,nur Zeit geändert
Apps/FrameServer/VapourSynth/Lib/site-packages/pip-26.2.1.dist-info/licenses/src/pip/_vendor/requests/LICENSE,10142,10142,CB9FE692,CB9FE692,2026-09-26T10:43:04.457201+00:00,2026-09-29T23:36:24.348552+00:00,nur Zeit geändert
Apps/FrameServer/VapourSynth/Lib/site-packages/pip-26.2.1.dist-info/licenses/src/pip/_vendor/resolvelib/LICENSE,751,751,CBADA9C1,CBADA9C1,2026-09-26T10:43:04.457201+00:00,2026-09-29T23:36:24.348774+00:00,nur Zeit geändert
Apps/FrameServer/VapourSynth/Lib/site-packages/pip-26.2.1.dist-info/licenses/src/pip/_vendor/rich/LICENSE,1056,1056,4AF296FF,4AF296FF,2026-09-26T10:43:04.457201+00:00,2026-09-29T23:36:24.348979+00:00,nur Zeit geändert
Apps/FrameServer/VapourSynth/Lib/site-packages/pip-26.2.1.dist-info/licenses/src/pip/_vendor/tomli/LICENSE,1072,1072,8275585D,8275585D,2026-09-26T10:43:04.458200+00:00,2026-09-29T23:36:24.349222+00:00,nur Zeit geändert
Apps/FrameServer/VapourSynth/Lib/site-packages/pip-26.2.1.dist-info/licenses/src/pip/_vendor/tomli_w/LICENSE,1072,1072,8275585D,8275585D,2026-09-26T10:43:04.458200+00:00,2026-09-29T23:36:24.349430+00:00,nur Zeit geändert
Apps/FrameServer/VapourSynth/Lib/site-packages/pip-26.2.1.dist-info/licenses/src/pip/_vendor/truststore/LICENSE,1086,1086,B00A0FC5,B00A0FC5,2026-09-26T10:43:04.459201+00:00,2026-09-29T23:36:24.349636+00:00,nur Zeit geändert
Apps/FrameServer/VapourSynth/Lib/site-packages/pip-26.2.1.dist-info/licenses/src/pip/_vendor/urllib3/LICENSE.txt,1093,1093,A8FDEA51,A8FDEA51,2026-09-26T10:43:04.459201+00:00,2026-09-29T23:36:24.349843+00:00,nur Zeit geändert
Apps/FrameServer/VapourSynth/Lib/site-packages/pip-26.2.1.dist-info/METADATA,4617,4617,26721940,26721940,2026-09-26T10:43:04.460201+00:00,2026-09-29T23:36:24.343020+00:00,nur Zeit geändert
Apps/FrameServer/VapourSynth/Lib/site-packages/pip-26.2.1.dist-info/RECORD,68999,68999,680A7CCE,680A7CCE,2026-09-26T10:43:06.009948+00:00,2026-09-29T23:36:24.343912+00:00,nur Zeit geändert
Apps/FrameServer/VapourSynth/Lib/site-packages/pip-26.2.1.dist-info/REQUESTED,0,0,00000000,00000000,2026-09-26T10:43:06.003948+00:00,2026-09-29T23:36:22.192928+00:00,nur Zeit geändert
Apps/FrameServer/VapourSynth/Lib/site-packages/pip-26.2.1.dist-info/WHEEL,82,82,B3047C0F,B3047C0F,2026-09-26T10:43:04.459201+00:00,2026-09-29T23:36:24.344166+00:00,nur Zeit geändert
Apps/FrameServer/VapourSynth/Lib/site-packages/pip/__init__.py,355,355,502D40A9,502D40A9,2026-09-26T10:43:04.299147+00:00,2026-09-29T23:36:24.131420+00:00,nur Zeit geändert
Apps/FrameServer/VapourSynth/Lib/site-packages/pip/__main__.py,874,874,C561CAE5,C561CAE5,2026-09-26T10:43:04.299147+00:00,2026-09-29T23:36:24.135419+00:00,nur Zeit geändert
Apps/FrameServer/VapourSynth/Lib/site-packages/pip/__pip-runner__.py,1451,1451,D39344E2,D39344E2,2026-09-26T10:43:04.299147+00:00,2026-09-29T23:36:24.138881+00:00,nur Zeit geändert
Apps/FrameServer/VapourSynth/Lib/site-packages/pip/_internal/__init__.py,511,511,6CF16D0D,6CF16D0D,2026-09-26T10:43:04.300148+00:00,2026-09-29T23:36:24.139545+00:00,nur Zeit geändert
Apps/FrameServer/VapourSynth/Lib/site-packages/pip/_internal/build_env/__init__.py,788,788,EF2CBB3A,EF2CBB3A,2026-09-26T10:43:04.303148+00:00,2026-09-29T23:36:24.140377+00:00,nur Zeit geändert
Apps/FrameServer/VapourSynth/Lib/site-packages/pip/_internal/build_env/base.py,3440,3440,4877A2F7,4877A2F7,2026-09-26T10:43:04.304150+00:00,2026-09-29T23:36:24.140992+00:00,nur Zeit geändert
Apps/FrameServer/VapourSynth/Lib/site-packages/pip/_internal/build_env/installer.py,13046,13046,5AD80673,5AD80673,2026-09-26T10:43:04.304150+00:00,2026-09-29T23:36:24.141798+00:00,nur Zeit geändert
Apps/FrameServer/VapourSynth/Lib/site-packages/pip/_internal/build_env/noop.py,1001,1001,51DCDC5E,51DCDC5E,2026-09-26T10:43:04.304150+00:00,2026-09-29T23:36:24.142620+00:00,nur Zeit geändert
Apps/FrameServer/VapourSynth/Lib/site-packages/pip/_internal/build_env/venv.py,5692,5692,2785F048,2785F048,2026-09-26T10:43:04.304150+00:00,2026-09-29T23:36:24.143539+00:00,nur Zeit geändert
Apps/FrameServer/VapourSynth/Lib/site-packages/pip/_internal/build_env/virtual.py,4858,4858,2FE307C5,2FE307C5,2026-09-26T10:43:04.305147+00:00,2026-09-29T23:36:24.144249+00:00,nur Zeit geändert
Apps/FrameServer/VapourSynth/Lib/site-packages/pip/_internal/cache.py,10457,10457,6E930169,6E930169,2026-09-26T10:43:04.300148+00:00,2026-09-29T23:36:24.144897+00:00,nur Zeit geändert
Apps/FrameServer/VapourSynth/Lib/site-packages/pip/_internal/cli/__init__.py,131,131,092A24AC,092A24AC,2026-09-26T10:43:04.305147+00:00,2026-09-29T23:36:24.145600+00:00,nur Zeit geändert
Apps/FrameServer/VapourSynth/Lib/site-packages/pip/_internal/cli/autocompletion.py,7353,7353,1F36C8AD,1F36C8AD,2026-09-26T10:43:04.305147+00:00,2026-09-29T23:36:24.146288+00:00,nur Zeit geändert
Apps/FrameServer/VapourSynth/Lib/site-packages/pip/_internal/cli/base_command.py,9431,9431,860CA10A,860CA10A,2026-09-26T10:43:04.306148+00:00,2026-09-29T23:36:24.147024+00:00,nur Zeit geändert
Apps/FrameServer/VapourSynth/Lib/site-packages/pip/_internal/cli/cmdoptions.py,41180,41180,5BB1D222,5BB1D222,2026-09-26T10:43:04.306148+00:00,2026-09-29T23:36:24.147918+00:00,nur Zeit geändert
Apps/FrameServer/VapourSynth/Lib/site-packages/pip/_internal/cli/command_context.py,817,817,611C0A08,611C0A08,2026-09-26T10:43:04.306148+00:00,2026-09-29T23:36:24.148608+00:00,nur Zeit geändert
Apps/FrameServer/VapourSynth/Lib/site-packages/pip/_internal/cli/index_command.py,7504,7504,A94D5994,A94D5994,2026-09-26T10:43:04.307147+00:00,2026-09-29T23:36:24.149473+00:00,nur Zeit geändert
Apps/FrameServer/VapourSynth/Lib/site-packages/pip/_internal/cli/main.py,3209,3209,55AA3E53,55AA3E53,2026-09-26T10:43:04.307147+00:00,2026-09-29T23:36:24.150211+00:00,nur Zeit geändert
Apps/FrameServer/VapourSynth/Lib/site-packages/pip/_internal/cli/main_parser.py,4368,4368,819FBD81,819FBD81,2026-09-26T10:43:04.307147+00:00,2026-09-29T23:36:24.150803+00:00,nur Zeit geändert
Apps/FrameServer/VapourSynth/Lib/site-packages/pip/_internal/cli/parser.py,14147,14147,21531447,21531447,2026-09-26T10:43:04.308147+00:00,2026-09-29T23:36:24.151622+00:00,nur Zeit geändert
Apps/FrameServer/VapourSynth/Lib/site-packages/pip/_internal/cli/progress_bars.py,4706,4706,79F6A555,79F6A555,2026-09-26T10:43:04.308147+00:00,2026-09-29T23:36:24.152256+00:00,nur Zeit geändert
Apps/FrameServer/VapourSynth/Lib/site-packages/pip/_internal/cli/req_command.py,18952,18952,CE4CF610,CE4CF610,2026-09-26T10:43:04.308147+00:00,2026-09-29T23:36:24.153148+00:00,nur Zeit geändert
Apps/FrameServer/VapourSynth/Lib/site-packages/pip/_internal/cli/spinners.py,7362,7362,3C6802B2,3C6802B2,2026-09-26T10:43:04.309150+00:00,2026-09-29T23:36:24.153985+00:00,nur Zeit geändert
Apps/FrameServer/VapourSynth/Lib/site-packages/pip/_internal/cli/status_codes.py,136,136,0EA15E0D,0EA15E0D,2026-09-26T10:43:04.309150+00:00,2026-09-29T23:36:24.154728+00:00,nur Zeit geändert
Apps/FrameServer/VapourSynth/Lib/site-packages/pip/_internal/commands/__init__.py,4026,4026,8C8F14C5,8C8F14C5,2026-09-26T10:43:04.309150+00:00,2026-09-29T23:36:24.155747+00:00,nur Zeit geändert
Apps/FrameServer/VapourSynth/Lib/site-packages/pip/_internal/commands/cache.py,9251,9251,441FBEE6,441FBEE6,2026-09-26T10:43:04.310150+00:00,2026-09-29T23:36:24.156891+00:00,nur Zeit geändert
Apps/FrameServer/VapourSynth/Lib/site-packages/pip/_internal/commands/check.py,2244,2244,516A7BFC,516A7BFC,2026-09-26T10:43:04.310150+00:00,2026-09-29T23:36:24.157540+00:00,nur Zeit geändert
Apps/FrameServer/VapourSynth/Lib/site-packages/pip/_internal/commands/completion.py,4565,4565,21A09DA4,21A09DA4,2026-09-26T10:43:04.310150+00:00,2026-09-29T23:36:24.158304+00:00,nur Zeit geändert
Apps/FrameServer/VapourSynth/Lib/site-packages/pip/_internal/commands/configuration.py,10132,10132,4267A04E,4267A04E,2026-09-26T10:43:04.310150+00:00,2026-09-29T23:36:24.159020+00:00,nur Zeit geändert
Apps/FrameServer/VapourSynth/Lib/site-packages/pip/_internal/commands/debug.py,6556,6556,BB2107C1,BB2107C1,2026-09-26T10:43:04.311152+00:00,2026-09-29T23:36:24.159833+00:00,nur Zeit geändert
Apps/FrameServer/VapourSynth/Lib/site-packages/pip/_internal/commands/download.py,5404,5404,3CC8816C,3CC8816C,2026-09-26T10:43:04.311152+00:00,2026-09-29T23:36:24.160454+00:00,nur Zeit geändert
Apps/FrameServer/VapourSynth/Lib/site-packages/pip/_internal/commands/freeze.py,3100,3100,AB936D52,AB936D52,2026-09-26T10:43:04.311152+00:00,2026-09-29T23:36:24.161464+00:00,nur Zeit geändert
Apps/FrameServer/VapourSynth/Lib/site-packages/pip/_internal/commands/hash.py,1679,1679,50126D2C,50126D2C,2026-09-26T10:43:04.312148+00:00,2026-09-29T23:36:24.162126+00:00,nur Zeit geändert
Apps/FrameServer/VapourSynth/Lib/site-packages/pip/_internal/commands/help.py,1108,1108,F1A040B4,F1A040B4,2026-09-26T10:43:04.312148+00:00,2026-09-29T23:36:24.162790+00:00,nur Zeit geändert
Apps/FrameServer/VapourSynth/Lib/site-packages/pip/_internal/commands/index.py,5608,5608,07E41D93,07E41D93,2026-09-26T10:43:04.312148+00:00,2026-09-29T23:36:24.163387+00:00,nur Zeit geändert
Apps/FrameServer/VapourSynth/Lib/site-packages/pip/_internal/commands/inspect.py,3185,3185,21C1EDEB,21C1EDEB,2026-09-26T10:43:04.313150+00:00,2026-09-29T23:36:24.164052+00:00,nur Zeit geändert
Apps/FrameServer/VapourSynth/Lib/site-packages/pip/_internal/commands/install.py,33761,33761,1AB2646F,1AB2646F,2026-09-26T10:43:04.313150+00:00,2026-09-29T23:36:24.164865+00:00,nur Zeit geändert
Apps/FrameServer/VapourSynth/Lib/site-packages/pip/_internal/commands/list.py,13908,13908,B5F3C189,B5F3C189,2026-09-26T10:43:04.313150+00:00,2026-09-29T23:36:24.165632+00:00,nur Zeit geändert
Apps/FrameServer/VapourSynth/Lib/site-packages/pip/_internal/commands/lock.py,5987,5987,29D868F3,29D868F3,2026-09-26T10:43:04.314152+00:00,2026-09-29T23:36:24.166280+00:00,nur Zeit geändert
Apps/FrameServer/VapourSynth/Lib/site-packages/pip/_internal/commands/search.py,5782,5782,D206E975,D206E975,2026-09-26T10:43:04.314152+00:00,2026-09-29T23:36:24.167241+00:00,nur Zeit geändert
Apps/FrameServer/VapourSynth/Lib/site-packages/pip/_internal/commands/show.py,8247,8247,C9E4C419,C9E4C419,2026-09-26T10:43:04.314152+00:00,2026-09-29T23:36:24.167857+00:00,nur Zeit geändert
Apps/FrameServer/VapourSynth/Lib/site-packages/pip/_internal/commands/uninstall.py,3868,3868,E017CE30,E017CE30,2026-09-26T10:43:04.315152+00:00,2026-09-29T23:36:24.168539+00:00,nur Zeit geändert
Apps/FrameServer/VapourSynth/Lib/site-packages/pip/_internal/commands/wheel.py,6187,6187,9E8197D5,9E8197D5,2026-09-26T10:43:04.315152+00:00,2026-09-29T23:36:24.169235+00:00,nur Zeit geändert
Apps/FrameServer/VapourSynth/Lib/site-packages/pip/_internal/configuration.py,14562,14562,459ADAF5,459ADAF5,2026-09-26T10:43:04.301147+00:00,2026-09-29T23:36:24.170137+00:00,nur Zeit geändert
Apps/FrameServer/VapourSynth/Lib/site-packages/pip/_internal/distributions/__init__.py,858,858,2E0D75D3,2E0D75D3,2026-09-26T10:43:04.315152+00:00,2026-09-29T23:36:24.170814+00:00,nur Zeit geändert
Apps/FrameServer/VapourSynth/Lib/site-packages/pip/_internal/distributions/base.py,1907,1907,8E57AD53,8E57AD53,2026-09-26T10:43:04.316150+00:00,2026-09-29T23:36:24.171585+00:00,nur Zeit geändert
Apps/FrameServer/VapourSynth/Lib/site-packages/pip/_internal/distributions/installed.py,994,994,612A0B01,612A0B01,2026-09-26T10:43:04.316150+00:00,2026-09-29T23:36:24.172459+00:00,nur Zeit geändert
Apps/FrameServer/VapourSynth/Lib/site-packages/pip/_internal/distributions/sdist.py,7783,7783,4877434D,4877434D,2026-09-26T10:43:04.316150+00:00,2026-09-29T23:36:24.173667+00:00,nur Zeit geändert
Apps/FrameServer/VapourSynth/Lib/site-packages/pip/_internal/distributions/wheel.py,1429,1429,47355174,47355174,2026-09-26T10:43:04.317152+00:00,2026-09-29T23:36:24.174449+00:00,nur Zeit geändert
Apps/FrameServer/VapourSynth/Lib/site-packages/pip/_internal/exceptions.py,38302,38302,86EEF7E4,86EEF7E4,2026-09-26T10:43:04.301147+00:00,2026-09-29T23:36:24.175611+00:00,nur Zeit geändert
Apps/FrameServer/VapourSynth/Lib/site-packages/pip/_internal/index/__init__.py,29,29,75828370,75828370,2026-09-26T10:43:04.317152+00:00,2026-09-29T23:36:24.176380+00:00,nur Zeit geändert
Apps/FrameServer/VapourSynth/Lib/site-packages/pip/_internal/index/collector.py,16578,16578,87B65533,87B65533,2026-09-26T10:43:04.317152+00:00,2026-09-29T23:36:24.177345+00:00,nur Zeit geändert
Apps/FrameServer/VapourSynth/Lib/site-packages/pip/_internal/index/package_finder.py,43149,43149,78C69800,78C69800,2026-09-26T10:43:04.318152+00:00,2026-09-29T23:36:24.178459+00:00,nur Zeit geändert
Apps/FrameServer/VapourSynth/Lib/site-packages/pip/_internal/index/sources.py,8621,8621,96FB1D77,96FB1D77,2026-09-26T10:43:04.318152+00:00,2026-09-29T23:36:24.179356+00:00,nur Zeit geändert
Apps/FrameServer/VapourSynth/Lib/site-packages/pip/_internal/locations/__init__.py,14022,14022,7BE31D3D,7BE31D3D,2026-09-26T10:43:04.318152+00:00,2026-09-29T23:36:24.180217+00:00,nur Zeit geändert
Apps/FrameServer/VapourSynth/Lib/site-packages/pip/_internal/locations/_distutils.py,5975,5975,A84364F0,A84364F0,2026-09-26T10:43:04.319155+00:00,2026-09-29T23:36:24.181411+00:00,nur Zeit geändert
Apps/FrameServer/VapourSynth/Lib/site-packages/pip/_internal/locations/_sysconfig.py,7788,7788,E2344E0E,E2344E0E,2026-09-26T10:43:04.319155+00:00,2026-09-29T23:36:24.182224+00:00,nur Zeit geändert
Apps/FrameServer/VapourSynth/Lib/site-packages/pip/_internal/locations/base.py,2548,2548,33D44720,33D44720,2026-09-26T10:43:04.319155+00:00,2026-09-29T23:36:24.183048+00:00,nur Zeit geändert
Apps/FrameServer/VapourSynth/Lib/site-packages/pip/_internal/main.py,338,338,2FD09EEC,2FD09EEC,2026-09-26T10:43:04.301147+00:00,2026-09-29T23:36:24.183769+00:00,nur Zeit geändert
Apps/FrameServer/VapourSynth/Lib/site-packages/pip/_internal/metadata/__init__.py,5824,5824,9A3B9AA1,9A3B9AA1,2026-09-26T10:43:04.320152+00:00,2026-09-29T23:36:24.184803+00:00,nur Zeit geändert
Apps/FrameServer/VapourSynth/Lib/site-packages/pip/_internal/metadata/_json.py,2711,2711,816E72F2,816E72F2,2026-09-26T10:43:04.320152+00:00,2026-09-29T23:36:24.185497+00:00,nur Zeit geändert
Apps/FrameServer/VapourSynth/Lib/site-packages/pip/_internal/metadata/base.py,25642,25642,8D2D67AC,8D2D67AC,2026-09-26T10:43:04.321152+00:00,2026-09-29T23:36:24.186396+00:00,nur Zeit geändert
Apps/FrameServer/VapourSynth/Lib/site-packages/pip/_internal/metadata/importlib/__init__.py,135,135,AE684179,AE684179,2026-09-26T10:43:04.321152+00:00,2026-09-29T23:36:24.187147+00:00,nur Zeit geändert
Apps/FrameServer/VapourSynth/Lib/site-packages/pip/_internal/metadata/importlib/_compat.py,2804,2804,05A75F7E,05A75F7E,2026-09-26T10:43:04.322148+00:00,2026-09-29T23:36:24.188182+00:00,nur Zeit geändert
Apps/FrameServer/VapourSynth/Lib/site-packages/pip/_internal/metadata/importlib/_dists.py,8717,8717,29157491,29157491,2026-09-26T10:43:04.322148+00:00,2026-09-29T23:36:24.189062+00:00,nur Zeit geändert
Apps/FrameServer/VapourSynth/Lib/site-packages/pip/_internal/metadata/importlib/_envs.py,5590,5590,5ECCDACA,5ECCDACA,2026-09-26T10:43:04.322148+00:00,2026-09-29T23:36:24.189944+00:00,nur Zeit geändert
Apps/FrameServer/VapourSynth/Lib/site-packages/pip/_internal/metadata/pkg_resources.py,10544,10544,A3286C99,A3286C99,2026-09-26T10:43:04.321152+00:00,2026-09-29T23:36:24.190760+00:00,nur Zeit geändert
Apps/FrameServer/VapourSynth/Lib/site-packages/pip/_internal/models/__init__.py,62,62,A38B529F,A38B529F,2026-09-26T10:43:04.323152+00:00,2026-09-29T23:36:24.192379+00:00,nur Zeit geändert
Apps/FrameServer/VapourSynth/Lib/site-packages/pip/_internal/models/candidate.py,824,824,A0D08B63,A0D08B63,2026-09-26T10:43:04.323152+00:00,2026-09-29T23:36:24.193158+00:00,nur Zeit geändert
Apps/FrameServer/VapourSynth/Lib/site-packages/pip/_internal/models/direct_url.py,944,944,4AF68783,4AF68783,2026-09-26T10:43:04.323152+00:00,2026-09-29T23:36:24.193760+00:00,nur Zeit geändert
Apps/FrameServer/VapourSynth/Lib/site-packages/pip/_internal/models/format_control.py,2471,2471,A95024FF,A95024FF,2026-09-26T10:43:04.324153+00:00,2026-09-29T23:36:24.194924+00:00,nur Zeit geändert
Apps/FrameServer/VapourSynth/Lib/site-packages/pip/_internal/models/index.py,1030,1030,CDA997DF,CDA997DF,2026-09-26T10:43:04.324153+00:00,2026-09-29T23:36:24.195560+00:00,nur Zeit geändert
Apps/FrameServer/VapourSynth/Lib/site-packages/pip/_internal/models/installation_report.py,2846,2846,1C293D90,1C293D90,2026-09-26T10:43:04.324153+00:00,2026-09-29T23:36:24.196302+00:00,nur Zeit geändert
Apps/FrameServer/VapourSynth/Lib/site-packages/pip/_internal/models/link.py,23474,23474,6E1BA82A,6E1BA82A,2026-09-26T10:43:04.325153+00:00,2026-09-29T23:36:24.197097+00:00,nur Zeit geändert
Apps/FrameServer/VapourSynth/Lib/site-packages/pip/_internal/models/release_control.py,3365,3365,28970529,28970529,2026-09-26T10:43:04.325153+00:00,2026-09-29T23:36:24.197950+00:00,nur Zeit geändert
Apps/FrameServer/VapourSynth/Lib/site-packages/pip/_internal/models/scheme.py,558,558,2ECCB7F4,2ECCB7F4,2026-09-26T10:43:04.325153+00:00,2026-09-29T23:36:24.198579+00:00,nur Zeit geändert
Apps/FrameServer/VapourSynth/Lib/site-packages/pip/_internal/models/search_scope.py,4461,4461,8CF37B07,8CF37B07,2026-09-26T10:43:04.325153+00:00,2026-09-29T23:36:24.199329+00:00,nur Zeit geändert
Apps/FrameServer/VapourSynth/Lib/site-packages/pip/_internal/models/selection_prefs.py,1503,1503,1E0ABB98,1E0ABB98,2026-09-26T10:43:04.326155+00:00,2026-09-29T23:36:24.199924+00:00,nur Zeit geändert
Apps/FrameServer/VapourSynth/Lib/site-packages/pip/_internal/models/target_python.py,4243,4243,F7649A26,F7649A26,2026-09-26T10:43:04.326155+00:00,2026-09-29T23:36:24.200870+00:00,nur Zeit geändert
Apps/FrameServer/VapourSynth/Lib/site-packages/pip/_internal/models/wheel.py,2920,2920,C84A7794,C84A7794,2026-09-26T10:43:04.326155+00:00,2026-09-29T23:36:24.201478+00:00,nur Zeit geändert
Apps/FrameServer/VapourSynth/Lib/site-packages/pip/_internal/network/__init__.py,49,49,01E31063,01E31063,2026-09-26T10:43:04.327152+00:00,2026-09-29T23:36:24.202222+00:00,nur Zeit geändert
Apps/FrameServer/VapourSynth/Lib/site-packages/pip/_internal/network/auth.py,21545,21545,9C5C735C,9C5C735C,2026-09-26T10:43:04.327152+00:00,2026-09-29T23:36:24.203027+00:00,nur Zeit geändert
Apps/FrameServer/VapourSynth/Lib/site-packages/pip/_internal/network/cache.py,4862,4862,A72F4D99,A72F4D99,2026-09-26T10:43:04.327152+00:00,2026-09-29T23:36:24.203809+00:00,nur Zeit geändert
Apps/FrameServer/VapourSynth/Lib/site-packages/pip/_internal/network/download.py,14618,14618,B6809666,B6809666,2026-09-26T10:43:04.328153+00:00,2026-09-29T23:36:24.204580+00:00,nur Zeit geändert
Apps/FrameServer/VapourSynth/Lib/site-packages/pip/_internal/network/lazy_wheel.py,7646,7646,1F531F53,1F531F53,2026-09-26T10:43:04.328153+00:00,2026-09-29T23:36:24.205329+00:00,nur Zeit geändert
Apps/FrameServer/VapourSynth/Lib/site-packages/pip/_internal/network/session.py,19924,19924,FFB214D8,FFB214D8,2026-09-26T10:43:04.328153+00:00,2026-09-29T23:36:24.206174+00:00,nur Zeit geändert
Apps/FrameServer/VapourSynth/Lib/site-packages/pip/_internal/network/utils.py,8128,8128,A0719D67,A0719D67,2026-09-26T10:43:04.329155+00:00,2026-09-29T23:36:24.207424+00:00,nur Zeit geändert
Apps/FrameServer/VapourSynth/Lib/site-packages/pip/_internal/network/xmlrpc.py,1830,1830,0B75BCD3,0B75BCD3,2026-09-26T10:43:04.329155+00:00,2026-09-29T23:36:24.208052+00:00,nur Zeit geändert
Apps/FrameServer/VapourSynth/Lib/site-packages/pip/_internal/operations/__init__.py,0,0,00000000,00000000,2026-09-26T10:43:04.329155+00:00,2026-09-29T23:36:22.175382+00:00,nur Zeit geändert
Apps/FrameServer/VapourSynth/Lib/site-packages/pip/_internal/operations/build/__init__.py,0,0,00000000,00000000,2026-09-26T10:43:04.331155+00:00,2026-09-29T23:36:22.183384+00:00,nur Zeit geändert
Apps/FrameServer/VapourSynth/Lib/site-packages/pip/_internal/operations/build/build_tracker.py,4771,4771,B0ED6EAB,B0ED6EAB,2026-09-26T10:43:04.331155+00:00,2026-09-29T23:36:24.208792+00:00,nur Zeit geändert
Apps/FrameServer/VapourSynth/Lib/site-packages/pip/_internal/operations/build/metadata.py,1421,1421,B15B05D6,B15B05D6,2026-09-26T10:43:04.331155+00:00,2026-09-29T23:36:24.209419+00:00,nur Zeit geändert
Apps/FrameServer/VapourSynth/Lib/site-packages/pip/_internal/operations/build/metadata_editable.py,1509,1509,71CD069B,71CD069B,2026-09-26T10:43:04.331155+00:00,2026-09-29T23:36:24.210132+00:00,nur Zeit geändert
Apps/FrameServer/VapourSynth/Lib/site-packages/pip/_internal/operations/build/wheel.py,1136,1136,FD8A40F0,FD8A40F0,2026-09-26T10:43:04.332155+00:00,2026-09-29T23:36:24.210720+00:00,nur Zeit geändert
Apps/FrameServer/VapourSynth/Lib/site-packages/pip/_internal/operations/build/wheel_editable.py,1478,1478,B49D869E,B49D869E,2026-09-26T10:43:04.332155+00:00,2026-09-29T23:36:24.211604+00:00,nur Zeit geändert
Apps/FrameServer/VapourSynth/Lib/site-packages/pip/_internal/operations/check.py,5891,5891,3F2D2F53,3F2D2F53,2026-09-26T10:43:04.330155+00:00,2026-09-29T23:36:24.212248+00:00,nur Zeit geändert
Apps/FrameServer/VapourSynth/Lib/site-packages/pip/_internal/operations/freeze.py,9854,9854,2D1C37E7,2D1C37E7,2026-09-26T10:43:04.330155+00:00,2026-09-29T23:36:24.213257+00:00,nur Zeit geändert
Apps/FrameServer/VapourSynth/Lib/site-packages/pip/_internal/operations/install/__init__.py,50,50,FAAF10CD,FAAF10CD,2026-09-26T10:43:04.333155+00:00,2026-09-29T23:36:24.214137+00:00,nur Zeit geändert
Apps/FrameServer/VapourSynth/Lib/site-packages/pip/_internal/operations/install/wheel.py,29078,29078,12511865,12511865,2026-09-26T10:43:04.333155+00:00,2026-09-29T23:36:24.215196+00:00,nur Zeit geändert
Apps/FrameServer/VapourSynth/Lib/site-packages/pip/_internal/operations/prepare.py,35030,35030,07D16AA2,07D16AA2,2026-09-26T10:43:04.330155+00:00,2026-09-29T23:36:24.216161+00:00,nur Zeit geändert
Apps/FrameServer/VapourSynth/Lib/site-packages/pip/_internal/pyproject.py,4555,4555,7AFFBE8F,7AFFBE8F,2026-09-26T10:43:04.302148+00:00,2026-09-29T23:36:24.216907+00:00,nur Zeit geändert
Apps/FrameServer/VapourSynth/Lib/site-packages/pip/_internal/req/__init__.py,3140,3140,A08B35AE,A08B35AE,2026-09-26T10:43:04.333155+00:00,2026-09-29T23:36:24.217544+00:00,nur Zeit geändert
Apps/FrameServer/VapourSynth/Lib/site-packages/pip/_internal/req/constructors.py,22276,22276,5244E11E,5244E11E,2026-09-26T10:43:04.334156+00:00,2026-09-29T23:36:24.218433+00:00,nur Zeit geändert
Apps/FrameServer/VapourSynth/Lib/site-packages/pip/_internal/req/pep723.py,1242,1242,B1F89AED,B1F89AED,2026-09-26T10:43:04.334156+00:00,2026-09-29T23:36:24.219340+00:00,nur Zeit geändert
Apps/FrameServer/VapourSynth/Lib/site-packages/pip/_internal/req/req_dependency_group.py,3145,3145,4A929F17,4A929F17,2026-09-26T10:43:04.334156+00:00,2026-09-29T23:36:24.220318+00:00,nur Zeit geändert
Apps/FrameServer/VapourSynth/Lib/site-packages/pip/_internal/req/req_file.py,20644,20644,5C0B5206,5C0B5206,2026-09-26T10:43:04.335155+00:00,2026-09-29T23:36:24.221040+00:00,nur Zeit geändert
Apps/FrameServer/VapourSynth/Lib/site-packages/pip/_internal/req/req_install.py,32173,32173,B38DCA8D,B38DCA8D,2026-09-26T10:43:04.335155+00:00,2026-09-29T23:36:24.222140+00:00,nur Zeit geändert
Apps/FrameServer/VapourSynth/Lib/site-packages/pip/_internal/req/req_set.py,2828,2828,50155A94,50155A94,2026-09-26T10:43:04.335155+00:00,2026-09-29T23:36:24.222768+00:00,nur Zeit geändert
Apps/FrameServer/VapourSynth/Lib/site-packages/pip/_internal/req/req_uninstall.py,24276,24276,7F18153E,7F18153E,2026-09-26T10:43:04.336155+00:00,2026-09-29T23:36:24.223779+00:00,nur Zeit geändert
Apps/FrameServer/VapourSynth/Lib/site-packages/pip/_internal/resolution/__init__.py,0,0,00000000,00000000,2026-09-26T10:43:04.336155+00:00,2026-09-29T23:36:22.183384+00:00,nur Zeit geändert
Apps/FrameServer/VapourSynth/Lib/site-packages/pip/_internal/resolution/base.py,573,573,938D1265,938D1265,2026-09-26T10:43:04.336155+00:00,2026-09-29T23:36:24.224416+00:00,nur Zeit geändert
Apps/FrameServer/VapourSynth/Lib/site-packages/pip/_internal/resolution/legacy/__init__.py,0,0,00000000,00000000,2026-09-26T10:43:04.336155+00:00,2026-09-29T23:36:22.188456+00:00,nur Zeit geändert
Apps/FrameServer/VapourSynth/Lib/site-packages/pip/_internal/resolution/legacy/resolver.py,24110,24110,6199447B,6199447B,2026-09-26T10:43:04.337156+00:00,2026-09-29T23:36:24.225307+00:00,nur Zeit geändert
Apps/FrameServer/VapourSynth/Lib/site-packages/pip/_internal/resolution/resolvelib/__init__.py,0,0,00000000,00000000,2026-09-26T10:43:04.337156+00:00,2026-09-29T23:36:22.188696+00:00,nur Zeit geändert
Apps/FrameServer/VapourSynth/Lib/site-packages/pip/_internal/resolution/resolvelib/base.py,5900,5900,841E7AFA,841E7AFA,2026-09-26T10:43:04.337156+00:00,2026-09-29T23:36:24.225982+00:00,nur Zeit geändert
Apps/FrameServer/VapourSynth/Lib/site-packages/pip/_internal/resolution/resolvelib/candidates.py,20848,20848,1E7D4D35,1E7D4D35,2026-09-26T10:43:04.338158+00:00,2026-09-29T23:36:24.227024+00:00,nur Zeit geändert
Apps/FrameServer/VapourSynth/Lib/site-packages/pip/_internal/resolution/resolvelib/factory.py,36162,36162,A8979E09,A8979E09,2026-09-26T10:43:04.338158+00:00,2026-09-29T23:36:24.227897+00:00,nur Zeit geändert
Apps/FrameServer/VapourSynth/Lib/site-packages/pip/_internal/resolution/resolvelib/found_candidates.py,6005,6005,43EF63D8,43EF63D8,2026-09-26T10:43:04.338158+00:00,2026-09-29T23:36:24.228772+00:00,nur Zeit geändert
Apps/FrameServer/VapourSynth/Lib/site-packages/pip/_internal/resolution/resolvelib/provider.py,12310,12310,6BC15AA2,6BC15AA2,2026-09-26T10:43:04.339155+00:00,2026-09-29T23:36:24.229452+00:00,nur Zeit geändert
Apps/FrameServer/VapourSynth/Lib/site-packages/pip/_internal/resolution/resolvelib/reporter.py,3918,3918,9518D743,9518D743,2026-09-26T10:43:04.339155+00:00,2026-09-29T23:36:24.230195+00:00,nur Zeit geändert
Apps/FrameServer/VapourSynth/Lib/site-packages/pip/_internal/resolution/resolvelib/requirements.py,8239,8239,9EA1B477,9EA1B477,2026-09-26T10:43:04.339155+00:00,2026-09-29T23:36:24.230800+00:00,nur Zeit geändert
Apps/FrameServer/VapourSynth/Lib/site-packages/pip/_internal/resolution/resolvelib/resolver.py,13849,13849,069C83B4,069C83B4,2026-09-26T10:43:04.340156+00:00,2026-09-29T23:36:24.231593+00:00,nur Zeit geändert
Apps/FrameServer/VapourSynth/Lib/site-packages/pip/_internal/self_outdated_check.py,8097,8097,2AB625AA,2AB625AA,2026-09-26T10:43:04.302148+00:00,2026-09-29T23:36:24.232324+00:00,nur Zeit geändert
Apps/FrameServer/VapourSynth/Lib/site-packages/pip/_internal/utils/__init__.py,0,0,00000000,00000000,2026-09-26T10:43:04.340156+00:00,2026-09-29T23:36:22.188696+00:00,nur Zeit geändert
Apps/FrameServer/VapourSynth/Lib/site-packages/pip/_internal/utils/_jaraco_text.py,3350,3350,D1796984,D1796984,2026-09-26T10:43:04.340156+00:00,2026-09-29T23:36:24.233038+00:00,nur Zeit geändert
Apps/FrameServer/VapourSynth/Lib/site-packages/pip/_internal/utils/_log.py,1015,1015,3F39784A,3F39784A,2026-09-26T10:43:04.341156+00:00,2026-09-29T23:36:24.233635+00:00,nur Zeit geändert
Apps/FrameServer/VapourSynth/Lib/site-packages/pip/_internal/utils/appdirs.py,1681,1681,5DF19253,5DF19253,2026-09-26T10:43:04.341156+00:00,2026-09-29T23:36:24.234489+00:00,nur Zeit geändert
Apps/FrameServer/VapourSynth/Lib/site-packages/pip/_internal/utils/compat.py,2601,2601,A534A617,A534A617,2026-09-26T10:43:04.341156+00:00,2026-09-29T23:36:24.235153+00:00,nur Zeit geändert
Apps/FrameServer/VapourSynth/Lib/site-packages/pip/_internal/utils/compatibility_tags.py,6630,6630,75351C08,75351C08,2026-09-26T10:43:04.341156+00:00,2026-09-29T23:36:24.235867+00:00,nur Zeit geändert
Apps/FrameServer/VapourSynth/Lib/site-packages/pip/_internal/utils/datetime.py,868,868,97CAD3B8,97CAD3B8,2026-09-26T10:43:04.342155+00:00,2026-09-29T23:36:24.236462+00:00,nur Zeit geändert
Apps/FrameServer/VapourSynth/Lib/site-packages/pip/_internal/utils/deprecation.py,4537,4537,71681DDC,71681DDC,2026-09-26T10:43:04.342155+00:00,2026-09-29T23:36:24.237169+00:00,nur Zeit geändert
Apps/FrameServer/VapourSynth/Lib/site-packages/pip/_internal/utils/direct_url_helpers.py,3363,3363,337F070A,337F070A,2026-09-26T10:43:04.342155+00:00,2026-09-29T23:36:24.237896+00:00,nur Zeit geändert
Apps/FrameServer/VapourSynth/Lib/site-packages/pip/_internal/utils/egg_link.py,2459,2459,C65C5805,C65C5805,2026-09-26T10:43:04.343156+00:00,2026-09-29T23:36:24.238686+00:00,nur Zeit geändert
Apps/FrameServer/VapourSynth/Lib/site-packages/pip/_internal/utils/entrypoints.py,3324,3324,6D6ED6B6,6D6ED6B6,2026-09-26T10:43:04.343156+00:00,2026-09-29T23:36:24.239376+00:00,nur Zeit geändert
Apps/FrameServer/VapourSynth/Lib/site-packages/pip/_internal/utils/filesystem.py,6812,6812,589AEDE1,589AEDE1,2026-09-26T10:43:04.343156+00:00,2026-09-29T23:36:24.240120+00:00,nur Zeit geändert
Apps/FrameServer/VapourSynth/Lib/site-packages/pip/_internal/utils/filetypes.py,689,689,73D38223,73D38223,2026-09-26T10:43:04.343156+00:00,2026-09-29T23:36:24.240694+00:00,nur Zeit geändert
Apps/FrameServer/VapourSynth/Lib/site-packages/pip/_internal/utils/glibc.py,3726,3726,E1AB52F7,E1AB52F7,2026-09-26T10:43:04.344158+00:00,2026-09-29T23:36:24.241401+00:00,nur Zeit geändert
Apps/FrameServer/VapourSynth/Lib/site-packages/pip/_internal/utils/hashes.py,5040,5040,5F861947,5F861947,2026-09-26T10:43:04.344158+00:00,2026-09-29T23:36:24.242040+00:00,nur Zeit geändert
Apps/FrameServer/VapourSynth/Lib/site-packages/pip/_internal/utils/logging.py,13919,13919,9BD9E194,9BD9E194,2026-09-26T10:43:04.344158+00:00,2026-09-29T23:36:24.242840+00:00,nur Zeit geändert
Apps/FrameServer/VapourSynth/Lib/site-packages/pip/_internal/utils/misc.py,25408,25408,469F9F7E,469F9F7E,2026-09-26T10:43:04.345158+00:00,2026-09-29T23:36:24.243718+00:00,nur Zeit geändert
Apps/FrameServer/VapourSynth/Lib/site-packages/pip/_internal/utils/packaging.py,1601,1601,45A15394,45A15394,2026-09-26T10:43:04.345158+00:00,2026-09-29T23:36:24.244419+00:00,nur Zeit geändert
Apps/FrameServer/VapourSynth/Lib/site-packages/pip/_internal/utils/pylock.py,10290,10290,AB6BC196,AB6BC196,2026-09-26T10:43:04.345158+00:00,2026-09-29T23:36:24.245035+00:00,nur Zeit geändert
Apps/FrameServer/VapourSynth/Lib/site-packages/pip/_internal/utils/retry.py,1488,1488,6F82B5B1,6F82B5B1,2026-09-26T10:43:04.345158+00:00,2026-09-29T23:36:24.245726+00:00,nur Zeit geändert
Apps/FrameServer/VapourSynth/Lib/site-packages/pip/_internal/utils/subprocess.py,9001,9001,884082AE,884082AE,2026-09-26T10:43:04.346155+00:00,2026-09-29T23:36:24.246436+00:00,nur Zeit geändert
Apps/FrameServer/VapourSynth/Lib/site-packages/pip/_internal/utils/temp_dir.py,9303,9303,C67EBD20,C67EBD20,2026-09-26T10:43:04.346155+00:00,2026-09-29T23:36:24.247188+00:00,nur Zeit geändert
Apps/FrameServer/VapourSynth/Lib/site-packages/pip/_internal/utils/unpacking.py,14789,14789,548483AF,548483AF,2026-09-26T10:43:04.346155+00:00,2026-09-29T23:36:24.247868+00:00,nur Zeit geändert
Apps/FrameServer/VapourSynth/Lib/site-packages/pip/_internal/utils/urls.py,1647,1647,F25953B8,F25953B8,2026-09-26T10:43:04.347158+00:00,2026-09-29T23:36:24.248569+00:00,nur Zeit geändert
Apps/FrameServer/VapourSynth/Lib/site-packages/pip/_internal/utils/virtualenv.py,2272,2272,AC8EE622,AC8EE622,2026-09-26T10:43:04.347158+00:00,2026-09-29T23:36:24.249227+00:00,nur Zeit geändert
Apps/FrameServer/VapourSynth/Lib/site-packages/pip/_internal/utils/wheel.py,4468,4468,04A2C766,04A2C766,2026-09-26T10:43:04.347158+00:00,2026-09-29T23:36:24.249998+00:00,nur Zeit geändert
Apps/FrameServer/VapourSynth/Lib/site-packages/pip/_internal/vcs/__init__.py,596,596,C5DEAD2F,C5DEAD2F,2026-09-26T10:43:04.348160+00:00,2026-09-29T23:36:24.250636+00:00,nur Zeit geändert
Apps/FrameServer/VapourSynth/Lib/site-packages/pip/_internal/vcs/bazaar.py,3734,3734,5FDBAB77,5FDBAB77,2026-09-26T10:43:04.348160+00:00,2026-09-29T23:36:24.251371+00:00,nur Zeit geändert
Apps/FrameServer/VapourSynth/Lib/site-packages/pip/_internal/vcs/git.py,19273,19273,B4AF1D49,B4AF1D49,2026-09-26T10:43:04.348160+00:00,2026-09-29T23:36:24.251740+00:00,nur Zeit geändert
Apps/FrameServer/VapourSynth/Lib/site-packages/pip/_internal/vcs/mercurial.py,5575,5575,5F693E2B,5F693E2B,2026-09-26T10:43:04.349160+00:00,2026-09-29T23:36:24.251974+00:00,nur Zeit geändert
Apps/FrameServer/VapourSynth/Lib/site-packages/pip/_internal/vcs/subversion.py,11787,11787,F838D21C,F838D21C,2026-09-26T10:43:04.349160+00:00,2026-09-29T23:36:24.252289+00:00,nur Zeit geändert
Apps/FrameServer/VapourSynth/Lib/site-packages/pip/_internal/vcs/versioncontrol.py,22579,22579,8543B2DB,8543B2DB,2026-09-26T10:43:04.349160+00:00,2026-09-29T23:36:24.252673+00:00,nur Zeit geändert
Apps/FrameServer/VapourSynth/Lib/site-packages/pip/_internal/wheel_builder.py,9146,9146,59B929AB,59B929AB,2026-09-26T10:43:04.302148+00:00,2026-09-29T23:36:24.252952+00:00,nur Zeit geändert
Apps/FrameServer/VapourSynth/Lib/site-packages/pip/_vendor/__init__.py,4907,4907,7A109202,7A109202,2026-09-26T10:43:04.350158+00:00,2026-09-29T23:36:24.253689+00:00,nur Zeit geändert
Apps/FrameServer/VapourSynth/Lib/site-packages/pip/_vendor/bom.cdx.json,5319,5319,428CEE00,428CEE00,2026-09-26T10:43:04.350158+00:00,2026-09-29T23:36:24.253960+00:00,nur Zeit geändert
Apps/FrameServer/VapourSynth/Lib/site-packages/pip/_vendor/cachecontrol/__init__.py,820,820,14794B2D,14794B2D,2026-09-26T10:43:04.351160+00:00,2026-09-29T23:36:24.254419+00:00,nur Zeit geändert
Apps/FrameServer/VapourSynth/Lib/site-packages/pip/_vendor/cachecontrol/_cmd.py,1737,1737,4D4F6FF9,4D4F6FF9,2026-09-26T10:43:04.352160+00:00,2026-09-29T23:36:24.254616+00:00,nur Zeit geändert
Apps/FrameServer/VapourSynth/Lib/site-packages/pip/_vendor/cachecontrol/adapter.py,6586,6586,B4FED8C0,B4FED8C0,2026-09-26T10:43:04.352160+00:00,2026-09-29T23:36:24.254844+00:00,nur Zeit geändert
Apps/FrameServer/VapourSynth/Lib/site-packages/pip/_vendor/cachecontrol/cache.py,1953,1953,DE15F18C,DE15F18C,2026-09-26T10:43:04.352160+00:00,2026-09-29T23:36:24.255054+00:00,nur Zeit geändert
Apps/FrameServer/VapourSynth/Lib/site-packages/pip/_vendor/cachecontrol/caches/__init__.py,303,303,FC4ED025,FC4ED025,2026-09-26T10:43:04.355160+00:00,2026-09-29T23:36:24.255313+00:00,nur Zeit geändert
Apps/FrameServer/VapourSynth/Lib/site-packages/pip/_vendor/cachecontrol/caches/file_cache.py,4117,4117,9080FAC0,9080FAC0,2026-09-26T10:43:04.355160+00:00,2026-09-29T23:36:24.255531+00:00,nur Zeit geändert
Apps/FrameServer/VapourSynth/Lib/site-packages/pip/_vendor/cachecontrol/caches/redis_cache.py,1386,1386,B7F7F5BC,B7F7F5BC,2026-09-26T10:43:04.355160+00:00,2026-09-29T23:36:24.255878+00:00,nur Zeit geändert
Apps/FrameServer/VapourSynth/Lib/site-packages/pip/_vendor/cachecontrol/controller.py,19102,19102,8011A637,8011A637,2026-09-26T10:43:04.353161+00:00,2026-09-29T23:36:24.256236+00:00,nur Zeit geändert
Apps/FrameServer/VapourSynth/Lib/site-packages/pip/_vendor/cachecontrol/filewrapper.py,4354,4354,D776F7C9,D776F7C9,2026-09-26T10:43:04.353161+00:00,2026-09-29T23:36:24.256494+00:00,nur Zeit geändert
Apps/FrameServer/VapourSynth/Lib/site-packages/pip/_vendor/cachecontrol/heuristics.py,4881,4881,CEA4EE2B,CEA4EE2B,2026-09-26T10:43:04.353161+00:00,2026-09-29T23:36:24.256720+00:00,nur Zeit geändert
Apps/FrameServer/VapourSynth/Lib/site-packages/pip/_vendor/cachecontrol/LICENSE.txt,558,558,5D40DCC6,5D40DCC6,2026-09-26T10:43:04.351160+00:00,2026-09-29T23:36:24.254217+00:00,nur Zeit geändert
Apps/FrameServer/VapourSynth/Lib/site-packages/pip/_vendor/cachecontrol/py.typed,0,0,00000000,00000000,2026-09-26T10:43:04.353161+00:00,2026-09-29T23:36:22.188696+00:00,nur Zeit geändert
Apps/FrameServer/VapourSynth/Lib/site-packages/pip/_vendor/cachecontrol/serialize.py,5163,5163,BF60E9AD,BF60E9AD,2026-09-26T10:43:04.354160+00:00,2026-09-29T23:36:24.256950+00:00,nur Zeit geändert
Apps/FrameServer/VapourSynth/Lib/site-packages/pip/_vendor/cachecontrol/wrapper.py,1417,1417,657F3CD8,657F3CD8,2026-09-26T10:43:04.354160+00:00,2026-09-29T23:36:24.257185+00:00,nur Zeit geändert
Apps/FrameServer/VapourSynth/Lib/site-packages/pip/_vendor/certifi/__init__.py,94,94,74B2432C,74B2432C,2026-09-26T10:43:04.356160+00:00,2026-09-29T23:36:24.257576+00:00,nur Zeit geändert
Apps/FrameServer/VapourSynth/Lib/site-packages/pip/_vendor/certifi/__main__.py,255,255,E1AD202F,E1AD202F,2026-09-26T10:43:04.356160+00:00,2026-09-29T23:36:24.257761+00:00,nur Zeit geändert
Apps/FrameServer/VapourSynth/Lib/site-packages/pip/_vendor/certifi/cacert.pem,234354,234354,E1F683A3,E1F683A3,2026-09-26T10:43:04.357160+00:00,2026-09-29T23:36:24.261857+00:00,nur Zeit geändert
Apps/FrameServer/VapourSynth/Lib/site-packages/pip/_vendor/certifi/core.py,3442,3442,D703FC9D,D703FC9D,2026-09-26T10:43:04.358161+00:00,2026-09-29T23:36:24.262294+00:00,nur Zeit geändert
Apps/FrameServer/VapourSynth/Lib/site-packages/pip/_vendor/certifi/LICENSE,989,989,322B8413,322B8413,2026-09-26T10:43:04.356160+00:00,2026-09-29T23:36:24.257395+00:00,nur Zeit geändert
Apps/FrameServer/VapourSynth/Lib/site-packages/pip/_vendor/certifi/py.typed,0,0,00000000,00000000,2026-09-26T10:43:04.358161+00:00,2026-09-29T23:36:22.189400+00:00,nur Zeit geändert
Apps/FrameServer/VapourSynth/Lib/site-packages/pip/_vendor/distlib/__init__.py,625,625,1D431535,1D431535,2026-09-26T10:43:04.359161+00:00,2026-09-29T23:36:24.262876+00:00,nur Zeit geändert
Apps/FrameServer/VapourSynth/Lib/site-packages/pip/_vendor/distlib/compat.py,40605,40605,EF700CC1,EF700CC1,2026-09-26T10:43:04.359161+00:00,2026-09-29T23:36:24.263430+00:00,nur Zeit geändert
Apps/FrameServer/VapourSynth/Lib/site-packages/pip/_vendor/distlib/LICENSE.txt,14531,14531,9DD40FAD,9DD40FAD,2026-09-26T10:43:04.358161+00:00,2026-09-29T23:36:24.262648+00:00,nur Zeit geändert
Apps/FrameServer/VapourSynth/Lib/site-packages/pip/_vendor/distlib/resources.py,11350,11350,CF859742,CF859742,2026-09-26T10:43:04.359161+00:00,2026-09-29T23:36:24.263744+00:00,nur Zeit geändert
Apps/FrameServer/VapourSynth/Lib/site-packages/pip/_vendor/distlib/scripts.py,18835,18835,CB18351B,CB18351B,2026-09-26T10:43:04.360163+00:00,2026-09-29T23:36:24.264118+00:00,nur Zeit geändert
Apps/FrameServer/VapourSynth/Lib/site-packages/pip/_vendor/distlib/t32.exe,97792,97792,12794A84,12794A84,2026-09-26T10:43:04.360163+00:00,2026-09-29T23:36:45.965585+00:00,nur Zeit geändert
Apps/FrameServer/VapourSynth/Lib/site-packages/pip/_vendor/distlib/t64-arm.exe,182784,182784,017A089C,017A089C,2026-09-26T10:43:04.361160+00:00,2026-09-29T23:36:27.707484+00:00,nur Zeit geändert
Apps/FrameServer/VapourSynth/Lib/site-packages/pip/_vendor/distlib/t64.exe,108032,108032,1903655C,1903655C,2026-09-26T10:43:04.362161+00:00,2026-09-29T23:36:45.967035+00:00,nur Zeit geändert
Apps/FrameServer/VapourSynth/Lib/site-packages/pip/_vendor/distlib/util.py,68167,68167,FA23E50A,FA23E50A,2026-09-26T10:43:04.363163+00:00,2026-09-29T23:36:24.264838+00:00,nur Zeit geändert
Apps/FrameServer/VapourSynth/Lib/site-packages/pip/_vendor/distlib/w32.exe,91648,91648,606E9495,606E9495,2026-09-26T10:43:04.364163+00:00,2026-09-29T23:36:45.967683+00:00,nur Zeit geändert
Apps/FrameServer/VapourSynth/Lib/site-packages/pip/_vendor/distlib/w64-arm.exe,168448,168448,DA0B442D,DA0B442D,2026-09-26T10:43:04.364163+00:00,2026-09-29T23:36:27.712126+00:00,nur Zeit geändert
Apps/FrameServer/VapourSynth/Lib/site-packages/pip/_vendor/distlib/w64.exe,101888,101888,2EA2F0FE,2EA2F0FE,2026-09-26T10:43:04.365163+00:00,2026-09-29T23:36:45.968308+00:00,nur Zeit geändert
Apps/FrameServer/VapourSynth/Lib/site-packages/pip/_vendor/distro/__init__.py,981,981,DC7060FB,DC7060FB,2026-09-26T10:43:04.366163+00:00,2026-09-29T23:36:24.265428+00:00,nur Zeit geändert
Apps/FrameServer/VapourSynth/Lib/site-packages/pip/_vendor/distro/__main__.py,64,64,69BC541D,69BC541D,2026-09-26T10:43:04.366163+00:00,2026-09-29T23:36:24.265619+00:00,nur Zeit geändert
Apps/FrameServer/VapourSynth/Lib/site-packages/pip/_vendor/distro/distro.py,49430,49430,6B6D3A4A,6B6D3A4A,2026-09-26T10:43:04.367163+00:00,2026-09-29T23:36:24.266163+00:00,nur Zeit geändert
Apps/FrameServer/VapourSynth/Lib/site-packages/pip/_vendor/distro/LICENSE,11325,11325,845BE30E,845BE30E,2026-09-26T10:43:04.366163+00:00,2026-09-29T23:36:24.265198+00:00,nur Zeit geändert
Apps/FrameServer/VapourSynth/Lib/site-packages/pip/_vendor/distro/py.typed,0,0,00000000,00000000,2026-09-26T10:43:04.367163+00:00,2026-09-29T23:36:22.189592+00:00,nur Zeit geändert
Apps/FrameServer/VapourSynth/Lib/site-packages/pip/_vendor/idna/__init__.py,868,868,BBF11703,BBF11703,2026-09-26T10:43:04.367163+00:00,2026-09-29T23:36:24.266648+00:00,nur Zeit geändert
Apps/FrameServer/VapourSynth/Lib/site-packages/pip/_vendor/idna/__main__.py,83,83,11DAA3D8,11DAA3D8,2026-09-26T10:43:04.368164+00:00,2026-09-29T23:36:24.266836+00:00,nur Zeit geändert
Apps/FrameServer/VapourSynth/Lib/site-packages/pip/_vendor/idna/cli.py,4139,4139,DC486AF9,DC486AF9,2026-09-26T10:43:04.368164+00:00,2026-09-29T23:36:24.267054+00:00,nur Zeit geändert
Apps/FrameServer/VapourSynth/Lib/site-packages/pip/_vendor/idna/codec.py,5040,5040,E34DA147,E34DA147,2026-09-26T10:43:04.368164+00:00,2026-09-29T23:36:24.267313+00:00,nur Zeit geändert
Apps/FrameServer/VapourSynth/Lib/site-packages/pip/_vendor/idna/compat.py,1353,1353,AF84E4F7,AF84E4F7,2026-09-26T10:43:04.368164+00:00,2026-09-29T23:36:24.267518+00:00,nur Zeit geändert
Apps/FrameServer/VapourSynth/Lib/site-packages/pip/_vendor/idna/core.py,24685,24685,DF782602,DF782602,2026-09-26T10:43:04.369163+00:00,2026-09-29T23:36:24.267865+00:00,nur Zeit geändert
Apps/FrameServer/VapourSynth/Lib/site-packages/pip/_vendor/idna/idnadata.py,44862,44862,5D6F81D7,5D6F81D7,2026-09-26T10:43:04.369163+00:00,2026-09-29T23:36:24.268392+00:00,nur Zeit geändert
Apps/FrameServer/VapourSynth/Lib/site-packages/pip/_vendor/idna/intranges.py,1851,1851,987C128E,987C128E,2026-09-26T10:43:04.370163+00:00,2026-09-29T23:36:24.268646+00:00,nur Zeit geändert
Apps/FrameServer/VapourSynth/Lib/site-packages/pip/_vendor/idna/LICENSE.md,1541,1541,EC5EB6A3,EC5EB6A3,2026-09-26T10:43:04.367163+00:00,2026-09-29T23:36:24.266436+00:00,nur Zeit geändert
Apps/FrameServer/VapourSynth/Lib/site-packages/pip/_vendor/idna/package_data.py,21,21,ECE96947,ECE96947,2026-09-26T10:43:04.370163+00:00,2026-09-29T23:36:24.268840+00:00,nur Zeit geändert
Apps/FrameServer/VapourSynth/Lib/site-packages/pip/_vendor/idna/py.typed,0,0,00000000,00000000,2026-09-26T10:43:04.370163+00:00,2026-09-29T23:36:22.189993+00:00,nur Zeit geändert
Apps/FrameServer/VapourSynth/Lib/site-packages/pip/_vendor/idna/uts46data.py,234325,234325,B324E9BB,B324E9BB,2026-09-26T10:43:04.371164+00:00,2026-09-29T23:36:24.270120+00:00,nur Zeit geändert
Apps/FrameServer/VapourSynth/Lib/site-packages/pip/_vendor/msgpack/__init__.py,1109,1109,3038082A,3038082A,2026-09-26T10:43:04.371164+00:00,2026-09-29T23:36:24.270696+00:00,nur Zeit geändert
Apps/FrameServer/VapourSynth/Lib/site-packages/pip/_vendor/msgpack/COPYING,614,614,3A28B558,3A28B558,2026-09-26T10:43:04.371164+00:00,2026-09-29T23:36:24.270481+00:00,nur Zeit geändert
Apps/FrameServer/VapourSynth/Lib/site-packages/pip/_vendor/msgpack/exceptions.py,1081,1081,D39D3B3B,D39D3B3B,2026-09-26T10:43:04.372163+00:00,2026-09-29T23:36:24.270900+00:00,nur Zeit geändert
Apps/FrameServer/VapourSynth/Lib/site-packages/pip/_vendor/msgpack/ext.py,5726,5726,F747E025,F747E025,2026-09-26T10:43:04.372163+00:00,2026-09-29T23:36:24.271160+00:00,nur Zeit geändert
Apps/FrameServer/VapourSynth/Lib/site-packages/pip/_vendor/msgpack/fallback.py,32390,32390,65C11C24,65C11C24,2026-09-26T10:43:04.372163+00:00,2026-09-29T23:36:24.271566+00:00,nur Zeit geändert
Apps/FrameServer/VapourSynth/Lib/site-packages/pip/_vendor/packaging/__init__.py,494,494,1A29DA12,1A29DA12,2026-09-26T10:43:04.373163+00:00,2026-09-29T23:36:24.272419+00:00,nur Zeit geändert
Apps/FrameServer/VapourSynth/Lib/site-packages/pip/_vendor/packaging/_elffile.py,3211,3211,8AD08DB9,8AD08DB9,2026-09-26T10:43:04.374164+00:00,2026-09-29T23:36:24.272632+00:00,nur Zeit geändert
Apps/FrameServer/VapourSynth/Lib/site-packages/pip/_vendor/packaging/_manylinux.py,9559,9559,1ADA1D18,1ADA1D18,2026-09-26T10:43:04.374164+00:00,2026-09-29T23:36:24.272905+00:00,nur Zeit geändert
Apps/FrameServer/VapourSynth/Lib/site-packages/pip/_vendor/packaging/_musllinux.py,2707,2707,EBDA4BB1,EBDA4BB1,2026-09-26T10:43:04.374164+00:00,2026-09-29T23:36:24.273153+00:00,nur Zeit geändert
Apps/FrameServer/VapourSynth/Lib/site-packages/pip/_vendor/packaging/_parser.py,11698,11698,ED972E28,ED972E28,2026-09-26T10:43:04.375164+00:00,2026-09-29T23:36:24.273425+00:00,nur Zeit geändert
Apps/FrameServer/VapourSynth/Lib/site-packages/pip/_vendor/packaging/_structures.py,1109,1109,92A818E4,92A818E4,2026-09-26T10:43:04.375164+00:00,2026-09-29T23:36:24.273632+00:00,nur Zeit geändert
Apps/FrameServer/VapourSynth/Lib/site-packages/pip/_vendor/packaging/_tokenizer.py,5391,5391,7173448F,7173448F,2026-09-26T10:43:04.375164+00:00,2026-09-29T23:36:24.273856+00:00,nur Zeit geändert
Apps/FrameServer/VapourSynth/Lib/site-packages/pip/_vendor/packaging/dependency_groups.py,10218,10218,A44DF680,A44DF680,2026-09-26T10:43:04.376163+00:00,2026-09-29T23:36:24.274185+00:00,nur Zeit geändert
Apps/FrameServer/VapourSynth/Lib/site-packages/pip/_vendor/packaging/direct_url.py,10917,10917,BF627B33,BF627B33,2026-09-26T10:43:04.376163+00:00,2026-09-29T23:36:24.274462+00:00,nur Zeit geändert
Apps/FrameServer/VapourSynth/Lib/site-packages/pip/_vendor/packaging/errors.py,2680,2680,AEBD892B,AEBD892B,2026-09-26T10:43:04.376163+00:00,2026-09-29T23:36:24.274676+00:00,nur Zeit geändert
Apps/FrameServer/VapourSynth/Lib/site-packages/pip/_vendor/packaging/LICENSE,197,197,BCD2EEDF,BCD2EEDF,2026-09-26T10:43:04.373163+00:00,2026-09-29T23:36:24.271787+00:00,nur Zeit geändert
Apps/FrameServer/VapourSynth/Lib/site-packages/pip/_vendor/packaging/LICENSE.APACHE,10174,10174,1EA3B7B0,1EA3B7B0,2026-09-26T10:43:04.373163+00:00,2026-09-29T23:36:24.271980+00:00,nur Zeit geändert
Apps/FrameServer/VapourSynth/Lib/site-packages/pip/_vendor/packaging/LICENSE.BSD,1344,1344,470B508F,470B508F,2026-09-26T10:43:04.373163+00:00,2026-09-29T23:36:24.272222+00:00,nur Zeit geändert
Apps/FrameServer/VapourSynth/Lib/site-packages/pip/_vendor/packaging/licenses/__init__.py,7293,7293,EB7B2218,EB7B2218,2026-09-26T10:43:04.380164+00:00,2026-09-29T23:36:24.274932+00:00,nur Zeit geändert
Apps/FrameServer/VapourSynth/Lib/site-packages/pip/_vendor/packaging/licenses/_spdx.py,51122,51122,E90C9760,E90C9760,2026-09-26T10:43:04.380164+00:00,2026-09-29T23:36:24.275428+00:00,nur Zeit geändert
Apps/FrameServer/VapourSynth/Lib/site-packages/pip/_vendor/packaging/markers.py,17067,17067,4A98522E,4A98522E,2026-09-26T10:43:04.377166+00:00,2026-09-29T23:36:24.275769+00:00,nur Zeit geändert
Apps/FrameServer/VapourSynth/Lib/site-packages/pip/_vendor/packaging/metadata.py,38770,38770,07DF0704,07DF0704,2026-09-26T10:43:04.377166+00:00,2026-09-29T23:36:24.276259+00:00,nur Zeit geändert
Apps/FrameServer/VapourSynth/Lib/site-packages/pip/_vendor/packaging/py.typed,0,0,00000000,00000000,2026-09-26T10:43:04.377166+00:00,2026-09-29T23:36:22.190228+00:00,nur Zeit geändert
Apps/FrameServer/VapourSynth/Lib/site-packages/pip/_vendor/packaging/pylock.py,33890,33890,D7E48F92,D7E48F92,2026-09-26T10:43:04.377166+00:00,2026-09-29T23:36:24.276640+00:00,nur Zeit geändert
Apps/FrameServer/VapourSynth/Lib/site-packages/pip/_vendor/packaging/requirements.py,4395,4395,F80E7A09,F80E7A09,2026-09-26T10:43:04.378166+00:00,2026-09-29T23:36:24.276990+00:00,nur Zeit geändert
Apps/FrameServer/VapourSynth/Lib/site-packages/pip/_vendor/packaging/specifiers.py,71550,71550,354044E3,354044E3,2026-09-26T10:43:04.378166+00:00,2026-09-29T23:36:24.277633+00:00,nur Zeit geändert
Apps/FrameServer/VapourSynth/Lib/site-packages/pip/_vendor/packaging/tags.py,34236,34236,E989E57E,E989E57E,2026-09-26T10:43:04.379166+00:00,2026-09-29T23:36:24.278166+00:00,nur Zeit geändert
Apps/FrameServer/VapourSynth/Lib/site-packages/pip/_vendor/packaging/utils.py,9848,9848,FA375AD9,FA375AD9,2026-09-26T10:43:04.379166+00:00,2026-09-29T23:36:24.278465+00:00,nur Zeit geändert
Apps/FrameServer/VapourSynth/Lib/site-packages/pip/_vendor/packaging/version.py,38393,38393,8E811382,8E811382,2026-09-26T10:43:04.379166+00:00,2026-09-29T23:36:24.278883+00:00,nur Zeit geändert
Apps/FrameServer/VapourSynth/Lib/site-packages/pip/_vendor/pkg_resources/__init__.py,124451,124451,CE715379,CE715379,2026-09-26T10:43:04.381166+00:00,2026-09-29T23:36:24.280246+00:00,nur Zeit geändert
Apps/FrameServer/VapourSynth/Lib/site-packages/pip/_vendor/pkg_resources/LICENSE,1023,1023,8A45531E,8A45531E,2026-09-26T10:43:04.380164+00:00,2026-09-29T23:36:24.279155+00:00,nur Zeit geändert
Apps/FrameServer/VapourSynth/Lib/site-packages/pip/_vendor/platformdirs/__init__.py,32389,32389,89492627,89492627,2026-09-26T10:43:04.382168+00:00,2026-09-29T23:36:24.280809+00:00,nur Zeit geändert
Apps/FrameServer/VapourSynth/Lib/site-packages/pip/_vendor/platformdirs/__main__.py,1773,1773,D2A7D0D8,D2A7D0D8,2026-09-26T10:43:04.382168+00:00,2026-09-29T23:36:24.281040+00:00,nur Zeit geändert
Apps/FrameServer/VapourSynth/Lib/site-packages/pip/_vendor/platformdirs/_xdg.py,7894,7894,7DC0D814,7DC0D814,2026-09-26T10:43:04.382168+00:00,2026-09-29T23:36:24.281294+00:00,nur Zeit geändert
Apps/FrameServer/VapourSynth/Lib/site-packages/pip/_vendor/platformdirs/android.py,11566,11566,9AFB9F13,9AFB9F13,2026-09-26T10:43:04.383168+00:00,2026-09-29T23:36:24.281536+00:00,nur Zeit geändert
Apps/FrameServer/VapourSynth/Lib/site-packages/pip/_vendor/platformdirs/api.py,14887,14887,BB17EC7A,BB17EC7A,2026-09-26T10:43:04.383168+00:00,2026-09-29T23:36:24.281792+00:00,nur Zeit geändert
Apps/FrameServer/VapourSynth/Lib/site-packages/pip/_vendor/platformdirs/LICENSE,1089,1089,5D1BD6AC,5D1BD6AC,2026-09-26T10:43:04.381166+00:00,2026-09-29T23:36:24.280534+00:00,nur Zeit geändert
Apps/FrameServer/VapourSynth/Lib/site-packages/pip/_vendor/platformdirs/macos.py,9538,9538,BB3E21EF,BB3E21EF,2026-09-26T10:43:04.383168+00:00,2026-09-29T23:36:24.282120+00:00,nur Zeit geändert
Apps/FrameServer/VapourSynth/Lib/site-packages/pip/_vendor/platformdirs/py.typed,0,0,00000000,00000000,2026-09-26T10:43:04.383168+00:00,2026-09-29T23:36:22.190427+00:00,nur Zeit geändert
Apps/FrameServer/VapourSynth/Lib/site-packages/pip/_vendor/platformdirs/unix.py,13317,13317,3D9BC917,3D9BC917,2026-09-26T10:43:04.384166+00:00,2026-09-29T23:36:24.282388+00:00,nur Zeit geändert
Apps/FrameServer/VapourSynth/Lib/site-packages/pip/_vendor/platformdirs/version.py,522,522,A505AA9D,A505AA9D,2026-09-26T10:43:04.384166+00:00,2026-09-29T23:36:24.282595+00:00,nur Zeit geändert
Apps/FrameServer/VapourSynth/Lib/site-packages/pip/_vendor/platformdirs/windows.py,15798,15798,6A4CD3FD,6A4CD3FD,2026-09-26T10:43:04.384166+00:00,2026-09-29T23:36:24.282872+00:00,nur Zeit geändert
Apps/FrameServer/VapourSynth/Lib/site-packages/pip/_vendor/pygments/__init__.py,2986,2986,60D0C78D,60D0C78D,2026-09-26T10:43:04.385168+00:00,2026-09-29T23:36:24.283372+00:00,nur Zeit geändert
Apps/FrameServer/VapourSynth/Lib/site-packages/pip/_vendor/pygments/__main__.py,356,356,FD24CB91,FD24CB91,2026-09-26T10:43:04.385168+00:00,2026-09-29T23:36:24.283564+00:00,nur Zeit geändert
Apps/FrameServer/VapourSynth/Lib/site-packages/pip/_vendor/pygments/console.py,1721,1721,469E473A,469E473A,2026-09-26T10:43:04.385168+00:00,2026-09-29T23:36:24.283771+00:00,nur Zeit geändert
Apps/FrameServer/VapourSynth/Lib/site-packages/pip/_vendor/pygments/filter.py,1913,1913,2D9AFB16,2D9AFB16,2026-09-26T10:43:04.386168+00:00,2026-09-29T23:36:24.283976+00:00,nur Zeit geändert
Apps/FrameServer/VapourSynth/Lib/site-packages/pip/_vendor/pygments/filters/__init__.py,40397,40397,1D9D3772,1D9D3772,2026-09-26T10:43:04.390169+00:00,2026-09-29T23:36:24.284454+00:00,nur Zeit geändert
Apps/FrameServer/VapourSynth/Lib/site-packages/pip/_vendor/pygments/formatter.py,4393,4393,09BE3C6B,09BE3C6B,2026-09-26T10:43:04.386168+00:00,2026-09-29T23:36:24.284713+00:00,nur Zeit geändert
Apps/FrameServer/VapourSynth/Lib/site-packages/pip/_vendor/pygments/formatters/__init__.py,5388,5388,91368F97,91368F97,2026-09-26T10:43:04.390169+00:00,2026-09-29T23:36:24.284968+00:00,nur Zeit geändert
Apps/FrameServer/VapourSynth/Lib/site-packages/pip/_vendor/pygments/formatters/_mapping.py,4176,4176,CCFD8A8E,CCFD8A8E,2026-09-26T10:43:04.391168+00:00,2026-09-29T23:36:24.285232+00:00,nur Zeit geändert
Apps/FrameServer/VapourSynth/Lib/site-packages/pip/_vendor/pygments/lexer.py,35394,35394,7ADB9E83,7ADB9E83,2026-09-26T10:43:04.386168+00:00,2026-09-29T23:36:24.285680+00:00,nur Zeit geändert
Apps/FrameServer/VapourSynth/Lib/site-packages/pip/_vendor/pygments/lexers/__init__.py,12118,12118,FCB5A866,FCB5A866,2026-09-26T10:43:04.391168+00:00,2026-09-29T23:36:24.286035+00:00,nur Zeit geändert
Apps/FrameServer/VapourSynth/Lib/site-packages/pip/_vendor/pygments/lexers/_mapping.py,77934,77934,5967DFAD,5967DFAD,2026-09-26T10:43:04.392169+00:00,2026-09-29T23:36:24.287272+00:00,nur Zeit geändert
Apps/FrameServer/VapourSynth/Lib/site-packages/pip/_vendor/pygments/lexers/python.py,54250,54250,B6B8FEF4,B6B8FEF4,2026-09-26T10:43:04.392169+00:00,2026-09-29T23:36:24.288468+00:00,nur Zeit geändert
Apps/FrameServer/VapourSynth/Lib/site-packages/pip/_vendor/pygments/LICENSE,1331,1331,CB1F000B,CB1F000B,2026-09-26T10:43:04.385168+00:00,2026-09-29T23:36:24.283137+00:00,nur Zeit geändert
Apps/FrameServer/VapourSynth/Lib/site-packages/pip/_vendor/pygments/modeline.py,1008,1008,3C91403A,3C91403A,2026-09-26T10:43:04.387169+00:00,2026-09-29T23:36:24.288756+00:00,nur Zeit geändert
Apps/FrameServer/VapourSynth/Lib/site-packages/pip/_vendor/pygments/plugin.py,1928,1928,ED7321B4,ED7321B4,2026-09-26T10:43:04.387169+00:00,2026-09-29T23:36:24.288985+00:00,nur Zeit geändert
Apps/FrameServer/VapourSynth/Lib/site-packages/pip/_vendor/pygments/regexopt.py,3308,3308,81B52B3F,81B52B3F,2026-09-26T10:43:04.387169+00:00,2026-09-29T23:36:24.289259+00:00,nur Zeit geändert
Apps/FrameServer/VapourSynth/Lib/site-packages/pip/_vendor/pygments/scanner.py,3095,3095,7C117632,7C117632,2026-09-26T10:43:04.388168+00:00,2026-09-29T23:36:24.289489+00:00,nur Zeit geändert
Apps/FrameServer/VapourSynth/Lib/site-packages/pip/_vendor/pygments/sphinxext.py,7984,7984,BBEE710A,BBEE710A,2026-09-26T10:43:04.388168+00:00,2026-09-29T23:36:24.289747+00:00,nur Zeit geändert
Apps/FrameServer/VapourSynth/Lib/site-packages/pip/_vendor/pygments/style.py,6423,6423,3EDF43A4,3EDF43A4,2026-09-26T10:43:04.388168+00:00,2026-09-29T23:36:24.290161+00:00,nur Zeit geändert
Apps/FrameServer/VapourSynth/Lib/site-packages/pip/_vendor/pygments/styles/__init__.py,2045,2045,4F457E14,4F457E14,2026-09-26T10:43:04.392169+00:00,2026-09-29T23:36:24.290448+00:00,nur Zeit geändert
Apps/FrameServer/VapourSynth/Lib/site-packages/pip/_vendor/pygments/styles/_mapping.py,3312,3312,1DECFE7B,1DECFE7B,2026-09-26T10:43:04.393169+00:00,2026-09-29T23:36:24.290680+00:00,nur Zeit geändert
Apps/FrameServer/VapourSynth/Lib/site-packages/pip/_vendor/pygments/token.py,6229,6229,C97687B0,C97687B0,2026-09-26T10:43:04.388168+00:00,2026-09-29T23:36:24.290924+00:00,nur Zeit geändert
Apps/FrameServer/VapourSynth/Lib/site-packages/pip/_vendor/pygments/unistring.py,63211,63211,B64AA45B,B64AA45B,2026-09-26T10:43:04.389169+00:00,2026-09-29T23:36:24.292008+00:00,nur Zeit geändert
Apps/FrameServer/VapourSynth/Lib/site-packages/pip/_vendor/pygments/util.py,10046,10046,2EC1EF9F,2EC1EF9F,2026-09-26T10:43:04.389169+00:00,2026-09-29T23:36:24.292408+00:00,nur Zeit geändert
Apps/FrameServer/VapourSynth/Lib/site-packages/pip/_vendor/pyproject_hooks/__init__.py,691,691,9D001A98,9D001A98,2026-09-26T10:43:04.393169+00:00,2026-09-29T23:36:24.292838+00:00,nur Zeit geändert
Apps/FrameServer/VapourSynth/Lib/site-packages/pip/_vendor/pyproject_hooks/_impl.py,14936,14936,AE31651F,AE31651F,2026-09-26T10:43:04.394171+00:00,2026-09-29T23:36:24.293140+00:00,nur Zeit geändert
Apps/FrameServer/VapourSynth/Lib/site-packages/pip/_vendor/pyproject_hooks/_in_process/__init__.py,557,557,3FBF66B2,3FBF66B2,2026-09-26T10:43:04.395168+00:00,2026-09-29T23:36:24.293400+00:00,nur Zeit geändert
Apps/FrameServer/VapourSynth/Lib/site-packages/pip/_vendor/pyproject_hooks/_in_process/_in_process.py,12216,12216,7F732530,7F732530,2026-09-26T10:43:04.395168+00:00,2026-09-29T23:36:24.293696+00:00,nur Zeit geändert
Apps/FrameServer/VapourSynth/Lib/site-packages/pip/_vendor/pyproject_hooks/LICENSE,1081,1081,44C48B47,44C48B47,2026-09-26T10:43:04.393169+00:00,2026-09-29T23:36:24.292636+00:00,nur Zeit geändert
Apps/FrameServer/VapourSynth/Lib/site-packages/pip/_vendor/pyproject_hooks/py.typed,0,0,00000000,00000000,2026-09-26T10:43:04.394171+00:00,2026-09-29T23:36:22.190625+00:00,nur Zeit geändert
Apps/FrameServer/VapourSynth/Lib/site-packages/pip/_vendor/README.rst,9222,9222,D6F9434A,D6F9434A,2026-09-26T10:43:04.350158+00:00,2026-09-29T23:36:24.253294+00:00,nur Zeit geändert
Apps/FrameServer/VapourSynth/Lib/site-packages/pip/_vendor/requests/__init__.py,5873,5873,9290A8CF,9290A8CF,2026-09-26T10:43:04.396171+00:00,2026-09-29T23:36:24.294328+00:00,nur Zeit geändert
Apps/FrameServer/VapourSynth/Lib/site-packages/pip/_vendor/requests/__version__.py,435,435,16ADFBEA,16ADFBEA,2026-09-26T10:43:04.396171+00:00,2026-09-29T23:36:24.294550+00:00,nur Zeit geändert
Apps/FrameServer/VapourSynth/Lib/site-packages/pip/_vendor/requests/_internal_utils.py,1542,1542,F3701D62,F3701D62,2026-09-26T10:43:04.396171+00:00,2026-09-29T23:36:24.294761+00:00,nur Zeit geändert
Apps/FrameServer/VapourSynth/Lib/site-packages/pip/_vendor/requests/_types.py,5838,5838,8F80DB5B,8F80DB5B,2026-09-26T10:43:04.397171+00:00,2026-09-29T23:36:24.295017+00:00,nur Zeit geändert
Apps/FrameServer/VapourSynth/Lib/site-packages/pip/_vendor/requests/adapters.py,28208,28208,5596086B,5596086B,2026-09-26T10:43:04.397171+00:00,2026-09-29T23:36:24.295449+00:00,nur Zeit geändert
Apps/FrameServer/VapourSynth/Lib/site-packages/pip/_vendor/requests/api.py,7152,7152,25AD02D4,25AD02D4,2026-09-26T10:43:04.397171+00:00,2026-09-29T23:36:24.295692+00:00,nur Zeit geändert
Apps/FrameServer/VapourSynth/Lib/site-packages/pip/_vendor/requests/auth.py,12233,12233,B210B368,B210B368,2026-09-26T10:43:04.397171+00:00,2026-09-29T23:36:24.295976+00:00,nur Zeit geändert
Apps/FrameServer/VapourSynth/Lib/site-packages/pip/_vendor/requests/certs.py,442,442,860035E9,860035E9,2026-09-26T10:43:04.398171+00:00,2026-09-29T23:36:24.296289+00:00,nur Zeit geändert
Apps/FrameServer/VapourSynth/Lib/site-packages/pip/_vendor/requests/compat.py,2035,2035,75FBFA90,75FBFA90,2026-09-26T10:43:04.398171+00:00,2026-09-29T23:36:24.296512+00:00,nur Zeit geändert
Apps/FrameServer/VapourSynth/Lib/site-packages/pip/_vendor/requests/cookies.py,21549,21549,865A2C89,865A2C89,2026-09-26T10:43:04.398171+00:00,2026-09-29T23:36:24.296856+00:00,nur Zeit geändert
Apps/FrameServer/VapourSynth/Lib/site-packages/pip/_vendor/requests/exceptions.py,4576,4576,8CC35231,8CC35231,2026-09-26T10:43:04.399171+00:00,2026-09-29T23:36:24.297134+00:00,nur Zeit geändert
Apps/FrameServer/VapourSynth/Lib/site-packages/pip/_vendor/requests/help.py,4114,4114,41C38C08,41C38C08,2026-09-26T10:43:04.399436+00:00,2026-09-29T23:36:24.297382+00:00,nur Zeit geändert
Apps/FrameServer/VapourSynth/Lib/site-packages/pip/_vendor/requests/hooks.py,1138,1138,C478C681,C478C681,2026-09-26T10:43:04.399436+00:00,2026-09-29T23:36:24.297593+00:00,nur Zeit geändert
Apps/FrameServer/VapourSynth/Lib/site-packages/pip/_vendor/requests/LICENSE,10142,10142,CB9FE692,CB9FE692,2026-09-26T10:43:04.395168+00:00,2026-09-29T23:36:24.293945+00:00,nur Zeit geändert
Apps/FrameServer/VapourSynth/Lib/site-packages/pip/_vendor/requests/models.py,41848,41848,80B334B8,80B334B8,2026-09-26T10:43:04.400171+00:00,2026-09-29T23:36:24.298224+00:00,nur Zeit geändert
Apps/FrameServer/VapourSynth/Lib/site-packages/pip/_vendor/requests/packages.py,1057,1057,05561F98,05561F98,2026-09-26T10:43:04.400171+00:00,2026-09-29T23:36:24.298512+00:00,nur Zeit geändert
Apps/FrameServer/VapourSynth/Lib/site-packages/pip/_vendor/requests/py.typed,0,0,00000000,00000000,2026-09-26T10:43:04.400171+00:00,2026-09-29T23:36:22.191840+00:00,nur Zeit geändert
Apps/FrameServer/VapourSynth/Lib/site-packages/pip/_vendor/requests/sessions.py,34248,34248,F96521BB,F96521BB,2026-09-26T10:43:04.400171+00:00,2026-09-29T23:36:24.298939+00:00,nur Zeit geändert
Apps/FrameServer/VapourSynth/Lib/site-packages/pip/_vendor/requests/status_codes.py,4351,4351,22848B81,22848B81,2026-09-26T10:43:04.401172+00:00,2026-09-29T23:36:24.299248+00:00,nur Zeit geändert
Apps/FrameServer/VapourSynth/Lib/site-packages/pip/_vendor/requests/structures.py,4134,4134,D4C7F405,D4C7F405,2026-09-26T10:43:04.401172+00:00,2026-09-29T23:36:24.299488+00:00,nur Zeit geändert
Apps/FrameServer/VapourSynth/Lib/site-packages/pip/_vendor/requests/utils.py,36334,36334,DC49B32B,DC49B32B,2026-09-26T10:43:04.401172+00:00,2026-09-29T23:36:24.299958+00:00,nur Zeit geändert
Apps/FrameServer/VapourSynth/Lib/site-packages/pip/_vendor/resolvelib/__init__.py,541,541,61B4D436,61B4D436,2026-09-26T10:43:04.402172+00:00,2026-09-29T23:36:24.300419+00:00,nur Zeit geändert
Apps/FrameServer/VapourSynth/Lib/site-packages/pip/_vendor/resolvelib/LICENSE,751,751,CBADA9C1,CBADA9C1,2026-09-26T10:43:04.402172+00:00,2026-09-29T23:36:24.300222+00:00,nur Zeit geändert
Apps/FrameServer/VapourSynth/Lib/site-packages/pip/_vendor/resolvelib/providers.py,8914,8914,63CA8F79,63CA8F79,2026-09-26T10:43:04.402172+00:00,2026-09-29T23:36:24.300665+00:00,nur Zeit geändert
Apps/FrameServer/VapourSynth/Lib/site-packages/pip/_vendor/resolvelib/py.typed,0,0,00000000,00000000,2026-09-26T10:43:04.403171+00:00,2026-09-29T23:36:22.192144+00:00,nur Zeit geändert
Apps/FrameServer/VapourSynth/Lib/site-packages/pip/_vendor/resolvelib/reporters.py,2037,2037,12BD5E1D,12BD5E1D,2026-09-26T10:43:04.403171+00:00,2026-09-29T23:36:24.300878+00:00,nur Zeit geändert
Apps/FrameServer/VapourSynth/Lib/site-packages/pip/_vendor/resolvelib/resolvers/__init__.py,640,640,7BE250B1,7BE250B1,2026-09-26T10:43:04.404171+00:00,2026-09-29T23:36:24.301118+00:00,nur Zeit geändert
Apps/FrameServer/VapourSynth/Lib/site-packages/pip/_vendor/resolvelib/resolvers/abstract.py,1543,1543,6A19F567,6A19F567,2026-09-26T10:43:04.404171+00:00,2026-09-29T23:36:24.301344+00:00,nur Zeit geändert
Apps/FrameServer/VapourSynth/Lib/site-packages/pip/_vendor/resolvelib/resolvers/criterion.py,1768,1768,E1C509B2,E1C509B2,2026-09-26T10:43:04.404171+00:00,2026-09-29T23:36:24.301548+00:00,nur Zeit geändert
Apps/FrameServer/VapourSynth/Lib/site-packages/pip/_vendor/resolvelib/resolvers/exceptions.py,1768,1768,F0CE69EE,F0CE69EE,2026-09-26T10:43:04.405172+00:00,2026-09-29T23:36:24.301745+00:00,nur Zeit geändert
Apps/FrameServer/VapourSynth/Lib/site-packages/pip/_vendor/resolvelib/resolvers/resolution.py,24212,24212,B071A72F,B071A72F,2026-09-26T10:43:04.405172+00:00,2026-09-29T23:36:24.302236+00:00,nur Zeit geändert
Apps/FrameServer/VapourSynth/Lib/site-packages/pip/_vendor/resolvelib/structs.py,6420,6420,E1F745F0,E1F745F0,2026-09-26T10:43:04.403171+00:00,2026-09-29T23:36:24.302536+00:00,nur Zeit geändert
Apps/FrameServer/VapourSynth/Lib/site-packages/pip/_vendor/rich/__init__.py,6090,6090,C5A98361,C5A98361,2026-09-26T10:43:04.406174+00:00,2026-09-29T23:36:24.302996+00:00,nur Zeit geändert
Apps/FrameServer/VapourSynth/Lib/site-packages/pip/_vendor/rich/__main__.py,7896,7896,53636DD2,53636DD2,2026-09-26T10:43:04.406174+00:00,2026-09-29T23:36:24.303342+00:00,nur Zeit geändert
Apps/FrameServer/VapourSynth/Lib/site-packages/pip/_vendor/rich/_cell_widths.py,10209,10209,95F8B685,95F8B685,2026-09-26T10:43:04.406174+00:00,2026-09-29T23:36:24.303804+00:00,nur Zeit geändert
Apps/FrameServer/VapourSynth/Lib/site-packages/pip/_vendor/rich/_emoji_codes.py,140235,140235,80EE2E7F,80EE2E7F,2026-09-26T10:43:04.407171+00:00,2026-09-29T23:36:24.304870+00:00,nur Zeit geändert
Apps/FrameServer/VapourSynth/Lib/site-packages/pip/_vendor/rich/_emoji_replace.py,1064,1064,B9EF79E3,B9EF79E3,2026-09-26T10:43:04.407171+00:00,2026-09-29T23:36:24.305195+00:00,nur Zeit geändert
Apps/FrameServer/VapourSynth/Lib/site-packages/pip/_vendor/rich/_export_format.py,2128,2128,8CD55A1E,8CD55A1E,2026-09-26T10:43:04.407171+00:00,2026-09-29T23:36:24.305417+00:00,nur Zeit geändert
Apps/FrameServer/VapourSynth/Lib/site-packages/pip/_vendor/rich/_extension.py,265,265,DBB7D449,DBB7D449,2026-09-26T10:43:04.408172+00:00,2026-09-29T23:36:24.305611+00:00,nur Zeit geändert
Apps/FrameServer/VapourSynth/Lib/site-packages/pip/_vendor/rich/_fileno.py,799,799,16C3C1ED,16C3C1ED,2026-09-26T10:43:04.408172+00:00,2026-09-29T23:36:24.305928+00:00,nur Zeit geändert
Apps/FrameServer/VapourSynth/Lib/site-packages/pip/_vendor/rich/_inspect.py,9656,9656,34B5A6DF,34B5A6DF,2026-09-26T10:43:04.408172+00:00,2026-09-29T23:36:24.306300+00:00,nur Zeit geändert
Apps/FrameServer/VapourSynth/Lib/site-packages/pip/_vendor/rich/_log_render.py,3225,3225,1BE6AB16,1BE6AB16,2026-09-26T10:43:04.409172+00:00,2026-09-29T23:36:24.306544+00:00,nur Zeit geändert
Apps/FrameServer/VapourSynth/Lib/site-packages/pip/_vendor/rich/_loop.py,1236,1236,1EEA0FBA,1EEA0FBA,2026-09-26T10:43:04.409172+00:00,2026-09-29T23:36:24.306745+00:00,nur Zeit geändert
Apps/FrameServer/VapourSynth/Lib/site-packages/pip/_vendor/rich/_null_file.py,1394,1394,B3D328BD,B3D328BD,2026-09-26T10:43:04.409172+00:00,2026-09-29T23:36:24.306942+00:00,nur Zeit geändert
Apps/FrameServer/VapourSynth/Lib/site-packages/pip/_vendor/rich/_palettes.py,7063,7063,2D57A117,2D57A117,2026-09-26T10:43:04.410171+00:00,2026-09-29T23:36:24.307212+00:00,nur Zeit geändert
Apps/FrameServer/VapourSynth/Lib/site-packages/pip/_vendor/rich/_pick.py,423,423,4CEEF0E9,4CEEF0E9,2026-09-26T10:43:04.410171+00:00,2026-09-29T23:36:24.307422+00:00,nur Zeit geändert
Apps/FrameServer/VapourSynth/Lib/site-packages/pip/_vendor/rich/_ratio.py,5325,5325,60BC18D2,60BC18D2,2026-09-26T10:43:04.410171+00:00,2026-09-29T23:36:24.307649+00:00,nur Zeit geändert
Apps/FrameServer/VapourSynth/Lib/site-packages/pip/_vendor/rich/_spinners.py,19919,19919,54AD31C6,54AD31C6,2026-09-26T10:43:04.411174+00:00,2026-09-29T23:36:24.307931+00:00,nur Zeit geändert
Apps/FrameServer/VapourSynth/Lib/site-packages/pip/_vendor/rich/_stack.py,351,351,D21351E6,D21351E6,2026-09-26T10:43:04.411174+00:00,2026-09-29T23:36:24.308176+00:00,nur Zeit geändert
Apps/FrameServer/VapourSynth/Lib/site-packages/pip/_vendor/rich/_timer.py,417,417,5C12DA60,5C12DA60,2026-09-26T10:43:04.411174+00:00,2026-09-29T23:36:24.308372+00:00,nur Zeit geändert
Apps/FrameServer/VapourSynth/Lib/site-packages/pip/_vendor/rich/_win32_console.py,22755,22755,7DF51F0E,7DF51F0E,2026-09-26T10:43:04.412174+00:00,2026-09-29T23:36:24.308692+00:00,nur Zeit geändert
Apps/FrameServer/VapourSynth/Lib/site-packages/pip/_vendor/rich/_windows.py,1925,1925,9C7D164C,9C7D164C,2026-09-26T10:43:04.412174+00:00,2026-09-29T23:36:24.308908+00:00,nur Zeit geändert
Apps/FrameServer/VapourSynth/Lib/site-packages/pip/_vendor/rich/_windows_renderer.py,2783,2783,3DA606A4,3DA606A4,2026-09-26T10:43:04.412174+00:00,2026-09-29T23:36:24.309166+00:00,nur Zeit geändert
Apps/FrameServer/VapourSynth/Lib/site-packages/pip/_vendor/rich/_wrap.py,3404,3404,26F4E8E7,26F4E8E7,2026-09-26T10:43:04.413174+00:00,2026-09-29T23:36:24.309400+00:00,nur Zeit geändert
Apps/FrameServer/VapourSynth/Lib/site-packages/pip/_vendor/rich/abc.py,890,890,51456B0E,51456B0E,2026-09-26T10:43:04.413174+00:00,2026-09-29T23:36:24.309595+00:00,nur Zeit geändert
Apps/FrameServer/VapourSynth/Lib/site-packages/pip/_vendor/rich/align.py,10324,10324,E2C5FB4A,E2C5FB4A,2026-09-26T10:43:04.413174+00:00,2026-09-29T23:36:24.309830+00:00,nur Zeit geändert
Apps/FrameServer/VapourSynth/Lib/site-packages/pip/_vendor/rich/ansi.py,6921,6921,17E92E1D,17E92E1D,2026-09-26T10:43:04.413174+00:00,2026-09-29T23:36:24.310220+00:00,nur Zeit geändert
Apps/FrameServer/VapourSynth/Lib/site-packages/pip/_vendor/rich/bar.py,3263,3263,C80443E4,C80443E4,2026-09-26T10:43:04.414172+00:00,2026-09-29T23:36:24.310478+00:00,nur Zeit geändert
Apps/FrameServer/VapourSynth/Lib/site-packages/pip/_vendor/rich/box.py,10686,10686,606AACEE,606AACEE,2026-09-26T10:43:04.414172+00:00,2026-09-29T23:36:24.310739+00:00,nur Zeit geändert
Apps/FrameServer/VapourSynth/Lib/site-packages/pip/_vendor/rich/cells.py,5130,5130,FFB8F2DD,FFB8F2DD,2026-09-26T10:43:04.415174+00:00,2026-09-29T23:36:24.310982+00:00,nur Zeit geändert
Apps/FrameServer/VapourSynth/Lib/site-packages/pip/_vendor/rich/color.py,18211,18211,6BDE2B56,6BDE2B56,2026-09-26T10:43:04.415174+00:00,2026-09-29T23:36:24.311355+00:00,nur Zeit geändert
Apps/FrameServer/VapourSynth/Lib/site-packages/pip/_vendor/rich/color_triplet.py,1054,1054,4E0D4469,4E0D4469,2026-09-26T10:43:04.415736+00:00,2026-09-29T23:36:24.311579+00:00,nur Zeit geändert
Apps/FrameServer/VapourSynth/Lib/site-packages/pip/_vendor/rich/columns.py,7131,7131,F1524C9E,F1524C9E,2026-09-26T10:43:04.416176+00:00,2026-09-29T23:36:24.311812+00:00,nur Zeit geändert
Apps/FrameServer/VapourSynth/Lib/site-packages/pip/_vendor/rich/console.py,100849,100849,3B5CFF07,3B5CFF07,2026-09-26T10:43:04.416176+00:00,2026-09-29T23:36:24.312625+00:00,nur Zeit geändert
Apps/FrameServer/VapourSynth/Lib/site-packages/pip/_vendor/rich/constrain.py,1288,1288,49D24C8B,49D24C8B,2026-09-26T10:43:04.416176+00:00,2026-09-29T23:36:24.312905+00:00,nur Zeit geändert
Apps/FrameServer/VapourSynth/Lib/site-packages/pip/_vendor/rich/containers.py,5502,5502,7763D20C,7763D20C,2026-09-26T10:43:04.417176+00:00,2026-09-29T23:36:24.313168+00:00,nur Zeit geändert
Apps/FrameServer/VapourSynth/Lib/site-packages/pip/_vendor/rich/control.py,6487,6487,A12CBD22,A12CBD22,2026-09-26T10:43:04.417176+00:00,2026-09-29T23:36:24.313416+00:00,nur Zeit geändert
Apps/FrameServer/VapourSynth/Lib/site-packages/pip/_vendor/rich/default_styles.py,8257,8257,53593644,53593644,2026-09-26T10:43:04.418174+00:00,2026-09-29T23:36:24.313654+00:00,nur Zeit geändert
Apps/FrameServer/VapourSynth/Lib/site-packages/pip/_vendor/rich/diagnose.py,1025,1025,963A763F,963A763F,2026-09-26T10:43:04.418174+00:00,2026-09-29T23:36:24.313856+00:00,nur Zeit geändert
Apps/FrameServer/VapourSynth/Lib/site-packages/pip/_vendor/rich/emoji.py,2367,2367,00DB05E1,00DB05E1,2026-09-26T10:43:04.418174+00:00,2026-09-29T23:36:24.314451+00:00,nur Zeit geändert
Apps/FrameServer/VapourSynth/Lib/site-packages/pip/_vendor/rich/errors.py,642,642,D3214822,D3214822,2026-09-26T10:43:04.418174+00:00,2026-09-29T23:36:24.314814+00:00,nur Zeit geändert
Apps/FrameServer/VapourSynth/Lib/site-packages/pip/_vendor/rich/file_proxy.py,1683,1683,146FDE6A,146FDE6A,2026-09-26T10:43:04.419176+00:00,2026-09-29T23:36:24.315035+00:00,nur Zeit geändert
Apps/FrameServer/VapourSynth/Lib/site-packages/pip/_vendor/rich/filesize.py,2484,2484,D73DBBA6,D73DBBA6,2026-09-26T10:43:04.419176+00:00,2026-09-29T23:36:24.315324+00:00,nur Zeit geändert
Apps/FrameServer/VapourSynth/Lib/site-packages/pip/_vendor/rich/highlighter.py,9586,9586,4D8BBBD3,4D8BBBD3,2026-09-26T10:43:04.420177+00:00,2026-09-29T23:36:24.315592+00:00,nur Zeit geändert
Apps/FrameServer/VapourSynth/Lib/site-packages/pip/_vendor/rich/json.py,5031,5031,86BC4DE0,86BC4DE0,2026-09-26T10:43:04.420177+00:00,2026-09-29T23:36:24.315812+00:00,nur Zeit geändert
Apps/FrameServer/VapourSynth/Lib/site-packages/pip/_vendor/rich/jupyter.py,3252,3252,C858C138,C858C138,2026-09-26T10:43:04.420177+00:00,2026-09-29T23:36:24.316177+00:00,nur Zeit geändert
Apps/FrameServer/VapourSynth/Lib/site-packages/pip/_vendor/rich/layout.py,14004,14004,1FD7127A,1FD7127A,2026-09-26T10:43:04.421177+00:00,2026-09-29T23:36:24.316478+00:00,nur Zeit geändert
Apps/FrameServer/VapourSynth/Lib/site-packages/pip/_vendor/rich/LICENSE,1056,1056,4AF296FF,4AF296FF,2026-09-26T10:43:04.405172+00:00,2026-09-29T23:36:24.302752+00:00,nur Zeit geändert
Apps/FrameServer/VapourSynth/Lib/site-packages/pip/_vendor/rich/live.py,15180,15180,CEC520D9,CEC520D9,2026-09-26T10:43:04.421177+00:00,2026-09-29T23:36:24.316776+00:00,nur Zeit geändert
Apps/FrameServer/VapourSynth/Lib/site-packages/pip/_vendor/rich/live_render.py,3521,3521,6D738C01,6D738C01,2026-09-26T10:43:04.421177+00:00,2026-09-29T23:36:24.317030+00:00,nur Zeit geändert
Apps/FrameServer/VapourSynth/Lib/site-packages/pip/_vendor/rich/logging.py,12468,12468,2E3980A6,2E3980A6,2026-09-26T10:43:04.422176+00:00,2026-09-29T23:36:24.317347+00:00,nur Zeit geändert
Apps/FrameServer/VapourSynth/Lib/site-packages/pip/_vendor/rich/markup.py,8451,8451,47B352DE,47B352DE,2026-09-26T10:43:04.422176+00:00,2026-09-29T23:36:24.317609+00:00,nur Zeit geändert
Apps/FrameServer/VapourSynth/Lib/site-packages/pip/_vendor/rich/measure.py,5305,5305,0418ACFF,0418ACFF,2026-09-26T10:43:04.422176+00:00,2026-09-29T23:36:24.317982+00:00,nur Zeit geändert
Apps/FrameServer/VapourSynth/Lib/site-packages/pip/_vendor/rich/padding.py,4908,4908,A44F67FF,A44F67FF,2026-09-26T10:43:04.422176+00:00,2026-09-29T23:36:24.318286+00:00,nur Zeit geändert
Apps/FrameServer/VapourSynth/Lib/site-packages/pip/_vendor/rich/pager.py,828,828,8215C60E,8215C60E,2026-09-26T10:43:04.423177+00:00,2026-09-29T23:36:24.318569+00:00,nur Zeit geändert
Apps/FrameServer/VapourSynth/Lib/site-packages/pip/_vendor/rich/palette.py,3396,3396,5F3E0038,5F3E0038,2026-09-26T10:43:04.423177+00:00,2026-09-29T23:36:24.318972+00:00,nur Zeit geändert
Apps/FrameServer/VapourSynth/Lib/site-packages/pip/_vendor/rich/panel.py,11157,11157,37A158CB,37A158CB,2026-09-26T10:43:04.423177+00:00,2026-09-29T23:36:24.319315+00:00,nur Zeit geändert
Apps/FrameServer/VapourSynth/Lib/site-packages/pip/_vendor/rich/pretty.py,36391,36391,E40CF330,E40CF330,2026-09-26T10:43:04.424177+00:00,2026-09-29T23:36:24.319737+00:00,nur Zeit geändert
Apps/FrameServer/VapourSynth/Lib/site-packages/pip/_vendor/rich/progress.py,60408,60408,B5E26E48,B5E26E48,2026-09-26T10:43:04.424177+00:00,2026-09-29T23:36:24.320305+00:00,nur Zeit geändert
Apps/FrameServer/VapourSynth/Lib/site-packages/pip/_vendor/rich/progress_bar.py,8162,8162,B1D0ECE2,B1D0ECE2,2026-09-26T10:43:04.425176+00:00,2026-09-29T23:36:24.320697+00:00,nur Zeit geändert
Apps/FrameServer/VapourSynth/Lib/site-packages/pip/_vendor/rich/prompt.py,12447,12447,81FAC495,81FAC495,2026-09-26T10:43:04.425176+00:00,2026-09-29T23:36:24.321006+00:00,nur Zeit geändert
Apps/FrameServer/VapourSynth/Lib/site-packages/pip/_vendor/rich/protocol.py,1391,1391,D3FB9858,D3FB9858,2026-09-26T10:43:04.425176+00:00,2026-09-29T23:36:24.321299+00:00,nur Zeit geändert
Apps/FrameServer/VapourSynth/Lib/site-packages/pip/_vendor/rich/py.typed,0,0,00000000,00000000,2026-09-26T10:43:04.426177+00:00,2026-09-29T23:36:22.192497+00:00,nur Zeit geändert
Apps/FrameServer/VapourSynth/Lib/site-packages/pip/_vendor/rich/region.py,166,166,D7AEC25D,D7AEC25D,2026-09-26T10:43:04.426177+00:00,2026-09-29T23:36:24.321491+00:00,nur Zeit geändert
Apps/FrameServer/VapourSynth/Lib/site-packages/pip/_vendor/rich/repr.py,4431,4431,1D1439D2,1D1439D2,2026-09-26T10:43:04.426177+00:00,2026-09-29T23:36:24.321707+00:00,nur Zeit geändert
Apps/FrameServer/VapourSynth/Lib/site-packages/pip/_vendor/rich/rule.py,4602,4602,6D036992,6D036992,2026-09-26T10:43:04.427177+00:00,2026-09-29T23:36:24.322046+00:00,nur Zeit geändert
Apps/FrameServer/VapourSynth/Lib/site-packages/pip/_vendor/rich/scope.py,2843,2843,2BF5850F,2BF5850F,2026-09-26T10:43:04.427177+00:00,2026-09-29T23:36:24.322393+00:00,nur Zeit geändert
Apps/FrameServer/VapourSynth/Lib/site-packages/pip/_vendor/rich/screen.py,1591,1591,AEFE353F,AEFE353F,2026-09-26T10:43:04.427177+00:00,2026-09-29T23:36:24.322606+00:00,nur Zeit geändert
Apps/FrameServer/VapourSynth/Lib/site-packages/pip/_vendor/rich/segment.py,24743,24743,A41B2956,A41B2956,2026-09-26T10:43:04.428179+00:00,2026-09-29T23:36:24.322929+00:00,nur Zeit geändert
Apps/FrameServer/VapourSynth/Lib/site-packages/pip/_vendor/rich/spinner.py,4214,4214,299CCF17,299CCF17,2026-09-26T10:43:04.428179+00:00,2026-09-29T23:36:24.323227+00:00,nur Zeit geändert
Apps/FrameServer/VapourSynth/Lib/site-packages/pip/_vendor/rich/status.py,4424,4424,3AE65A02,3AE65A02,2026-09-26T10:43:04.428179+00:00,2026-09-29T23:36:24.323448+00:00,nur Zeit geändert
Apps/FrameServer/VapourSynth/Lib/site-packages/pip/_vendor/rich/style.py,26990,26990,7C2BC2A1,7C2BC2A1,2026-09-26T10:43:04.428179+00:00,2026-09-29T23:36:24.323785+00:00,nur Zeit geändert
Apps/FrameServer/VapourSynth/Lib/site-packages/pip/_vendor/rich/styled.py,1258,1258,50A60AF1,50A60AF1,2026-09-26T10:43:04.429176+00:00,2026-09-29T23:36:24.323996+00:00,nur Zeit geändert
Apps/FrameServer/VapourSynth/Lib/site-packages/pip/_vendor/rich/syntax.py,36371,36371,D3D944E2,D3D944E2,2026-09-26T10:43:04.429176+00:00,2026-09-29T23:36:24.324590+00:00,nur Zeit geändert
Apps/FrameServer/VapourSynth/Lib/site-packages/pip/_vendor/rich/table.py,40049,40049,15BCFF3B,15BCFF3B,2026-09-26T10:43:04.429176+00:00,2026-09-29T23:36:24.325019+00:00,nur Zeit geändert
Apps/FrameServer/VapourSynth/Lib/site-packages/pip/_vendor/rich/terminal_theme.py,3370,3370,BFD3233A,BFD3233A,2026-09-26T10:43:04.430177+00:00,2026-09-29T23:36:24.325292+00:00,nur Zeit geändert
Apps/FrameServer/VapourSynth/Lib/site-packages/pip/_vendor/rich/text.py,47552,47552,9C539953,9C539953,2026-09-26T10:43:04.430177+00:00,2026-09-29T23:36:24.325752+00:00,nur Zeit geändert
Apps/FrameServer/VapourSynth/Lib/site-packages/pip/_vendor/rich/theme.py,3771,3771,1E24DFA3,1E24DFA3,2026-09-26T10:43:04.431179+00:00,2026-09-29T23:36:24.326054+00:00,nur Zeit geändert
Apps/FrameServer/VapourSynth/Lib/site-packages/pip/_vendor/rich/themes.py,102,102,50F67551,50F67551,2026-09-26T10:43:04.431179+00:00,2026-09-29T23:36:24.326299+00:00,nur Zeit geändert
Apps/FrameServer/VapourSynth/Lib/site-packages/pip/_vendor/rich/traceback.py,35861,35861,E4C6642B,E4C6642B,2026-09-26T10:43:04.431179+00:00,2026-09-29T23:36:24.326684+00:00,nur Zeit geändert
Apps/FrameServer/VapourSynth/Lib/site-packages/pip/_vendor/rich/tree.py,9451,9451,172F0797,172F0797,2026-09-26T10:43:04.432179+00:00,2026-09-29T23:36:24.326952+00:00,nur Zeit geändert
Apps/FrameServer/VapourSynth/Lib/site-packages/pip/_vendor/tomli/__init__.py,314,314,3D19F1F6,3D19F1F6,2026-09-26T10:43:04.432179+00:00,2026-09-29T23:36:24.327436+00:00,nur Zeit geändert
Apps/FrameServer/VapourSynth/Lib/site-packages/pip/_vendor/tomli/_parser.py,26440,26440,8F402EFD,8F402EFD,2026-09-26T10:43:04.433177+00:00,2026-09-29T23:36:24.327812+00:00,nur Zeit geändert
Apps/FrameServer/VapourSynth/Lib/site-packages/pip/_vendor/tomli/_re.py,3396,3396,BFE5F9B8,BFE5F9B8,2026-09-26T10:43:04.433177+00:00,2026-09-29T23:36:24.328048+00:00,nur Zeit geändert
Apps/FrameServer/VapourSynth/Lib/site-packages/pip/_vendor/tomli/_types.py,254,254,6712EFB3,6712EFB3,2026-09-26T10:43:04.433177+00:00,2026-09-29T23:36:24.328272+00:00,nur Zeit geändert
Apps/FrameServer/VapourSynth/Lib/site-packages/pip/_vendor/tomli/LICENSE,1072,1072,8275585D,8275585D,2026-09-26T10:43:04.432179+00:00,2026-09-29T23:36:24.327206+00:00,nur Zeit geändert
Apps/FrameServer/VapourSynth/Lib/site-packages/pip/_vendor/tomli/py.typed,26,26,F800292B,F800292B,2026-09-26T10:43:04.434179+00:00,2026-09-29T23:36:24.328462+00:00,nur Zeit geändert
Apps/FrameServer/VapourSynth/Lib/site-packages/pip/_vendor/tomli_w/__init__.py,169,169,E2B2386B,E2B2386B,2026-09-26T10:43:04.434179+00:00,2026-09-29T23:36:24.328886+00:00,nur Zeit geändert
Apps/FrameServer/VapourSynth/Lib/site-packages/pip/_vendor/tomli_w/_writer.py,6961,6961,BE19549B,BE19549B,2026-09-26T10:43:04.434179+00:00,2026-09-29T23:36:24.329147+00:00,nur Zeit geändert
Apps/FrameServer/VapourSynth/Lib/site-packages/pip/_vendor/tomli_w/LICENSE,1072,1072,8275585D,8275585D,2026-09-26T10:43:04.434179+00:00,2026-09-29T23:36:24.328688+00:00,nur Zeit geändert
Apps/FrameServer/VapourSynth/Lib/site-packages/pip/_vendor/tomli_w/py.typed,26,26,F800292B,F800292B,2026-09-26T10:43:04.435180+00:00,2026-09-29T23:36:24.329355+00:00,nur Zeit geändert
Apps/FrameServer/VapourSynth/Lib/site-packages/pip/_vendor/truststore/__init__.py,1320,1320,A873350F,A873350F,2026-09-26T10:43:04.435180+00:00,2026-09-29T23:36:24.329744+00:00,nur Zeit geändert
Apps/FrameServer/VapourSynth/Lib/site-packages/pip/_vendor/truststore/_api.py,11413,11413,08C86128,08C86128,2026-09-26T10:43:04.436180+00:00,2026-09-29T23:36:24.330048+00:00,nur Zeit geändert
Apps/FrameServer/VapourSynth/Lib/site-packages/pip/_vendor/truststore/_macos.py,20503,20503,4EB737DE,4EB737DE,2026-09-26T10:43:04.436180+00:00,2026-09-29T23:36:24.330435+00:00,nur Zeit geändert
Apps/FrameServer/VapourSynth/Lib/site-packages/pip/_vendor/truststore/_openssl.py,2412,2412,90864E9D,90864E9D,2026-09-26T10:43:04.436180+00:00,2026-09-29T23:36:24.330665+00:00,nur Zeit geändert
Apps/FrameServer/VapourSynth/Lib/site-packages/pip/_vendor/truststore/_ssl_constants.py,1130,1130,CF5CC069,CF5CC069,2026-09-26T10:43:04.436180+00:00,2026-09-29T23:36:24.330860+00:00,nur Zeit geändert
Apps/FrameServer/VapourSynth/Lib/site-packages/pip/_vendor/truststore/_windows.py,17993,17993,860DFE51,860DFE51,2026-09-26T10:43:04.437179+00:00,2026-09-29T23:36:24.331174+00:00,nur Zeit geändert
Apps/FrameServer/VapourSynth/Lib/site-packages/pip/_vendor/truststore/LICENSE,1086,1086,B00A0FC5,B00A0FC5,2026-09-26T10:43:04.435180+00:00,2026-09-29T23:36:24.329545+00:00,nur Zeit geändert
Apps/FrameServer/VapourSynth/Lib/site-packages/pip/_vendor/truststore/py.typed,0,0,00000000,00000000,2026-09-26T10:43:04.437179+00:00,2026-09-29T23:36:22.192715+00:00,nur Zeit geändert
Apps/FrameServer/VapourSynth/Lib/site-packages/pip/_vendor/urllib3/__init__.py,6979,6979,870BD67C,870BD67C,2026-09-26T10:43:04.437179+00:00,2026-09-29T23:36:24.331660+00:00,nur Zeit geändert
Apps/FrameServer/VapourSynth/Lib/site-packages/pip/_vendor/urllib3/_base_connection.py,5580,5580,91849FA2,91849FA2,2026-09-26T10:43:04.438179+00:00,2026-09-29T23:36:24.331892+00:00,nur Zeit geändert
Apps/FrameServer/VapourSynth/Lib/site-packages/pip/_vendor/urllib3/_collections.py,17522,17522,7A630934,7A630934,2026-09-26T10:43:04.438179+00:00,2026-09-29T23:36:24.332267+00:00,nur Zeit geändert
Apps/FrameServer/VapourSynth/Lib/site-packages/pip/_vendor/urllib3/_request_methods.py,9931,9931,DBBCED3E,DBBCED3E,2026-09-26T10:43:04.438179+00:00,2026-09-29T23:36:24.332545+00:00,nur Zeit geändert
Apps/FrameServer/VapourSynth/Lib/site-packages/pip/_vendor/urllib3/_version.py,520,520,E2CA6766,E2CA6766,2026-09-26T10:43:04.439180+00:00,2026-09-29T23:36:24.332748+00:00,nur Zeit geändert
Apps/FrameServer/VapourSynth/Lib/site-packages/pip/_vendor/urllib3/connection.py,42786,42786,8D24FB51,8D24FB51,2026-09-26T10:43:04.439180+00:00,2026-09-29T23:36:24.333246+00:00,nur Zeit geändert
Apps/FrameServer/VapourSynth/Lib/site-packages/pip/_vendor/urllib3/connectionpool.py,44164,44164,4A6B2903,4A6B2903,2026-09-26T10:43:04.439180+00:00,2026-09-29T23:36:24.333745+00:00,nur Zeit geändert
Apps/FrameServer/VapourSynth/Lib/site-packages/pip/_vendor/urllib3/contrib/__init__.py,0,0,00000000,00000000,2026-09-26T10:43:04.442198+00:00,2026-09-29T23:36:22.192928+00:00,nur Zeit geändert
Apps/FrameServer/VapourSynth/Lib/site-packages/pip/_vendor/urllib3/contrib/emscripten/__init__.py,870,870,526B27A5,526B27A5,2026-09-26T10:43:04.443195+00:00,2026-09-29T23:36:24.334060+00:00,nur Zeit geändert
Apps/FrameServer/VapourSynth/Lib/site-packages/pip/_vendor/urllib3/contrib/emscripten/connection.py,8960,8960,ABCDB731,ABCDB731,2026-09-26T10:43:04.443195+00:00,2026-09-29T23:36:24.334342+00:00,nur Zeit geändert
Apps/FrameServer/VapourSynth/Lib/site-packages/pip/_vendor/urllib3/contrib/emscripten/emscripten_fetch_worker.js,3677,3677,8D07D501,8D07D501,2026-09-26T10:43:04.443195+00:00,2026-09-29T23:36:24.334590+00:00,nur Zeit geändert
Apps/FrameServer/VapourSynth/Lib/site-packages/pip/_vendor/urllib3/contrib/emscripten/fetch.py,23520,23520,6781BE3C,6781BE3C,2026-09-26T10:43:04.444198+00:00,2026-09-29T23:36:24.334947+00:00,nur Zeit geändert
Apps/FrameServer/VapourSynth/Lib/site-packages/pip/_vendor/urllib3/contrib/emscripten/request.py,566,566,68DB52CC,68DB52CC,2026-09-26T10:43:04.444198+00:00,2026-09-29T23:36:24.335200+00:00,nur Zeit geändert
Apps/FrameServer/VapourSynth/Lib/site-packages/pip/_vendor/urllib3/contrib/emscripten/response.py,9719,9719,07DA566C,07DA566C,2026-09-26T10:43:04.444198+00:00,2026-09-29T23:36:24.335468+00:00,nur Zeit geändert
Apps/FrameServer/VapourSynth/Lib/site-packages/pip/_vendor/urllib3/contrib/pyopenssl.py,19760,19760,198A8207,198A8207,2026-09-26T10:43:04.442198+00:00,2026-09-29T23:36:24.335798+00:00,nur Zeit geändert
Apps/FrameServer/VapourSynth/Lib/site-packages/pip/_vendor/urllib3/contrib/socks.py,7639,7639,80A1EE95,80A1EE95,2026-09-26T10:43:04.442198+00:00,2026-09-29T23:36:24.336054+00:00,nur Zeit geändert
Apps/FrameServer/VapourSynth/Lib/site-packages/pip/_vendor/urllib3/exceptions.py,9945,9945,93639D91,93639D91,2026-09-26T10:43:04.440182+00:00,2026-09-29T23:36:24.336345+00:00,nur Zeit geändert
Apps/FrameServer/VapourSynth/Lib/site-packages/pip/_vendor/urllib3/fields.py,10801,10801,E125AC39,E125AC39,2026-09-26T10:43:04.440182+00:00,2026-09-29T23:36:24.336609+00:00,nur Zeit geändert
Apps/FrameServer/VapourSynth/Lib/site-packages/pip/_vendor/urllib3/filepost.py,2388,2388,FE132489,FE132489,2026-09-26T10:43:04.440692+00:00,2026-09-29T23:36:24.336819+00:00,nur Zeit geändert
Apps/FrameServer/VapourSynth/Lib/site-packages/pip/_vendor/urllib3/http2/__init__.py,1741,1741,10547594,10547594,2026-09-26T10:43:04.445198+00:00,2026-09-29T23:36:24.337060+00:00,nur Zeit geändert
Apps/FrameServer/VapourSynth/Lib/site-packages/pip/_vendor/urllib3/http2/connection.py,12578,12578,208EA0DD,208EA0DD,2026-09-26T10:43:04.445198+00:00,2026-09-29T23:36:24.337364+00:00,nur Zeit geändert
Apps/FrameServer/VapourSynth/Lib/site-packages/pip/_vendor/urllib3/http2/probe.py,3014,3014,354A6681,354A6681,2026-09-26T10:43:04.445198+00:00,2026-09-29T23:36:24.337590+00:00,nur Zeit geändert
Apps/FrameServer/VapourSynth/Lib/site-packages/pip/_vendor/urllib3/LICENSE.txt,1093,1093,A8FDEA51,A8FDEA51,2026-09-26T10:43:04.437179+00:00,2026-09-29T23:36:24.331401+00:00,nur Zeit geändert
Apps/FrameServer/VapourSynth/Lib/site-packages/pip/_vendor/urllib3/poolmanager.py,23929,23929,5DF3E2F0,5DF3E2F0,2026-09-26T10:43:04.441217+00:00,2026-09-29T23:36:24.337982+00:00,nur Zeit geändert
Apps/FrameServer/VapourSynth/Lib/site-packages/pip/_vendor/urllib3/py.typed,93,93,D81884EE,D81884EE,2026-09-26T10:43:04.441217+00:00,2026-09-29T23:36:24.338241+00:00,nur Zeit geändert
Apps/FrameServer/VapourSynth/Lib/site-packages/pip/_vendor/urllib3/response.py,53031,53031,44913ECB,44913ECB,2026-09-26T10:43:04.441217+00:00,2026-09-29T23:36:24.338736+00:00,nur Zeit geändert
Apps/FrameServer/VapourSynth/Lib/site-packages/pip/_vendor/urllib3/util/__init__.py,1001,1001,D0CBC304,D0CBC304,2026-09-26T10:43:04.446195+00:00,2026-09-29T23:36:24.338985+00:00,nur Zeit geändert
Apps/FrameServer/VapourSynth/Lib/site-packages/pip/_vendor/urllib3/util/connection.py,4444,4444,831CCB7D,831CCB7D,2026-09-26T10:43:04.446195+00:00,2026-09-29T23:36:24.339257+00:00,nur Zeit geändert
Apps/FrameServer/VapourSynth/Lib/site-packages/pip/_vendor/urllib3/util/proxy.py,1148,1148,4CACB0B8,4CACB0B8,2026-09-26T10:43:04.446195+00:00,2026-09-29T23:36:24.339464+00:00,nur Zeit geändert
Apps/FrameServer/VapourSynth/Lib/site-packages/pip/_vendor/urllib3/util/request.py,8086,8086,C0965C7A,C0965C7A,2026-09-26T10:43:04.446195+00:00,2026-09-29T23:36:24.339712+00:00,nur Zeit geändert
Apps/FrameServer/VapourSynth/Lib/site-packages/pip/_vendor/urllib3/util/response.py,3374,3374,27732072,27732072,2026-09-26T10:43:04.447196+00:00,2026-09-29T23:36:24.339926+00:00,nur Zeit geändert
Apps/FrameServer/VapourSynth/Lib/site-packages/pip/_vendor/urllib3/util/retry.py,19577,19577,B5A91647,B5A91647,2026-09-26T10:43:04.447196+00:00,2026-09-29T23:36:24.340278+00:00,nur Zeit geändert
Apps/FrameServer/VapourSynth/Lib/site-packages/pip/_vendor/urllib3/util/ssl_.py,17742,17742,A2045665,A2045665,2026-09-26T10:43:04.448198+00:00,2026-09-29T23:36:24.340614+00:00,nur Zeit geändert
Apps/FrameServer/VapourSynth/Lib/site-packages/pip/_vendor/urllib3/util/ssl_match_hostname.py,5479,5479,B713C8A4,B713C8A4,2026-09-26T10:43:04.448198+00:00,2026-09-29T23:36:24.340872+00:00,nur Zeit geändert
Apps/FrameServer/VapourSynth/Lib/site-packages/pip/_vendor/urllib3/util/ssltransport.py,8847,8847,C5C8A6AF,C5C8A6AF,2026-09-26T10:43:04.448198+00:00,2026-09-29T23:36:24.341144+00:00,nur Zeit geändert
Apps/FrameServer/VapourSynth/Lib/site-packages/pip/_vendor/urllib3/util/timeout.py,10363,10363,97E589D3,97E589D3,2026-09-26T10:43:04.448198+00:00,2026-09-29T23:36:24.341432+00:00,nur Zeit geändert
Apps/FrameServer/VapourSynth/Lib/site-packages/pip/_vendor/urllib3/util/url.py,15256,15256,7BB87454,7BB87454,2026-09-26T10:43:04.449200+00:00,2026-09-29T23:36:24.341748+00:00,nur Zeit geändert
Apps/FrameServer/VapourSynth/Lib/site-packages/pip/_vendor/urllib3/util/util.py,1146,1146,5F14A896,5F14A896,2026-09-26T10:43:04.449200+00:00,2026-09-29T23:36:24.341998+00:00,nur Zeit geändert
Apps/FrameServer/VapourSynth/Lib/site-packages/pip/_vendor/urllib3/util/wait.py,4423,4423,87459456,87459456,2026-09-26T10:43:04.449200+00:00,2026-09-29T23:36:24.342262+00:00,nur Zeit geändert
Apps/FrameServer/VapourSynth/Lib/site-packages/pip/_vendor/vendor.txt,317,317,9EBCF3FA,9EBCF3FA,2026-09-26T10:43:04.351160+00:00,2026-09-29T23:36:24.342459+00:00,nur Zeit geändert
Apps/FrameServer/VapourSynth/Lib/site-packages/pip/py.typed,286,286,35C0C7CD,35C0C7CD,2026-09-26T10:43:04.300148+00:00,2026-09-29T23:36:24.342636+00:00,nur Zeit geändert
Apps/FrameServer/VapourSynth/Lib/site-packages/vapoursynth-79.dist-info/direct_url.json,312,312,6B2E68B7,6B2E68B7,2026-09-26T10:43:07.742036+00:00,2026-09-29T23:36:24.726936+00:00,nur Zeit geändert
Apps/FrameServer/VapourSynth/Lib/site-packages/vapoursynth-79.dist-info/entry_points.txt,83,83,D580C33E,D580C33E,2026-09-26T10:43:07.489472+00:00,2026-09-29T23:36:24.727142+00:00,nur Zeit geändert
Apps/FrameServer/VapourSynth/Lib/site-packages/vapoursynth-79.dist-info/INSTALLER,4,4,C2971FC7,C2971FC7,2026-09-26T10:43:07.741035+00:00,2026-09-29T23:36:24.726046+00:00,nur Zeit geändert
Apps/FrameServer/VapourSynth/Lib/site-packages/vapoursynth-79.dist-info/licenses/COPYING.LESSER,27028,27028,DD580F9C,DD580F9C,2026-09-26T10:43:07.490472+00:00,2026-09-29T23:36:24.727632+00:00,nur Zeit geändert
Apps/FrameServer/VapourSynth/Lib/site-packages/vapoursynth-79.dist-info/METADATA,2070,2070,35FFDBE3,35FFDBE3,2026-09-26T10:43:07.489472+00:00,2026-09-29T23:36:24.726312+00:00,nur Zeit geändert
Apps/FrameServer/VapourSynth/Lib/site-packages/vapoursynth-79.dist-info/RECORD,3356,3356,A67D4C40,A67D4C40,2026-09-26T10:43:07.747038+00:00,2026-09-29T23:36:24.726566+00:00,nur Zeit geändert
Apps/FrameServer/VapourSynth/Lib/site-packages/vapoursynth-79.dist-info/REQUESTED,0,0,00000000,00000000,2026-09-26T10:43:07.742036+00:00,2026-09-29T23:36:22.193366+00:00,nur Zeit geändert
Apps/FrameServer/VapourSynth/Lib/site-packages/vapoursynth-79.dist-info/WHEEL,86,86,1B000B43,1B000B43,2026-09-26T10:43:07.489472+00:00,2026-09-29T23:36:24.726752+00:00,nur Zeit geändert
Apps/FrameServer/VapourSynth/Lib/site-packages/vapoursynth/__init__.py,1677,1677,822C0387,822C0387,2026-09-26T10:43:07.722032+00:00,2026-09-29T23:36:24.350134+00:00,nur Zeit geändert
Apps/FrameServer/VapourSynth/Lib/site-packages/vapoursynth/__main__.py,84,84,4689C91B,4689C91B,2026-09-26T10:43:07.722032+00:00,2026-09-29T23:36:24.350324+00:00,nur Zeit geändert
Apps/FrameServer/VapourSynth/Lib/site-packages/vapoursynth/_cli.py,4196,4196,4CB25616,4CB25616,2026-09-26T10:43:07.722032+00:00,2026-09-29T23:36:24.350516+00:00,nur Zeit geändert
Apps/FrameServer/VapourSynth/Lib/site-packages/vapoursynth/_shell.py,8349,8349,95CF5D8B,95CF5D8B,2026-09-26T10:43:07.723032+00:00,2026-09-29T23:36:24.350750+00:00,nur Zeit geändert
Apps/FrameServer/VapourSynth/Lib/site-packages/vapoursynth/_utils.py,16795,16795,2925FF30,2925FF30,2026-09-26T10:43:07.723032+00:00,2026-09-29T23:36:24.351033+00:00,nur Zeit geändert
Apps/FrameServer/VapourSynth/Lib/site-packages/vapoursynth/include/VapourSynth4.h,31729,31729,8C0FAE0D,8C0FAE0D,2026-09-26T10:43:07.725033+00:00,2026-09-29T23:36:24.352171+00:00,nur Zeit geändert
Apps/FrameServer/VapourSynth/Lib/site-packages/vapoursynth/include/VSConstants4.h,2992,2992,B52C7974,B52C7974,2026-09-26T10:43:07.724033+00:00,2026-09-29T23:36:24.351307+00:00,nur Zeit geändert
Apps/FrameServer/VapourSynth/Lib/site-packages/vapoursynth/include/VSHelper4.h,8506,8506,FDC532D5,FDC532D5,2026-09-26T10:43:07.725033+00:00,2026-09-29T23:36:24.351555+00:00,nur Zeit geändert
Apps/FrameServer/VapourSynth/Lib/site-packages/vapoursynth/include/VSScript4.h,5447,5447,C66CAE97,C66CAE97,2026-09-26T10:43:07.725033+00:00,2026-09-29T23:36:24.351779+00:00,nur Zeit geändert
Apps/FrameServer/VapourSynth/Lib/site-packages/vapoursynth/libvapoursynth.dll,1278464,1278464,8FCE3977,8FCE3977,2026-09-26T10:43:07.495472+00:00,2026-09-29T23:36:45.975820+00:00,nur Zeit geändert
Apps/FrameServer/VapourSynth/Lib/site-packages/vapoursynth/libvapoursynth.pdb,9728000,9728000,BFCB73C1,BFCB73C1,2026-09-26T10:43:07.530481+00:00,2026-09-29T23:36:24.415424+00:00,nur Zeit geändert
Apps/FrameServer/VapourSynth/Lib/site-packages/vapoursynth/libvapoursynthfilters.dll,2509312,2509312,F1F8B3F9,F1F8B3F9,2026-09-26T10:43:07.553488+00:00,2026-09-29T23:36:45.999820+00:00,nur Zeit geändert
Apps/FrameServer/VapourSynth/Lib/site-packages/vapoursynth/libvapoursynthfilters.pdb,13578240,13578240,F98E166B,F98E166B,2026-09-26T10:43:07.601003+00:00,2026-09-29T23:36:24.499425+00:00,nur Zeit geändert
Apps/FrameServer/VapourSynth/Lib/site-packages/vapoursynth/libvapoursynthfilters_avx2.dll,2583040,2583040,5DF75F3F,5DF75F3F,2026-09-26T10:43:07.612003+00:00,2026-09-29T23:36:46.027822+00:00,nur Zeit geändert
Apps/FrameServer/VapourSynth/Lib/site-packages/vapoursynth/libvapoursynthfilters_avx2.pdb,13512704,13512704,4DBB71E3,4DBB71E3,2026-09-26T10:43:07.659017+00:00,2026-09-29T23:36:24.595428+00:00,nur Zeit geändert
Apps/FrameServer/VapourSynth/Lib/site-packages/vapoursynth/libvapoursynthfilters_zn4.dll,2891264,2891264,E8C8C90B,E8C8C90B,2026-09-26T10:43:07.672019+00:00,2026-09-29T23:36:46.055822+00:00,nur Zeit geändert
Apps/FrameServer/VapourSynth/Lib/site-packages/vapoursynth/libvapoursynthfilters_zn4.pdb,13705216,13705216,21D31CF7,21D31CF7,2026-09-26T10:43:07.721028+00:00,2026-09-29T23:36:24.691428+00:00,nur Zeit geändert
Apps/FrameServer/VapourSynth/Lib/site-packages/vapoursynth/pkgconfig/vapoursynth.pc,162,162,B61C496A,B61C496A,2026-09-26T10:43:07.724033+00:00,2026-09-29T23:36:24.704600+00:00,nur Zeit geändert
Apps/FrameServer/VapourSynth/Lib/site-packages/vapoursynth/plugins/avscompat.dll,243712,243712,F34FD195,F34FD195,2026-09-28T14:05:55.263931+00:00,2026-09-29T23:36:46.059822+00:00,nur Zeit geändert
Apps/FrameServer/VapourSynth/Lib/site-packages/vapoursynth/vapoursynth.pyd,693760,693760,6134E4FC,6134E4FC,2026-09-26T10:43:07.534481+00:00,2026-09-29T23:36:24.707430+00:00,nur Zeit geändert
Apps/FrameServer/VapourSynth/Lib/site-packages/vapoursynth/vapoursynth.pyi,38657,38657,525AA30F,525AA30F,2026-09-26T10:43:07.723032+00:00,2026-09-29T23:36:24.711428+00:00,nur Zeit geändert
Apps/FrameServer/VapourSynth/Lib/site-packages/vapoursynth/vspipe.exe,360448,360448,B04E7A14,B04E7A14,2026-09-26T10:43:07.541484+00:00,2026-09-29T23:36:46.063824+00:00,nur Zeit geändert
Apps/FrameServer/VapourSynth/Lib/site-packages/vapoursynth/vsscript.dll,69120,69120,A9F16CDF,A9F16CDF,2026-09-26T10:43:07.535483+00:00,2026-09-29T23:36:46.067220+00:00,nur Zeit geändert
Apps/FrameServer/VapourSynth/Lib/site-packages/vapoursynth/vsscript.pdb,1540096,1540096,DF929D64,DF929D64,2026-09-26T10:43:07.539480+00:00,2026-09-29T23:36:24.719428+00:00,nur Zeit geändert
Apps/FrameServer/VapourSynth/Lib/site-packages/vapoursynth/vsvfw.dll,195072,195072,4492D486,4492D486,2026-09-26T10:43:07.542484+00:00,2026-09-29T23:36:46.068227+00:00,nur Zeit geändert
Apps/FrameServer/VapourSynth/libcrypto-3.dll,6242552,6242552,CE13D3F5,CE13D3F5,2026-08-05T09:49:24+00:00,2026-09-29T23:36:46.123822+00:00,nur Zeit geändert
Apps/FrameServer/VapourSynth/libffi-8.dll,39696,39696,84E3AA71,84E3AA71,2026-08-05T09:49:22+00:00,2026-09-29T23:36:46.129606+00:00,nur Zeit geändert
Apps/FrameServer/VapourSynth/libssl-3.dll,1329912,1329912,B94EF690,B94EF690,2026-08-05T09:49:24+00:00,2026-09-29T23:36:46.139824+00:00,nur Zeit geändert
Apps/FrameServer/VapourSynth/libtommath.dll,95456,95456,D3E69760,D3E69760,2026-08-05T09:49:22+00:00,2026-09-29T23:36:46.145793+00:00,nur Zeit geändert
Apps/FrameServer/VapourSynth/LICENSE.txt,35407,35407,26FA743D,26FA743D,2026-08-05T09:49:22+00:00,2026-09-29T23:36:24.095528+00:00,nur Zeit geändert
Apps/FrameServer/VapourSynth/pip.bat,39,39,B4A0BAE5,B4A0BAE5,2026-08-07T06:49:04+00:00,2026-09-29T23:36:24.956942+00:00,nur Zeit geändert
Apps/FrameServer/VapourSynth/pyexpat.pyd,222944,222944,CF32B52E,CF32B52E,2026-08-05T09:49:24+00:00,2026-09-29T23:36:24.960144+00:00,nur Zeit geändert
Apps/FrameServer/VapourSynth/python.cat,600973,600973,E3F8E846,E3F8E846,2026-08-05T09:49:24+00:00,2026-09-29T23:36:24.964889+00:00,nur Zeit geändert
Apps/FrameServer/VapourSynth/python.exe,106208,106208,927A7214,927A7214,2026-08-05T09:49:22+00:00,2026-09-29T23:36:46.147329+00:00,nur Zeit geändert
Apps/FrameServer/VapourSynth/python3.dll,73952,73952,607F30BE,607F30BE,2026-08-05T09:49:22+00:00,2026-09-29T23:36:46.148006+00:00,nur Zeit geändert
Apps/FrameServer/VapourSynth/python314._pth,99,99,C35B3756,C35B3756,2026-09-26T10:43:00.671600+00:00,2026-09-29T23:36:24.965467+00:00,nur Zeit geändert
Apps/FrameServer/VapourSynth/python314.dll,6785760,6785760,DB909237,DB909237,2026-08-05T09:49:24+00:00,2026-09-29T23:36:46.215825+00:00,nur Zeit geändert
Apps/FrameServer/VapourSynth/python314.zip,4138882,4138882,57B1CF96,57B1CF96,2026-08-05T09:49:42+00:00,2026-09-29T23:36:24.975435+00:00,nur Zeit geändert
Apps/FrameServer/VapourSynth/pythonw.exe,104672,104672,B0B60D10,B0B60D10,2026-08-05T09:49:22+00:00,2026-09-29T23:36:46.225094+00:00,nur Zeit geändert
Apps/FrameServer/VapourSynth/select.pyd,33504,33504,A7D38ED9,A7D38ED9,2026-08-05T09:49:22+00:00,2026-09-29T23:36:24.981702+00:00,nur Zeit geändert
Apps/FrameServer/VapourSynth/sqlite3.dll,1584864,1584864,24D5D68A,24D5D68A,2026-08-05T09:49:24+00:00,2026-09-29T23:36:46.243825+00:00,nur Zeit geändert
Apps/FrameServer/VapourSynth/unicodedata.pyd,759008,759008,64336D9D,64336D9D,2026-08-05T09:49:24+00:00,2026-09-29T23:36:24.987433+00:00,nur Zeit geändert
Apps/FrameServer/VapourSynth/vcruntime140.dll,178616,178616,92723758,92723758,2026-08-05T09:49:22+00:00,2026-09-29T23:36:46.247825+00:00,nur Zeit geändert
Apps/FrameServer/VapourSynth/vcruntime140_1.dll,50112,50112,9181EF53,9181EF53,2026-08-05T09:49:22+00:00,2026-09-29T23:36:46.251312+00:00,nur Zeit geändert
Apps/FrameServer/VapourSynth/vs-temp-dl/get-pip.py,2230488,2230488,87558D89,87558D89,2026-09-26T10:43:00.109436+00:00,2026-09-29T23:36:25.107436+00:00,nur Zeit geändert
Apps/FrameServer/VapourSynth/vs-temp-dl/python-3.14.7-embed-amd64.zip,12673227,12673227,2CA199B5,2CA199B5,2026-09-26T10:42:12.639318+00:00,2026-09-29T23:36:25.163438+00:00,nur Zeit geändert
Apps/FrameServer/VapourSynth/vs-temp-dl/VapourSynth64-Portable-R79.zip,23160674,23160674,1029B685,1029B685,2026-09-26T10:42:56.012676+00:00,2026-09-29T23:36:25.043436+00:00,nur Zeit geändert
Apps/FrameServer/VapourSynth/vspipe.bat,62,62,4560980E,4560980E,2026-08-07T06:49:04+00:00,2026-09-29T23:36:25.175668+00:00,nur Zeit geändert
Apps/FrameServer/VapourSynth/wheel/vapoursynth-79-cp312-abi3-win_amd64.whl,15157546,15157546,A425F366,A425F366,2026-08-07T06:53:04+00:00,2026-09-29T23:36:25.371443+00:00,nur Zeit geändert
Apps/FrameServer/VapourSynth/winsound.pyd,32992,32992,F8CF93F2,F8CF93F2,2026-08-05T09:49:22+00:00,2026-09-29T23:36:25.384579+00:00,nur Zeit geändert
Apps/FrameServer/VirtualDub2/frameserver64.reg,1296,1296,69510F24,69510F24,2019-01-01T20:42:08.306763+00:00,2026-09-29T23:36:25.385054+00:00,nur Zeit geändert
Apps/FrameServer/VirtualDub2/Readme.txt,416,416,97139FD8,97139FD8,2020-05-05T20:32:13.062396+00:00,2026-09-29T23:36:25.384859+00:00,nur Zeit geändert
Apps/FrameServer/VirtualDub2/vdremote64.dll,62464,62464,D86C06B4,D86C06B4,2019-01-01T20:42:08.306763+00:00,2026-09-29T23:36:46.252323+00:00,nur Zeit geändert
Apps/FrameServer/VirtualDub2/vdsvrlnk64.dll,50176,50176,92665D39,92665D39,2019-01-01T20:42:08.322384+00:00,2026-09-29T23:36:46.252816+00:00,nur Zeit geändert
Apps/NextGen-0.02-Info.txt,1013,1013,902527AD,902527AD,2026-09-28T05:48:23.940425+00:00,2026-09-29T23:36:25.385273+00:00,nur Zeit geändert
Apps/NextGen-0.07-Info.txt,1664,1664,A1437FA1,A1437FA1,2026-09-28T11:34:06.954883+00:00,2026-09-29T23:36:25.385457+00:00,nur Zeit geändert
Apps/Plugins/AVS/D2VSource/D2VSource.dll,301568,301568,E3415A50,E3415A50,2022-05-15T06:43:55.245667+00:00,2026-09-29T23:36:46.255260+00:00,nur Zeit geändert
Apps/Plugins/AVS/DSS2Mod/avss.dll,193536,193536,5BD42710,5BD42710,2019-01-01T20:42:04.180507+00:00,2026-09-29T23:36:46.257734+00:00,nur Zeit geändert
Apps/Plugins/AVS/NicAudio/LICENSE,18431,18431,A6D3A2F5,A6D3A2F5,2023-02-22T09:25:22+00:00,2026-09-29T23:36:25.385942+00:00,nur Zeit geändert
Apps/Plugins/AVS/NicAudio/NicAudio_x64.dll,817152,817152,02B8B7DA,02B8B7DA,2023-02-22T16:29:15.016584+00:00,2026-09-29T23:36:46.263825+00:00,nur Zeit geändert
Apps/Plugins/AVS/NicAudio/Readme.txt,4878,4878,6D4E9FDB,6D4E9FDB,2012-08-30T14:33:42+00:00,2026-09-29T23:36:25.386240+00:00,nur Zeit geändert
Apps/Plugins/AVS/NicAudio/Readme_uNicAudio.txt,3624,3624,B8304F48,B8304F48,2012-08-30T14:24:58+00:00,2026-09-29T23:36:25.386459+00:00,nur Zeit geändert
Apps/Plugins/AVS/NicAudio/uNicAudio_x64.dll,458240,458240,185028BA,185028BA,2023-02-22T17:03:09.580198+00:00,2026-09-29T23:36:46.267825+00:00,nur Zeit geändert
Apps/Plugins/Dual/BestSource/BestSource.dll,27867648,27867648,67A6F8A8,67A6F8A8,2026-08-18T19:45:53+00:00,2026-09-29T23:36:46.607832+00:00,nur Zeit geändert
Apps/Plugins/Dual/BestSource/LICENSE,1098,1098,1EBE81B0,1EBE81B0,2024-04-12T14:33:44.245912+00:00,2026-09-29T23:36:25.386686+00:00,nur Zeit geändert
Apps/Plugins/Dual/BestSource/README.md,10889,10889,DA475764,DA475764,2026-04-06T09:47:02.057566+00:00,2026-09-29T23:36:25.386980+00:00,nur Zeit geändert
Apps/Plugins/Dual/FFMS2/COPYING,1512,1512,E55078DC,E55078DC,2026-05-28T19:32:33.501320+00:00,2026-09-29T23:36:25.387220+00:00,nur Zeit geändert
Apps/Plugins/Dual/FFMS2/COPYING.GPLv3,35147,35147,6677F57C,6677F57C,2021-08-14T16:29:41.227360+00:00,2026-09-29T23:36:25.387662+00:00,nur Zeit geändert
Apps/Plugins/Dual/FFMS2/ffms2-api.md,71919,71919,CADB3ED0,CADB3ED0,2026-05-28T20:59:40.062176+00:00,2026-09-29T23:36:25.388404+00:00,nur Zeit geändert
Apps/Plugins/Dual/FFMS2/ffms2-avisynth.md,25889,25889,81A6792B,81A6792B,2026-09-16T18:43:02.181416+00:00,2026-09-29T23:36:25.389020+00:00,nur Zeit geändert
Apps/Plugins/Dual/FFMS2/ffms2-changelog.md,30615,30615,5959BBE8,5959BBE8,2026-09-16T18:43:02.181912+00:00,2026-09-29T23:36:25.389526+00:00,nur Zeit geändert
Apps/Plugins/Dual/FFMS2/ffms2-vapoursynth.md,11596,11596,31AC39CA,31AC39CA,2026-05-28T20:59:40.063664+00:00,2026-09-29T23:36:25.389748+00:00,nur Zeit geändert
Apps/Plugins/Dual/FFMS2/ffms2.dll,21094912,21094912,2D02377C,2D02377C,2026-09-21T02:06:51.050224+00:00,2026-09-29T23:36:46.871838+00:00,nur Zeit geändert
Apps/Plugins/Dual/FFMS2/ffmsindex.exe,59392,59392,3EEF8F38,3EEF8F38,2026-09-21T02:06:51.238233+00:00,2026-09-29T23:36:46.888060+00:00,nur Zeit geändert
Apps/Plugins/Dual/L-Smash-Works/LICENSE,1627,1627,D4D0AEB2,D4D0AEB2,2025-02-06T06:34:32.439624+00:00,2026-09-29T23:36:25.390033+00:00,nur Zeit geändert
Apps/Plugins/Dual/L-Smash-Works/LSMASHSource.dll,23043072,23043072,AEC0D149,AEC0D149,2026-08-23T22:17:56.429846+00:00,2026-09-29T23:36:47.159843+00:00,nur Zeit geändert
Apps/Plugins/Dual/L-Smash-Works/LSMASHSource_indexing.exe,21321728,21321728,D1575287,D1575287,2026-08-23T22:17:56.679820+00:00,2026-09-29T23:36:47.427849+00:00,nur Zeit geändert
Apps/Plugins/Dual/L-Smash-Works/README_AviSynth.md,23536,23536,8AB47698,8AB47698,2026-02-09T17:50:58.615648+00:00,2026-09-29T23:36:25.390499+00:00,nur Zeit geändert
Apps/Plugins/Dual/L-Smash-Works/README_VapourSynth.md,12846,12846,8DD51296,8DD51296,2026-02-09T17:52:11.111833+00:00,2026-09-29T23:36:25.390740+00:00,nur Zeit geändert
Apps/Plugins/VS/avisource/avisource.dll,100864,100864,D3433A29,D3433A29,2021-09-11T18:04:45.325222+00:00,2026-09-29T23:36:47.867934+00:00,nur Zeit geändert
Apps/Plugins/VS/avisource/avisource.rst,808,808,C40AFABA,C40AFABA,2021-09-09T13:39:16.496908+00:00,2026-09-29T23:36:25.390972+00:00,nur Zeit geändert
Apps/Plugins/VS/d2vsource/d2vsource.dll,15790080,15790080,CBBB0B6F,CBBB0B6F,2023-10-09T16:16:54.861051+00:00,2026-09-29T23:36:48.051859+00:00,nur Zeit geändert
Apps/Plugins/VS/LSmashSource/libvslsmashsource.dll,18297856,18297856,AD04E73F,AD04E73F,2022-10-09T07:15:43+00:00,2026-09-29T23:36:47.683852+00:00,nur Zeit geändert
Apps/Plugins/VS/LSmashSource/vslsmashsource.dll,14153728,14153728,343D47D5,343D47D5,2017-02-24T02:39:34.353004+00:00,2026-09-29T23:36:47.855856+00:00,nur Zeit geändert
Apps/Plugins/VS/vsAvsReader/readme.txt,3130,3130,0253A746,0253A746,2019-01-01T20:42:06.539328+00:00,2026-09-29T23:36:25.391230+00:00,nur Zeit geändert
Apps/Plugins/VS/vsAvsReader/vsavsreader.dll,40960,40960,5FFF2F2A,5FFF2F2A,2019-01-01T20:42:06.539328+00:00,2026-09-29T23:36:48.063667+00:00,nur Zeit geändert
Apps/Plugins/VS/vsRawSource/readme.rst,2025,2025,BF737D1F,BF737D1F,2019-01-01T20:42:06.617433+00:00,2026-09-29T23:36:25.391440+00:00,nur Zeit geändert
Apps/Plugins/VS/vsRawSource/vsrawsource.dll,31744,31744,B461B8C9,B461B8C9,2019-01-01T20:42:06.617433+00:00,2026-09-29T23:36:48.064320+00:00,nur Zeit geändert
Apps/Subtitles/BDSup2Sub++/bdsup2sub++.exe,6910976,6910976,0C389E4D,0C389E4D,2018-05-09T16:25:35+00:00,2026-09-29T23:36:48.139860+00:00,nur Zeit geändert
Apps/Subtitles/VSRip/VSRip.exe,784384,784384,B8771D43,B8771D43,2011-07-14T17:26:14+00:00,2026-09-29T23:36:48.155860+00:00,nur Zeit geändert
Apps/Support/7zip/7za.exe,1152000,1152000,87AF626E,87AF626E,2019-02-21T16:00:00+00:00,2026-09-29T23:36:48.175860+00:00,nur Zeit geändert
Apps/Support/7zip/License.txt,3990,3990,3F093797,3F093797,2019-01-09T10:15:56.281249+00:00,2026-09-29T23:36:25.391768+00:00,nur Zeit geändert
Apps/Support/AutoCrop/AutoCrop.exe,25600,25600,0AD930D8,0AD930D8,2026-01-24T05:17:52.991302+00:00,2026-09-29T23:36:48.188251+00:00,nur Zeit geändert
Apps/Support/AutoCrop/AutoCrop.exe.config,187,187,78470D04,78470D04,2026-01-24T05:17:52.226120+00:00,2026-09-29T23:36:25.395008+00:00,nur Zeit geändert
Apps/Support/AutoCrop/AutoCrop.pdb,77312,77312,8770305F,8770305F,2026-01-24T05:17:52.991302+00:00,2026-09-29T23:36:25.395643+00:00,nur Zeit geändert
Apps/Support/avs2pipemod/avs2pipemod64.exe,63488,63488,EB6EDCFC,EB6EDCFC,2021-02-04T10:15:32.783084+00:00,2026-09-29T23:36:51.307427+00:00,nur Zeit geändert
Apps/Support/AVSMeter/AVSMeter64.exe,606720,606720,E87811FD,E87811FD,2021-03-31T17:12:46.151603+00:00,2026-09-29T23:36:48.183860+00:00,nur Zeit geändert
Apps/Support/AVSMeter/doc/avsinfo.png,44783,44783,3D7A110C,3D7A110C,2020-09-22T18:04:45.970856+00:00,2026-09-29T23:36:25.393398+00:00,nur Zeit geändert
Apps/Support/AVSMeter/doc/AVSMeter.html,12748,12748,C25E8DCB,C25E8DCB,2020-11-16T19:13:29.730123+00:00,2026-09-29T23:36:25.392118+00:00,nur Zeit geändert
Apps/Support/AVSMeter/doc/avsmeter.png,31485,31485,D021E3F4,D021E3F4,2020-09-22T18:04:55.954872+00:00,2026-09-29T23:36:25.394403+00:00,nur Zeit geändert
Apps/Support/AVSMeter/doc/history.txt,18711,18711,DC6CDCA6,DC6CDCA6,2021-03-31T17:11:37.917201+00:00,2026-09-29T23:36:25.394795+00:00,nur Zeit geändert
Apps/Support/chapterEditor/change_eng.txt,825,825,82B30827,82B30827,2024-10-20T14:35:17.784000+00:00,2026-09-29T23:36:26.113067+00:00,nur Zeit geändert
Apps/Support/chapterEditor/change_ger.txt,944,944,D55FEC15,D55FEC15,2024-10-20T14:33:08.289000+00:00,2026-09-29T23:36:26.113292+00:00,nur Zeit geändert
Apps/Support/chapterEditor/chapterEditor.exe,6681600,6681600,A1988FC5,A1988FC5,2024-10-20T13:03:20.304001+00:00,2026-09-29T23:36:51.371920+00:00,nur Zeit geändert
Apps/Support/chapterEditor/Data/DVD/dummy.idx,1112,1112,F98EF020,F98EF020,2017-06-03T23:04:59.516838+00:00,2026-09-29T23:36:26.111902+00:00,nur Zeit geändert
Apps/Support/chapterEditor/Data/DVD/dummy.sub,2048,2048,8E5EC134,8E5EC134,2017-06-03T23:04:59.517840+00:00,2026-09-29T23:36:26.112124+00:00,nur Zeit geändert
Apps/Support/chapterEditor/Ico/cE_16.ico,1086,1086,7CD7BA95,7CD7BA95,2017-01-24T21:20:13.227472+00:00,2026-09-29T23:36:26.112332+00:00,nur Zeit geändert
Apps/Support/chapterEditor/Ico/cE_16.png,330,330,E08AC134,E08AC134,2017-01-24T21:26:34.718294+00:00,2026-09-29T23:36:26.112512+00:00,nur Zeit geändert
Apps/Support/chapterEditor/Ico/cE_32.ico,8348,8348,B2408A58,B2408A58,2017-01-24T21:34:43.840270+00:00,2026-09-29T23:36:26.112697+00:00,nur Zeit geändert
Apps/Support/chapterEditor/Ico/cE_32.png,373,373,62CCB8B1,62CCB8B1,2017-01-24T21:35:24.837616+00:00,2026-09-29T23:36:26.112884+00:00,nur Zeit geändert
Apps/Support/chapterEditor/languages/bcp_47_rs.de.po,7921,7921,FEB503C9,FEB503C9,2022-10-21T21:16:33.634800+00:00,2026-09-29T23:36:26.113550+00:00,nur Zeit geändert
Apps/Support/chapterEditor/languages/bcp_47_rs.en.po,7697,7697,D57CA22A,D57CA22A,2022-10-21T21:16:33.634800+00:00,2026-09-29T23:36:26.113737+00:00,nur Zeit geändert
Apps/Support/chapterEditor/languages/bcp_47_rs.it.po,7393,7393,614F853D,614F853D,2022-11-19T16:01:00.670803+00:00,2026-09-29T23:36:26.113985+00:00,nur Zeit geändert
Apps/Support/chapterEditor/languages/bcp_47_rs.po,4909,4909,43E82AC3,43E82AC3,2022-10-21T21:16:33.635800+00:00,2026-09-29T23:36:26.114276+00:00,nur Zeit geändert
Apps/Support/chapterEditor/languages/bcp_47_rs.zh-cn.po,6911,6911,60015AAD,60015AAD,2024-04-19T20:23:47.972299+00:00,2026-09-29T23:36:26.114486+00:00,nur Zeit geändert
Apps/Support/chapterEditor/languages/chapterEditor.de.po,194937,194937,1D880223,1D880223,2024-10-20T13:03:48.263000+00:00,2026-09-29T23:36:26.116003+00:00,nur Zeit geändert
Apps/Support/chapterEditor/languages/chapterEditor.en.po,127283,127283,26D602AF,26D602AF,2024-10-20T13:03:48.264000+00:00,2026-09-29T23:36:26.116768+00:00,nur Zeit geändert
Apps/Support/chapterEditor/languages/chapterEditor.it.po,192990,192990,23303A87,23303A87,2024-09-24T18:19:16.809700+00:00,2026-09-29T23:36:26.118256+00:00,nur Zeit geändert
Apps/Support/chapterEditor/languages/chapterEditor.po,127051,127051,98C87FFC,98C87FFC,2024-10-20T13:03:48.266000+00:00,2026-09-29T23:36:26.118596+00:00,nur Zeit geändert
Apps/Support/chapterEditor/languages/chapterEditor.zh-cn.po,175289,175289,560DF37E,560DF37E,2024-09-14T00:55:04.180603+00:00,2026-09-29T23:36:26.119721+00:00,nur Zeit geändert
Apps/Support/DgMpgDec/Bugs_Limitations.txt,1129,1129,25CC3CA3,25CC3CA3,2009-11-05T15:39:26+00:00,2026-09-29T23:36:25.395881+00:00,nur Zeit geändert
Apps/Support/DgMpgDec/COPYING.txt,18332,18332,E253DA7B,E253DA7B,2002-05-10T21:55:54+00:00,2026-09-29T23:36:25.396060+00:00,nur Zeit geändert
Apps/Support/DgMpgDec/DGDecode.dll,298496,298496,2C0CC138,2C0CC138,2025-08-09T12:12:23.745651+00:00,2026-09-29T23:36:48.190929+00:00,nur Zeit geändert
Apps/Support/DgMpgDec/DGDecodeManual.html,29274,29274,9AB20AC9,9AB20AC9,2025-08-09T12:31:43.059171+00:00,2026-09-29T23:36:25.396496+00:00,nur Zeit geändert
Apps/Support/DgMpgDec/DGIndex.exe,993792,993792,AE503FFB,AE503FFB,2025-08-09T12:06:57.555942+00:00,2026-09-29T23:36:48.199860+00:00,nur Zeit geändert
Apps/Support/DgMpgDec/DGIndexManual.html,100373,100373,2B72EA98,2B72EA98,2025-08-09T12:32:32.434808+00:00,2026-09-29T23:36:25.397500+00:00,nur Zeit geändert
Apps/Support/DgMpgDec/FrameProperties.txt,3087,3087,F9EEB803,F9EEB803,2022-05-08T10:58:43.798900+00:00,2026-09-29T23:36:25.397776+00:00,nur Zeit geändert
Apps/Support/DgMpgDec/FullChanges.html,45851,45851,65021ECC,65021ECC,2025-08-09T12:28:34.242460+00:00,2026-09-29T23:36:25.398412+00:00,nur Zeit geändert
Apps/Support/DgMpgDec/QuickStart.html,6738,6738,DCB20AC6,DCB20AC6,2020-12-19T15:46:14.558356+00:00,2026-09-29T23:36:25.398689+00:00,nur Zeit geändert
Apps/Support/DoVi_Tool/dovi_tool.exe,3356672,3356672,60E51452,60E51452,2026-09-09T23:59:05.670913+00:00,2026-09-29T23:36:48.243862+00:00,nur Zeit geändert
Apps/Support/DoViSplit/DoViSplit.exe,122368,122368,74B433D6,74B433D6,2025-05-24T13:46:41.357582+00:00,2026-09-29T23:36:48.205459+00:00,nur Zeit geändert
Apps/Support/Err/Err.exe,2294520,2294520,13CB139D,13CB139D,2020-03-08T00:01:06.582652+00:00,2026-09-29T23:36:48.267864+00:00,nur Zeit geändert
Apps/Support/FFTW/libfftw3-3.dll,1967616,1967616,937D68F5,937D68F5,2023-06-12T15:40:31.760158+00:00,2026-09-29T23:36:48.299864+00:00,nur Zeit geändert
Apps/Support/FFTW/libfftw3f-3.dll,2087424,2087424,2CACD335,2CACD335,2023-06-12T15:43:08.879604+00:00,2026-09-29T23:36:48.335865+00:00,nur Zeit geändert
Apps/Support/FFTW/libfftw3l-3.dll,1437983,1437983,2B411911,2B411911,2021-10-15T19:29:38.132188+00:00,2026-09-29T23:36:48.351864+00:00,nur Zeit geändert
Apps/Support/HDR10Plus_Tool/hdr10plus_tool.exe,2331648,2331648,2D03AA77,2D03AA77,2025-12-27T16:59:26.857160+00:00,2026-09-29T23:36:48.375865+00:00,nur Zeit geändert
Apps/Support/ManagedCuda/ManagedCuda.dll,1498624,1498624,341F3DF5,341F3DF5,2024-04-08T16:40:11.089107+00:00,2026-09-29T23:36:50.787910+00:00,nur Zeit geändert
Apps/Support/MediaInfo.NET/Changes.txt,9800,9800,75DA5F6D,75DA5F6D,2023-11-30T13:27:58+00:00,2026-09-29T23:36:25.691934+00:00,nur Zeit geändert
Apps/Support/MediaInfo.NET/Developers/Changes.txt,10116,10116,F88837C2,F88837C2,2026-05-11T19:21:29+00:00,2026-09-29T23:36:25.692195+00:00,nur Zeit geändert
Apps/Support/MediaInfo.NET/Developers/Contrib/ActiveX/Example/HowToUse_ActiveX.htm,3477,3477,3908CF5A,3908CF5A,2026-05-11T19:21:29+00:00,2026-09-29T23:36:25.692481+00:00,nur Zeit geändert
Apps/Support/MediaInfo.NET/Developers/Contrib/ActiveX/Example/HowToUse_ActiveX.vbs,2771,2771,CFC0F37E,CFC0F37E,2026-05-11T19:21:29+00:00,2026-09-29T23:36:25.692699+00:00,nur Zeit geändert
Apps/Support/MediaInfo.NET/Developers/Contrib/ActiveX/Project/ActiveX.cls,6262,6262,4C4B72ED,4C4B72ED,2026-05-11T19:21:29+00:00,2026-09-29T23:36:25.692932+00:00,nur Zeit geändert
Apps/Support/MediaInfo.NET/Developers/Contrib/ActiveX/Project/MediaInfo.vbp,877,877,70358FAC,70358FAC,2026-05-11T19:21:29+00:00,2026-09-29T23:36:25.693177+00:00,nur Zeit geändert
Apps/Support/MediaInfo.NET/Developers/Contrib/ActiveX/Release/MediaInfoActiveX.dll,22016,22016,41A75159,41A75159,2026-05-11T19:21:29+00:00,2026-09-29T23:36:50.793142+00:00,nur Zeit geändert
Apps/Support/MediaInfo.NET/Developers/Contrib/ActiveX/Release/MediaInfoActiveX_Install.bat,287,287,F0505B0E,F0505B0E,2026-05-11T19:21:29+00:00,2026-09-29T23:36:25.693385+00:00,nur Zeit geändert
Apps/Support/MediaInfo.NET/Developers/Contrib/ActiveX/Release/MediaInfoActiveX_UnInstall.bat,327,327,F7145691,F7145691,2026-05-11T19:21:29+00:00,2026-09-29T23:36:25.693571+00:00,nur Zeit geändert
Apps/Support/MediaInfo.NET/Developers/Contrib/ActiveX/Release/ReadMe.txt,559,559,713E9229,713E9229,2026-05-11T19:21:29+00:00,2026-09-29T23:36:25.693856+00:00,nur Zeit geändert
Apps/Support/MediaInfo.NET/Developers/Contrib/ExcelVBA/Example.xlsm,63440,63440,47964239,47964239,2026-05-11T19:21:29+00:00,2026-09-29T23:36:25.695510+00:00,nur Zeit geändert
Apps/Support/MediaInfo.NET/Developers/Contrib/ExcelVBA/HowTo.html,1165,1165,742E0343,742E0343,2026-05-11T19:21:29+00:00,2026-09-29T23:36:25.695865+00:00,nur Zeit geändert
Apps/Support/MediaInfo.NET/Developers/Contrib/ExcelVBA/image001.png,90755,90755,015996A9,015996A9,2026-05-11T19:21:29+00:00,2026-09-29T23:36:25.698179+00:00,nur Zeit geändert
Apps/Support/MediaInfo.NET/Developers/Contrib/ExcelVBA/image002.png,63326,63326,8C701E33,8C701E33,2026-05-11T19:21:29+00:00,2026-09-29T23:36:25.699920+00:00,nur Zeit geändert
Apps/Support/MediaInfo.NET/Developers/Contrib/ExcelVBA/image003.png,56501,56501,1E9DA376,1E9DA376,2026-05-11T19:21:29+00:00,2026-09-29T23:36:25.701409+00:00,nur Zeit geändert
Apps/Support/MediaInfo.NET/Developers/Contrib/ExcelVBA/image004.png,104501,104501,78D4B7F0,78D4B7F0,2026-05-11T19:21:29+00:00,2026-09-29T23:36:25.704056+00:00,nur Zeit geändert
Apps/Support/MediaInfo.NET/Developers/Contrib/ExcelVBA/image005.png,93533,93533,F695141A,F695141A,2026-05-11T19:21:29+00:00,2026-09-29T23:36:25.706473+00:00,nur Zeit geändert
Apps/Support/MediaInfo.NET/Developers/Contrib/MSVB5/Example/HowToUse_Dll.frm,4397,4397,5E520FF0,5E520FF0,2026-05-11T19:21:29+00:00,2026-09-29T23:36:25.706828+00:00,nur Zeit geändert
Apps/Support/MediaInfo.NET/Developers/Contrib/MSVB5/Example/HowToUse_Dll.vbp,577,577,2B256222,2B256222,2026-05-11T19:21:29+00:00,2026-09-29T23:36:25.707048+00:00,nur Zeit geändert
Apps/Support/MediaInfo.NET/Developers/Contrib/MSVB5/Include/MediaInfoDLL.bas,3994,3994,82E827FA,82E827FA,2026-05-11T19:21:29+00:00,2026-09-29T23:36:25.707316+00:00,nur Zeit geändert
Apps/Support/MediaInfo.NET/Developers/Contrib/Node.js/mimovie/.gitignore,117,117,00ABDE93,00ABDE93,2026-05-11T19:21:29+00:00,2026-09-29T23:36:25.707534+00:00,nur Zeit geändert
Apps/Support/MediaInfo.NET/Developers/Contrib/Node.js/mimovie/.npmignore,26,26,63A4AF85,63A4AF85,2026-05-11T19:21:29+00:00,2026-09-29T23:36:25.707718+00:00,nur Zeit geändert
Apps/Support/MediaInfo.NET/Developers/Contrib/Node.js/mimovie/example.js,234,234,7A1D6C6C,7A1D6C6C,2026-05-11T19:21:29+00:00,2026-09-29T23:36:25.708531+00:00,nur Zeit geändert
Apps/Support/MediaInfo.NET/Developers/Contrib/Node.js/mimovie/lib/media_json.txt,1288,1288,27A68EAB,27A68EAB,2026-05-11T19:21:29+00:00,2026-09-29T23:36:25.708742+00:00,nur Zeit geändert
Apps/Support/MediaInfo.NET/Developers/Contrib/Node.js/mimovie/lib/mimovie.js,1316,1316,C5883CB2,C5883CB2,2026-05-11T19:21:29+00:00,2026-09-29T23:36:25.708972+00:00,nur Zeit geändert
Apps/Support/MediaInfo.NET/Developers/Contrib/Node.js/mimovie/LICENSE,1078,1078,D1742E98,D1742E98,2026-05-11T19:21:29+00:00,2026-09-29T23:36:25.707920+00:00,nur Zeit geändert
Apps/Support/MediaInfo.NET/Developers/Contrib/Node.js/mimovie/package.json,3983,3983,392B81CF,392B81CF,2026-05-11T19:21:29+00:00,2026-09-29T23:36:25.709217+00:00,nur Zeit geändert
Apps/Support/MediaInfo.NET/Developers/Contrib/Node.js/mimovie/README.md,3094,3094,E26FACD3,E26FACD3,2026-05-11T19:21:29+00:00,2026-09-29T23:36:25.708150+00:00,nur Zeit geändert
Apps/Support/MediaInfo.NET/Developers/Contrib/Node.js/mimovie/Website.url,58,58,0D4AE24E,0D4AE24E,2026-05-11T19:21:29+00:00,2026-09-29T23:36:25.708348+00:00,nur Zeit geändert
Apps/Support/MediaInfo.NET/Developers/Contrib/Node.js/node-mediainfo/.gitignore,14,14,D1DC1D99,D1DC1D99,2026-05-11T19:21:29+00:00,2026-09-29T23:36:25.709417+00:00,nur Zeit geändert
Apps/Support/MediaInfo.NET/Developers/Contrib/Node.js/node-mediainfo/example.js,241,241,B7D7E165,B7D7E165,2026-05-11T19:21:29+00:00,2026-09-29T23:36:25.710286+00:00,nur Zeit geändert
Apps/Support/MediaInfo.NET/Developers/Contrib/Node.js/node-mediainfo/lib/mediainfo.js,1868,1868,FE2782C3,FE2782C3,2026-05-11T19:21:29+00:00,2026-09-29T23:36:25.710507+00:00,nur Zeit geändert
Apps/Support/MediaInfo.NET/Developers/Contrib/Node.js/node-mediainfo/LICENSE.md,1535,1535,66C0CF53,66C0CF53,2026-05-11T19:21:29+00:00,2026-09-29T23:36:25.709619+00:00,nur Zeit geändert
Apps/Support/MediaInfo.NET/Developers/Contrib/Node.js/node-mediainfo/package.json,728,728,E621DF1E,E621DF1E,2026-05-11T19:21:29+00:00,2026-09-29T23:36:25.710950+00:00,nur Zeit geändert
Apps/Support/MediaInfo.NET/Developers/Contrib/Node.js/node-mediainfo/README.md,3382,3382,CC583CA4,CC583CA4,2026-05-11T19:21:29+00:00,2026-09-29T23:36:25.709827+00:00,nur Zeit geändert
Apps/Support/MediaInfo.NET/Developers/Contrib/Node.js/node-mediainfo/Website.url,66,66,732BC137,732BC137,2026-05-11T19:21:29+00:00,2026-09-29T23:36:25.710065+00:00,nur Zeit geändert
Apps/Support/MediaInfo.NET/Developers/Doc/_media_info_8h_source.html,22662,22662,21FF3CEB,21FF3CEB,2026-05-11T20:13:54.769731+00:00,2026-09-29T23:36:25.711296+00:00,nur Zeit geändert
Apps/Support/MediaInfo.NET/Developers/Doc/_media_info___const_8h_source.html,23861,23861,E971A1B0,E971A1B0,2026-05-11T20:13:54.773731+00:00,2026-09-29T23:36:25.711577+00:00,nur Zeit geändert
Apps/Support/MediaInfo.NET/Developers/Doc/_media_info_d_l_l_8h_source.html,113991,113991,F73C39BB,F73C39BB,2026-05-11T20:13:54.789758+00:00,2026-09-29T23:36:25.712060+00:00,nur Zeit geändert
Apps/Support/MediaInfo.NET/Developers/Doc/_media_info_list_8h_source.html,24601,24601,2CC816DF,2CC816DF,2026-05-11T20:13:54.794734+00:00,2026-09-29T23:36:25.712364+00:00,nur Zeit geändert
Apps/Support/MediaInfo.NET/Developers/Doc/annotated.html,3697,3697,D468175B,D468175B,2026-05-11T20:13:54.848750+00:00,2026-09-29T23:36:25.712574+00:00,nur Zeit geändert
Apps/Support/MediaInfo.NET/Developers/Doc/bc_s.png,676,676,32F8CA69,32F8CA69,2026-05-11T20:13:54.726745+00:00,2026-09-29T23:36:25.712771+00:00,nur Zeit geändert
Apps/Support/MediaInfo.NET/Developers/Doc/bdwn.png,147,147,5BA1A1E9,5BA1A1E9,2026-05-11T20:13:54.736734+00:00,2026-09-29T23:36:25.712945+00:00,nur Zeit geändert
Apps/Support/MediaInfo.NET/Developers/Doc/class_media_info_lib_1_1_media_info-members.html,9992,9992,D7338588,D7338588,2026-05-11T20:13:54.837736+00:00,2026-09-29T23:36:25.713198+00:00,nur Zeit geändert
Apps/Support/MediaInfo.NET/Developers/Doc/class_media_info_lib_1_1_media_info.html,54781,54781,424616EA,424616EA,2026-05-11T20:13:54.835739+00:00,2026-09-29T23:36:25.713540+00:00,nur Zeit geändert
Apps/Support/MediaInfo.NET/Developers/Doc/class_media_info_lib_1_1_media_info_list-members.html,9843,9843,AF43F816,AF43F816,2026-05-11T20:13:54.815736+00:00,2026-09-29T23:36:25.713771+00:00,nur Zeit geändert
Apps/Support/MediaInfo.NET/Developers/Doc/class_media_info_lib_1_1_media_info_list.html,54542,54542,6AFA2537,6AFA2537,2026-05-11T20:13:54.813736+00:00,2026-09-29T23:36:25.714156+00:00,nur Zeit geändert
Apps/Support/MediaInfo.NET/Developers/Doc/classes.html,3060,3060,8C4D2B13,8C4D2B13,2026-05-11T20:13:54.849737+00:00,2026-09-29T23:36:25.714416+00:00,nur Zeit geändert
Apps/Support/MediaInfo.NET/Developers/Doc/closed.png,132,132,D308246E,D308246E,2026-05-11T20:13:54.734758+00:00,2026-09-29T23:36:25.714603+00:00,nur Zeit geändert
Apps/Support/MediaInfo.NET/Developers/Doc/dir_04ac3ca04e7df05c28b97e8a54b78cec.html,3138,3138,C16E74F0,C16E74F0,2026-05-11T20:13:54.838768+00:00,2026-09-29T23:36:25.714782+00:00,nur Zeit geändert
Apps/Support/MediaInfo.NET/Developers/Doc/dir_1948383ebc858d7498bcb23a8a53c434.html,2532,2532,907FF11A,907FF11A,2026-05-11T20:13:54.839737+00:00,2026-09-29T23:36:25.715062+00:00,nur Zeit geändert
Apps/Support/MediaInfo.NET/Developers/Doc/doxygen.css,20461,20461,A91693B2,A91693B2,2026-05-11T20:13:54.765731+00:00,2026-09-29T23:36:25.715459+00:00,nur Zeit geändert
Apps/Support/MediaInfo.NET/Developers/Doc/doxygen.png,3779,3779,668687C6,668687C6,2026-05-11T20:13:54.734758+00:00,2026-09-29T23:36:25.715742+00:00,nur Zeit geändert
Apps/Support/MediaInfo.NET/Developers/Doc/dynsections.js,2983,2983,39A438BF,39A438BF,2026-05-11T20:13:54.719744+00:00,2026-09-29T23:36:25.715939+00:00,nur Zeit geändert
Apps/Support/MediaInfo.NET/Developers/Doc/files.html,3246,3246,1362BC3C,1362BC3C,2026-05-11T20:13:54.852736+00:00,2026-09-29T23:36:25.716153+00:00,nur Zeit geändert
Apps/Support/MediaInfo.NET/Developers/Doc/ftv2blank.png,86,86,5A21A8FD,5A21A8FD,2026-05-11T20:13:54.741731+00:00,2026-09-29T23:36:25.716336+00:00,nur Zeit geändert
Apps/Support/MediaInfo.NET/Developers/Doc/ftv2cl.png,453,453,D8D45259,D8D45259,2026-05-11T20:13:54.750761+00:00,2026-09-29T23:36:25.716505+00:00,nur Zeit geändert
Apps/Support/MediaInfo.NET/Developers/Doc/ftv2doc.png,746,746,4E17D363,4E17D363,2026-05-11T20:13:54.743734+00:00,2026-09-29T23:36:25.716680+00:00,nur Zeit geändert
Apps/Support/MediaInfo.NET/Developers/Doc/ftv2folderclosed.png,616,616,9B95341F,9B95341F,2026-05-11T20:13:54.745763+00:00,2026-09-29T23:36:25.716889+00:00,nur Zeit geändert
Apps/Support/MediaInfo.NET/Developers/Doc/ftv2folderopen.png,597,597,DE51B957,DE51B957,2026-05-11T20:13:54.746732+00:00,2026-09-29T23:36:25.717097+00:00,nur Zeit geändert
Apps/Support/MediaInfo.NET/Developers/Doc/ftv2lastnode.png,86,86,5A21A8FD,5A21A8FD,2026-05-11T20:13:54.751736+00:00,2026-09-29T23:36:25.717281+00:00,nur Zeit geändert
Apps/Support/MediaInfo.NET/Developers/Doc/ftv2link.png,746,746,4E17D363,4E17D363,2026-05-11T20:13:54.752737+00:00,2026-09-29T23:36:25.717443+00:00,nur Zeit geändert
Apps/Support/MediaInfo.NET/Developers/Doc/ftv2mlastnode.png,246,246,DE4F84B2,DE4F84B2,2026-05-11T20:13:54.754756+00:00,2026-09-29T23:36:25.717612+00:00,nur Zeit geändert
Apps/Support/MediaInfo.NET/Developers/Doc/ftv2mnode.png,246,246,DE4F84B2,DE4F84B2,2026-05-11T20:13:54.755736+00:00,2026-09-29T23:36:25.717798+00:00,nur Zeit geändert
Apps/Support/MediaInfo.NET/Developers/Doc/ftv2mo.png,403,403,E912B5C1,E912B5C1,2026-05-11T20:13:54.749739+00:00,2026-09-29T23:36:25.718044+00:00,nur Zeit geändert
Apps/Support/MediaInfo.NET/Developers/Doc/ftv2node.png,86,86,5A21A8FD,5A21A8FD,2026-05-11T20:13:54.756732+00:00,2026-09-29T23:36:25.718244+00:00,nur Zeit geändert
Apps/Support/MediaInfo.NET/Developers/Doc/ftv2ns.png,388,388,C97ED53F,C97ED53F,2026-05-11T20:13:54.747734+00:00,2026-09-29T23:36:25.718420+00:00,nur Zeit geändert
Apps/Support/MediaInfo.NET/Developers/Doc/ftv2plastnode.png,229,229,26477B94,26477B94,2026-05-11T20:13:54.757734+00:00,2026-09-29T23:36:25.718585+00:00,nur Zeit geändert
Apps/Support/MediaInfo.NET/Developers/Doc/ftv2pnode.png,229,229,26477B94,26477B94,2026-05-11T20:13:54.758736+00:00,2026-09-29T23:36:25.718750+00:00,nur Zeit geändert
Apps/Support/MediaInfo.NET/Developers/Doc/ftv2splitbar.png,314,314,85603106,85603106,2026-05-11T20:13:54.760736+00:00,2026-09-29T23:36:25.718918+00:00,nur Zeit geändert
Apps/Support/MediaInfo.NET/Developers/Doc/ftv2vertline.png,86,86,5A21A8FD,5A21A8FD,2026-05-11T20:13:54.758736+00:00,2026-09-29T23:36:25.719108+00:00,nur Zeit geändert
Apps/Support/MediaInfo.NET/Developers/Doc/functions.html,8137,8137,4C5FC90A,4C5FC90A,2026-05-11T20:13:54.850736+00:00,2026-09-29T23:36:25.719307+00:00,nur Zeit geändert
Apps/Support/MediaInfo.NET/Developers/Doc/functions_func.html,8025,8025,BDA3344C,BDA3344C,2026-05-11T20:13:54.851737+00:00,2026-09-29T23:36:25.719486+00:00,nur Zeit geändert
Apps/Support/MediaInfo.NET/Developers/Doc/index.html,4503,4503,E4759985,E4759985,2026-05-11T20:13:54.841736+00:00,2026-09-29T23:36:25.719672+00:00,nur Zeit geändert
Apps/Support/MediaInfo.NET/Developers/Doc/jquery.js,93873,93873,4A7B9942,4A7B9942,2026-05-11T20:13:54.717827+00:00,2026-09-29T23:36:25.720816+00:00,nur Zeit geändert
Apps/Support/MediaInfo.NET/Developers/Doc/namespace_media_info_lib.html,21541,21541,BEA11E1C,BEA11E1C,2026-05-11T20:13:54.798736+00:00,2026-09-29T23:36:25.721148+00:00,nur Zeit geändert
Apps/Support/MediaInfo.NET/Developers/Doc/namespacemembers.html,7115,7115,8E78B6B3,8E78B6B3,2026-05-11T20:13:54.843734+00:00,2026-09-29T23:36:25.721371+00:00,nur Zeit geändert
Apps/Support/MediaInfo.NET/Developers/Doc/namespacemembers_enum.html,2965,2965,844782DB,844782DB,2026-05-11T20:13:54.845734+00:00,2026-09-29T23:36:25.721579+00:00,nur Zeit geändert
Apps/Support/MediaInfo.NET/Developers/Doc/namespacemembers_eval.html,5872,5872,B51D9826,B51D9826,2026-05-11T20:13:54.846732+00:00,2026-09-29T23:36:25.721752+00:00,nur Zeit geändert
Apps/Support/MediaInfo.NET/Developers/Doc/namespacemembers_type.html,3090,3090,DA7AEB07,DA7AEB07,2026-05-11T20:13:54.844734+00:00,2026-09-29T23:36:25.721963+00:00,nur Zeit geändert
Apps/Support/MediaInfo.NET/Developers/Doc/namespaces.html,2633,2633,0F6F6058,0F6F6058,2026-05-11T20:13:54.842736+00:00,2026-09-29T23:36:25.722179+00:00,nur Zeit geändert
Apps/Support/MediaInfo.NET/Developers/Doc/nav_f.png,153,153,97D328B5,97D328B5,2026-05-11T20:13:54.725734+00:00,2026-09-29T23:36:25.722353+00:00,nur Zeit geändert
Apps/Support/MediaInfo.NET/Developers/Doc/nav_g.png,95,95,8015BD94,8015BD94,2026-05-11T20:13:54.741731+00:00,2026-09-29T23:36:25.722516+00:00,nur Zeit geändert
Apps/Support/MediaInfo.NET/Developers/Doc/nav_h.png,98,98,A273B958,A273B958,2026-05-11T20:13:54.724736+00:00,2026-09-29T23:36:25.722683+00:00,nur Zeit geändert
Apps/Support/MediaInfo.NET/Developers/Doc/open.png,123,123,7807E382,7807E382,2026-05-11T20:13:54.735732+00:00,2026-09-29T23:36:25.722846+00:00,nur Zeit geändert
Apps/Support/MediaInfo.NET/Developers/Doc/sync_off.png,853,853,BA7ED4A5,BA7ED4A5,2026-05-11T20:13:54.740768+00:00,2026-09-29T23:36:25.723024+00:00,nur Zeit geändert
Apps/Support/MediaInfo.NET/Developers/Doc/sync_on.png,845,845,B91A4D5E,B91A4D5E,2026-05-11T20:13:54.738731+00:00,2026-09-29T23:36:25.723243+00:00,nur Zeit geändert
Apps/Support/MediaInfo.NET/Developers/Doc/tab_a.png,142,142,21EBAD54,21EBAD54,2026-05-11T20:13:54.721774+00:00,2026-09-29T23:36:25.723409+00:00,nur Zeit geändert
Apps/Support/MediaInfo.NET/Developers/Doc/tab_b.png,169,169,9D3DCDDE,9D3DCDDE,2026-05-11T20:13:54.721774+00:00,2026-09-29T23:36:25.723569+00:00,nur Zeit geändert
Apps/Support/MediaInfo.NET/Developers/Doc/tab_h.png,177,177,E7AC7F37,E7AC7F37,2026-05-11T20:13:54.722761+00:00,2026-09-29T23:36:25.723729+00:00,nur Zeit geändert
Apps/Support/MediaInfo.NET/Developers/Doc/tab_s.png,184,184,ACC2AF81,ACC2AF81,2026-05-11T20:13:54.723737+00:00,2026-09-29T23:36:25.723888+00:00,nur Zeit geändert
Apps/Support/MediaInfo.NET/Developers/Doc/tabs.css,1163,1163,38191915,38191915,2026-05-11T20:13:54.719744+00:00,2026-09-29T23:36:25.724060+00:00,nur Zeit geändert
Apps/Support/MediaInfo.NET/Developers/Documentation.html,138,138,67C3DCE8,67C3DCE8,2026-05-11T19:21:29+00:00,2026-09-29T23:36:25.724260+00:00,nur Zeit geändert
Apps/Support/MediaInfo.NET/Developers/Example.ogg,4855,4855,C2A1101B,C2A1101B,2026-05-11T19:21:29+00:00,2026-09-29T23:36:25.724502+00:00,nur Zeit geändert
Apps/Support/MediaInfo.NET/Developers/History.txt,169371,169371,650B5FE8,650B5FE8,2026-05-11T19:21:29+00:00,2026-09-29T23:36:25.726241+00:00,nur Zeit geändert
Apps/Support/MediaInfo.NET/Developers/License.html,4892,4892,1A9CA21D,1A9CA21D,2026-05-11T19:21:29+00:00,2026-09-29T23:36:25.726569+00:00,nur Zeit geändert
Apps/Support/MediaInfo.NET/Developers/List_Of_Parameters/Audio.csv,30501,30501,A710CEF8,A710CEF8,2026-05-11T19:21:29+00:00,2026-09-29T23:36:25.726915+00:00,nur Zeit geändert
Apps/Support/MediaInfo.NET/Developers/List_Of_Parameters/General.csv,29725,29725,901B2891,901B2891,2026-05-11T19:21:29+00:00,2026-09-29T23:36:25.727315+00:00,nur Zeit geändert
Apps/Support/MediaInfo.NET/Developers/List_Of_Parameters/General_Info_About_Levels.csv,341,341,3BD05092,3BD05092,2026-05-11T19:21:29+00:00,2026-09-29T23:36:25.727523+00:00,nur Zeit geändert
Apps/Support/MediaInfo.NET/Developers/List_Of_Parameters/Generic.csv,2650,2650,D1E1FF5F,D1E1FF5F,2026-05-11T19:21:29+00:00,2026-09-29T23:36:25.727710+00:00,nur Zeit geändert
Apps/Support/MediaInfo.NET/Developers/List_Of_Parameters/Image.csv,17478,17478,A9C8408E,A9C8408E,2026-05-11T19:21:29+00:00,2026-09-29T23:36:25.727923+00:00,nur Zeit geändert
Apps/Support/MediaInfo.NET/Developers/List_Of_Parameters/Menu.csv,8499,8499,0F1D6D40,0F1D6D40,2026-05-11T19:21:29+00:00,2026-09-29T23:36:25.728148+00:00,nur Zeit geändert
Apps/Support/MediaInfo.NET/Developers/List_Of_Parameters/Other.csv,14203,14203,3D166CF2,3D166CF2,2026-05-11T19:21:29+00:00,2026-09-29T23:36:25.728390+00:00,nur Zeit geändert
Apps/Support/MediaInfo.NET/Developers/List_Of_Parameters/Text.csv,32756,32756,84654F53,84654F53,2026-05-11T19:21:29+00:00,2026-09-29T23:36:25.728652+00:00,nur Zeit geändert
Apps/Support/MediaInfo.NET/Developers/List_Of_Parameters/Video.csv,41352,41352,0209D04B,0209D04B,2026-05-11T19:21:29+00:00,2026-09-29T23:36:25.728931+00:00,nur Zeit geändert
Apps/Support/MediaInfo.NET/Developers/Project/BCB/Example/HowToUse_CLI.res,4396,4396,20834735,20834735,2026-05-11T19:21:29+00:00,2026-09-29T23:36:25.729240+00:00,nur Zeit geändert
Apps/Support/MediaInfo.NET/Developers/Project/Delphi/Example/HowToUse_Dll.bdsproj,7594,7594,A9559C60,A9559C60,2026-05-11T19:21:29+00:00,2026-09-29T23:36:25.729502+00:00,nur Zeit geändert
Apps/Support/MediaInfo.NET/Developers/Project/Delphi/Example/HowToUse_Dll.dpr,287,287,110EF315,110EF315,2026-05-11T19:21:29+00:00,2026-09-29T23:36:25.729691+00:00,nur Zeit geändert
Apps/Support/MediaInfo.NET/Developers/Project/Delphi/Example/HowToUse_Dll.res,876,876,8D3A9E4D,8D3A9E4D,2026-05-11T19:21:29+00:00,2026-09-29T23:36:25.729920+00:00,nur Zeit geändert
Apps/Support/MediaInfo.NET/Developers/Project/Delphi/Example/HowToUse_Dll_.dfm,725,725,090997EE,090997EE,2026-05-11T19:21:29+00:00,2026-09-29T23:36:25.730155+00:00,nur Zeit geändert
Apps/Support/MediaInfo.NET/Developers/Project/Delphi/Example/HowToUse_Dll_.pas,3183,3183,929A69BE,929A69BE,2026-05-11T19:21:29+00:00,2026-09-29T23:36:25.730371+00:00,nur Zeit geändert
Apps/Support/MediaInfo.NET/Developers/Project/Java/Example.JNA/Compile.bat,125,125,F10D2D9A,F10D2D9A,2026-05-11T19:21:29+00:00,2026-09-29T23:36:25.730592+00:00,nur Zeit geändert
Apps/Support/MediaInfo.NET/Developers/Project/Java/Example.JNA/Compile.sh,118,118,175D9ECF,175D9ECF,2026-05-11T19:21:29+00:00,2026-09-29T23:36:25.730776+00:00,nur Zeit geändert
Apps/Support/MediaInfo.NET/Developers/Project/Java/Example.JNA/MakeJavaDoc.bat,111,111,D1170DD0,D1170DD0,2026-05-11T19:21:29+00:00,2026-09-29T23:36:25.730947+00:00,nur Zeit geändert
Apps/Support/MediaInfo.NET/Developers/Project/Java/Example.JNA/MakeJavaDoc.sh,105,105,44B1A133,44B1A133,2026-05-11T19:21:29+00:00,2026-09-29T23:36:25.731156+00:00,nur Zeit geändert
Apps/Support/MediaInfo.NET/Developers/Project/Java/Example.JNA/ReadMe.txt,334,334,9A4D3821,9A4D3821,2026-05-11T19:21:29+00:00,2026-09-29T23:36:25.731345+00:00,nur Zeit geändert
Apps/Support/MediaInfo.NET/Developers/Project/Java/Example.JNA/Run.bat,34,34,5D33F0FA,5D33F0FA,2026-05-11T19:21:29+00:00,2026-09-29T23:36:25.731520+00:00,nur Zeit geändert
Apps/Support/MediaInfo.NET/Developers/Project/Java/Example.JNA/Run.sh,35,35,CBABD458,CBABD458,2026-05-11T19:21:29+00:00,2026-09-29T23:36:25.731691+00:00,nur Zeit geändert
Apps/Support/MediaInfo.NET/Developers/Project/Java/Example.JNative/Compile.bat,140,140,C19E52F9,C19E52F9,2026-05-11T19:21:29+00:00,2026-09-29T23:36:25.732945+00:00,nur Zeit geändert
Apps/Support/MediaInfo.NET/Developers/Project/Java/Example.JNative/Compile.sh,118,118,2D82FE21,2D82FE21,2026-05-11T19:21:29+00:00,2026-09-29T23:36:25.733153+00:00,nur Zeit geändert
Apps/Support/MediaInfo.NET/Developers/Project/Java/Example.JNative/MakeJavaDoc.bat,111,111,D1170DD0,D1170DD0,2026-05-11T19:21:29+00:00,2026-09-29T23:36:25.733331+00:00,nur Zeit geändert
Apps/Support/MediaInfo.NET/Developers/Project/Java/Example.JNative/MakeJavaDoc.sh,105,105,44B1A133,44B1A133,2026-05-11T19:21:29+00:00,2026-09-29T23:36:25.733497+00:00,nur Zeit geändert
Apps/Support/MediaInfo.NET/Developers/Project/Java/Example.JNative/ReadMe.txt,263,263,24B5A5D5,24B5A5D5,2026-05-11T19:21:29+00:00,2026-09-29T23:36:25.733665+00:00,nur Zeit geändert
Apps/Support/MediaInfo.NET/Developers/Project/Java/Example.JNative/Run.bat,38,38,88384313,88384313,2026-05-11T19:21:29+00:00,2026-09-29T23:36:25.733835+00:00,nur Zeit geändert
Apps/Support/MediaInfo.NET/Developers/Project/Java/Example.JNative/Run.sh,39,39,D424CC1D,D424CC1D,2026-05-11T19:21:29+00:00,2026-09-29T23:36:25.734046+00:00,nur Zeit geändert
Apps/Support/MediaInfo.NET/Developers/Project/Java/Example.JNI/Compile.bat,125,125,8B41BDD1,8B41BDD1,2026-05-11T19:21:29+00:00,2026-09-29T23:36:25.731875+00:00,nur Zeit geändert
Apps/Support/MediaInfo.NET/Developers/Project/Java/Example.JNI/Compile.sh,118,118,6D110E84,6D110E84,2026-05-11T19:21:29+00:00,2026-09-29T23:36:25.732048+00:00,nur Zeit geändert
Apps/Support/MediaInfo.NET/Developers/Project/Java/Example.JNI/MakeJavaDoc.bat,113,113,4D4F4D0A,4D4F4D0A,2026-05-11T19:21:29+00:00,2026-09-29T23:36:25.732254+00:00,nur Zeit geändert
Apps/Support/MediaInfo.NET/Developers/Project/Java/Example.JNI/MakeJavaDoc.sh,107,107,331CD97C,331CD97C,2026-05-11T19:21:29+00:00,2026-09-29T23:36:25.732424+00:00,nur Zeit geändert
Apps/Support/MediaInfo.NET/Developers/Project/Java/Example.JNI/Run.bat,35,35,A20D6840,A20D6840,2026-05-11T19:21:29+00:00,2026-09-29T23:36:25.732593+00:00,nur Zeit geändert
Apps/Support/MediaInfo.NET/Developers/Project/Java/Example.JNI/Run.sh,35,35,06449279,06449279,2026-05-11T19:21:29+00:00,2026-09-29T23:36:25.732761+00:00,nur Zeit geändert
Apps/Support/MediaInfo.NET/Developers/Project/MSCS2008/asp_net_web_application/asp_net_web_application.csproj,4171,4171,2B83C5AD,2B83C5AD,2026-05-11T19:21:29+00:00,2026-09-29T23:36:25.736849+00:00,nur Zeit geändert
Apps/Support/MediaInfo.NET/Developers/Project/MSCS2008/asp_net_web_application/Default.aspx,3901,3901,410D05B4,410D05B4,2026-05-11T19:21:29+00:00,2026-09-29T23:36:25.735622+00:00,nur Zeit geändert
Apps/Support/MediaInfo.NET/Developers/Project/MSCS2008/asp_net_web_application/Default.aspx.cs,518,518,91DCD1E8,91DCD1E8,2026-05-11T19:21:29+00:00,2026-09-29T23:36:25.735800+00:00,nur Zeit geändert
Apps/Support/MediaInfo.NET/Developers/Project/MSCS2008/asp_net_web_application/Default.aspx.designer.cs,812,812,44C36670,44C36670,2026-05-11T19:21:29+00:00,2026-09-29T23:36:25.735977+00:00,nur Zeit geändert
Apps/Support/MediaInfo.NET/Developers/Project/MSCS2008/asp_net_web_application/MediaInfoDLL.cs,13924,13924,36C7818C,36C7818C,2026-05-11T19:21:29+00:00,2026-09-29T23:36:25.736192+00:00,nur Zeit geändert
Apps/Support/MediaInfo.NET/Developers/Project/MSCS2008/asp_net_web_application/Properties/AssemblyInfo.cs,1428,1428,67164D9D,67164D9D,2025-11-05T19:42:03+00:00,2026-09-29T23:36:25.736412+00:00,nur Zeit geändert
Apps/Support/MediaInfo.NET/Developers/Project/MSCS2008/asp_net_web_application/Web.config,7365,7365,5D898BDD,5D898BDD,2026-05-11T19:21:29+00:00,2026-09-29T23:36:25.736625+00:00,nur Zeit geändert
Apps/Support/MediaInfo.NET/Developers/Project/MSCS2008/Example/App.ico,1078,1078,9ECA8A4E,9ECA8A4E,2026-05-11T19:21:29+00:00,2026-09-29T23:36:25.734299+00:00,nur Zeit geändert
Apps/Support/MediaInfo.NET/Developers/Project/MSCS2008/Example/AssemblyInfo.cs,2587,2587,12FC95CA,12FC95CA,2026-05-11T19:21:29+00:00,2026-09-29T23:36:25.734512+00:00,nur Zeit geändert
Apps/Support/MediaInfo.NET/Developers/Project/MSCS2008/Example/HowToUse_Dll.cs,8030,8030,CA67D152,CA67D152,2026-05-11T19:21:29+00:00,2026-09-29T23:36:25.734740+00:00,nur Zeit geändert
Apps/Support/MediaInfo.NET/Developers/Project/MSCS2008/Example/HowToUse_Dll.csproj,3942,3942,BFFD2648,BFFD2648,2026-05-11T19:21:29+00:00,2026-09-29T23:36:25.734950+00:00,nur Zeit geändert
Apps/Support/MediaInfo.NET/Developers/Project/MSCS2008/Example/MediaInfoDLL.cs,13924,13924,36C7818C,36C7818C,2026-05-11T19:21:29+00:00,2026-09-29T23:36:25.735211+00:00,nur Zeit geändert
Apps/Support/MediaInfo.NET/Developers/Project/MSCS2008/MediaInfoLib_MSCS.sln,1439,1439,1DBEFED0,1DBEFED0,2026-05-11T19:21:29+00:00,2026-09-29T23:36:25.735414+00:00,nur Zeit geändert
Apps/Support/MediaInfo.NET/Developers/Project/MSCS2010/asp_net_web_application/asp_net_web_application.csproj,4501,4501,BB7C4388,BB7C4388,2026-05-11T19:21:29+00:00,2026-09-29T23:36:25.739401+00:00,nur Zeit geändert
Apps/Support/MediaInfo.NET/Developers/Project/MSCS2010/asp_net_web_application/Default.aspx,3822,3822,4248B13F,4248B13F,2026-05-11T19:21:29+00:00,2026-09-29T23:36:25.738296+00:00,nur Zeit geändert
Apps/Support/MediaInfo.NET/Developers/Project/MSCS2010/asp_net_web_application/Default.aspx.cs,518,518,91DCD1E8,91DCD1E8,2026-05-11T19:21:29+00:00,2026-09-29T23:36:25.738465+00:00,nur Zeit geändert
Apps/Support/MediaInfo.NET/Developers/Project/MSCS2010/asp_net_web_application/Default.aspx.designer.cs,812,812,44C36670,44C36670,2026-05-11T19:21:29+00:00,2026-09-29T23:36:25.738638+00:00,nur Zeit geändert
Apps/Support/MediaInfo.NET/Developers/Project/MSCS2010/asp_net_web_application/MediaInfoDLL.cs,13924,13924,36C7818C,36C7818C,2026-05-11T19:21:29+00:00,2026-09-29T23:36:25.738809+00:00,nur Zeit geändert
Apps/Support/MediaInfo.NET/Developers/Project/MSCS2010/asp_net_web_application/Properties/AssemblyInfo.cs,1428,1428,67164D9D,67164D9D,2025-11-05T19:42:03+00:00,2026-09-29T23:36:25.739014+00:00,nur Zeit geändert
Apps/Support/MediaInfo.NET/Developers/Project/MSCS2010/asp_net_web_application/Web.config,1514,1514,B9D3C3A0,B9D3C3A0,2026-05-11T19:21:29+00:00,2026-09-29T23:36:25.739219+00:00,nur Zeit geändert
Apps/Support/MediaInfo.NET/Developers/Project/MSCS2010/Example/App.ico,1078,1078,9ECA8A4E,9ECA8A4E,2026-05-11T19:21:29+00:00,2026-09-29T23:36:25.737092+00:00,nur Zeit geändert
Apps/Support/MediaInfo.NET/Developers/Project/MSCS2010/Example/AssemblyInfo.cs,2587,2587,12FC95CA,12FC95CA,2026-05-11T19:21:29+00:00,2026-09-29T23:36:25.737286+00:00,nur Zeit geändert
Apps/Support/MediaInfo.NET/Developers/Project/MSCS2010/Example/HowToUse_Dll.cs,8045,8045,F1C5C16D,F1C5C16D,2026-05-11T19:21:29+00:00,2026-09-29T23:36:25.737465+00:00,nur Zeit geändert
Apps/Support/MediaInfo.NET/Developers/Project/MSCS2010/Example/HowToUse_Dll.csproj,5595,5595,89FCBC2F,89FCBC2F,2026-05-11T19:21:29+00:00,2026-09-29T23:36:25.737651+00:00,nur Zeit geändert
Apps/Support/MediaInfo.NET/Developers/Project/MSCS2010/Example/MediaInfoDLL.cs,15094,15094,E07EDAA3,E07EDAA3,2026-05-11T19:21:29+00:00,2026-09-29T23:36:25.737843+00:00,nur Zeit geändert
Apps/Support/MediaInfo.NET/Developers/Project/MSCS2010/MediaInfoLib_MSCS.sln,1444,1444,012D08DE,012D08DE,2026-05-11T19:21:29+00:00,2026-09-29T23:36:25.738065+00:00,nur Zeit geändert
Apps/Support/MediaInfo.NET/Developers/Project/MSJS/Example/AssemblyInfo.jsl,2421,2421,706C8765,706C8765,2026-05-11T19:21:29+00:00,2026-09-29T23:36:25.739627+00:00,nur Zeit geändert
Apps/Support/MediaInfo.NET/Developers/Project/MSJS/Example/HowToUse_Dll.jsl,6293,6293,FC9D065A,FC9D065A,2026-05-11T19:21:29+00:00,2026-09-29T23:36:25.739833+00:00,nur Zeit geändert
Apps/Support/MediaInfo.NET/Developers/Project/MSJS/Example/HowToUse_Dll.resx,7007,7007,C06BAA20,C06BAA20,2026-05-11T19:21:29+00:00,2026-09-29T23:36:25.740051+00:00,nur Zeit geändert
Apps/Support/MediaInfo.NET/Developers/Project/MSJS/Example/HowToUse_Dll.vjsproj,3410,3410,A423AA7E,A423AA7E,2026-05-11T19:21:29+00:00,2026-09-29T23:36:25.740276+00:00,nur Zeit geändert
Apps/Support/MediaInfo.NET/Developers/Project/MSJS/Example/MediaInfoDLL.jsl,4945,4945,76DCA521,76DCA521,2026-05-11T19:21:29+00:00,2026-09-29T23:36:25.740468+00:00,nur Zeit geändert
Apps/Support/MediaInfo.NET/Developers/Project/MSJS/MediaInfoLib_MSJS.sln,868,868,EC373E29,EC373E29,2026-05-11T19:21:29+00:00,2026-09-29T23:36:25.740644+00:00,nur Zeit geändert
Apps/Support/MediaInfo.NET/Developers/Project/MSVB/Example VB6/HowToUse_Dll.frm,5464,5464,113AD19A,113AD19A,2026-05-11T19:21:29+00:00,2026-09-29T23:36:25.743476+00:00,nur Zeit geändert
Apps/Support/MediaInfo.NET/Developers/Project/MSVB/Example VB6/HowToUse_Dll.frx,139,139,675F4B8C,675F4B8C,2026-05-11T19:21:29+00:00,2026-09-29T23:36:25.743662+00:00,nur Zeit geändert
Apps/Support/MediaInfo.NET/Developers/Project/MSVB/Example VB6/HowToUse_Dll.vbp,747,747,A4C6FC98,A4C6FC98,2026-05-11T19:21:29+00:00,2026-09-29T23:36:25.743846+00:00,nur Zeit geändert
Apps/Support/MediaInfo.NET/Developers/Project/MSVB/Example VB6/ReadMe.txt,187,187,65411AEE,65411AEE,2026-05-11T19:21:29+00:00,2026-09-29T23:36:25.744016+00:00,nur Zeit geändert
Apps/Support/MediaInfo.NET/Developers/Project/MSVB/Example/HowToUse_Dll.Designer.vb,1719,1719,4185CED5,4185CED5,2026-05-11T19:21:29+00:00,2026-09-29T23:36:25.740891+00:00,nur Zeit geändert
Apps/Support/MediaInfo.NET/Developers/Project/MSVB/Example/HowToUse_Dll.resx,5814,5814,BA983FA2,BA983FA2,2026-05-11T19:21:29+00:00,2026-09-29T23:36:25.741105+00:00,nur Zeit geändert
Apps/Support/MediaInfo.NET/Developers/Project/MSVB/Example/HowToUse_Dll.vb,3946,3946,60E5E847,60E5E847,2026-05-11T19:21:29+00:00,2026-09-29T23:36:25.741320+00:00,nur Zeit geändert
Apps/Support/MediaInfo.NET/Developers/Project/MSVB/Example/HowToUse_Dll.vbproj,5042,5042,06D37255,06D37255,2026-05-11T19:21:29+00:00,2026-09-29T23:36:25.741516+00:00,nur Zeit geändert
Apps/Support/MediaInfo.NET/Developers/Project/MSVB/Example/MediaInfoDLL.vb,4352,4352,71EE005C,71EE005C,2026-05-11T19:21:29+00:00,2026-09-29T23:36:25.741710+00:00,nur Zeit geändert
Apps/Support/MediaInfo.NET/Developers/Project/MSVB/Example/My Project/Application.Designer.vb,1512,1512,FD092BBD,FD092BBD,2026-05-11T19:21:29+00:00,2026-09-29T23:36:25.741985+00:00,nur Zeit geändert
Apps/Support/MediaInfo.NET/Developers/Project/MSVB/Example/My Project/Application.myapp,510,510,D1636A30,D1636A30,2026-05-11T19:21:29+00:00,2026-09-29T23:36:25.742244+00:00,nur Zeit geändert
Apps/Support/MediaInfo.NET/Developers/Project/MSVB/Example/My Project/AssemblyInfo.vb,1193,1193,D3931178,D3931178,2026-05-11T19:21:29+00:00,2026-09-29T23:36:25.742449+00:00,nur Zeit geändert
Apps/Support/MediaInfo.NET/Developers/Project/MSVB/Example/My Project/Resources.Designer.vb,2800,2800,BB12913A,BB12913A,2026-05-11T19:21:29+00:00,2026-09-29T23:36:25.742649+00:00,nur Zeit geändert
Apps/Support/MediaInfo.NET/Developers/Project/MSVB/Example/My Project/Resources.resx,5612,5612,76745A94,76745A94,2026-05-11T19:21:29+00:00,2026-09-29T23:36:25.742835+00:00,nur Zeit geändert
Apps/Support/MediaInfo.NET/Developers/Project/MSVB/Example/My Project/Settings.Designer.vb,3044,3044,3250FE80,3250FE80,2026-05-11T19:21:29+00:00,2026-09-29T23:36:25.743033+00:00,nur Zeit geändert
Apps/Support/MediaInfo.NET/Developers/Project/MSVB/Example/My Project/Settings.settings,279,279,ED82F55C,ED82F55C,2026-05-11T19:21:29+00:00,2026-09-29T23:36:25.743256+00:00,nur Zeit geändert
Apps/Support/MediaInfo.NET/Developers/Project/MSVB/MediaInfoLib_MSVB.sln,916,916,6C49943E,6C49943E,2026-05-11T19:21:29+00:00,2026-09-29T23:36:25.744227+00:00,nur Zeit geändert
Apps/Support/MediaInfo.NET/Developers/Project/MSVC2022/Example/HowToUse_Dll.vcxproj,20688,20688,151EF0F9,151EF0F9,2026-05-11T20:00:37.606750+00:00,2026-09-29T23:36:25.744476+00:00,nur Zeit geändert
Apps/Support/MediaInfo.NET/Developers/Project/MSVC2022/Example/HowToUse_Dll.vcxproj.filters,1280,1280,2F2AC9CC,2F2AC9CC,2026-05-11T19:21:29+00:00,2026-09-29T23:36:25.744676+00:00,nur Zeit geändert
Apps/Support/MediaInfo.NET/Developers/Project/MSVC2022/MediaInfoLib.sln,16815,16815,9E8A728E,9E8A728E,2026-05-11T19:21:29+00:00,2026-09-29T23:36:25.744897+00:00,nur Zeit geändert
Apps/Support/MediaInfo.NET/Developers/Project/MSVC2022/MediaInfoLib_UWP.sln,1811,1811,7888C4B0,7888C4B0,2026-05-11T19:21:29+00:00,2026-09-29T23:36:25.745121+00:00,nur Zeit geändert
Apps/Support/MediaInfo.NET/Developers/Project/MSVC2022/x64/Debug/MediaInfo.lib,19514,19514,63891C89,63891C89,2026-05-11T19:48:19.363806+00:00,2026-09-29T23:36:25.745454+00:00,nur Zeit geändert
Apps/Support/MediaInfo.NET/Developers/Project/MSVC2022/x64/Release/MediaInfo.lib,19514,19514,63891C89,63891C89,2026-05-11T19:44:09.816814+00:00,2026-09-29T23:36:25.745672+00:00,nur Zeit geändert
Apps/Support/MediaInfo.NET/Developers/Project/NetBeans/Example.JNA/build.xml,3746,3746,5413C454,5413C454,2026-05-11T19:21:29+00:00,2026-09-29T23:36:25.745971+00:00,nur Zeit geändert
Apps/Support/MediaInfo.NET/Developers/Project/NetBeans/Example.JNA/manifest.mf,85,85,45B9A680,45B9A680,2026-05-11T19:21:29+00:00,2026-09-29T23:36:25.746208+00:00,nur Zeit geändert
Apps/Support/MediaInfo.NET/Developers/Project/NetBeans/Example.JNA/nbproject/build-impl.xml,43266,43266,8A5AC573,8A5AC573,2025-11-05T19:42:03+00:00,2026-09-29T23:36:25.746604+00:00,nur Zeit geändert
Apps/Support/MediaInfo.NET/Developers/Project/NetBeans/Example.JNA/nbproject/genfiles.properties,475,475,268983CE,268983CE,2025-11-05T19:42:03+00:00,2026-09-29T23:36:25.746828+00:00,nur Zeit geändert
Apps/Support/MediaInfo.NET/Developers/Project/NetBeans/Example.JNA/nbproject/private/private.properties,266,266,F33A0E7D,F33A0E7D,2025-11-05T19:42:03+00:00,2026-09-29T23:36:25.747040+00:00,nur Zeit geändert
Apps/Support/MediaInfo.NET/Developers/Project/NetBeans/Example.JNA/nbproject/private/private.xml,211,211,AA2A632D,AA2A632D,2025-11-05T19:42:03+00:00,2026-09-29T23:36:25.747268+00:00,nur Zeit geändert
Apps/Support/MediaInfo.NET/Developers/Project/NetBeans/Example.JNA/nbproject/project.properties,1990,1990,EC56F64D,EC56F64D,2025-11-05T19:42:03+00:00,2026-09-29T23:36:25.747497+00:00,nur Zeit geändert
Apps/Support/MediaInfo.NET/Developers/Project/NetBeans/Example.JNA/nbproject/project.xml,587,587,064FBC67,064FBC67,2025-11-05T19:42:03+00:00,2026-09-29T23:36:25.747689+00:00,nur Zeit geändert
Apps/Support/MediaInfo.NET/Developers/Project/NetBeans/Example.JNA/src/HowToUse_Dll.JNA.java,11695,11695,45BA4181,45BA4181,2026-05-11T19:21:29+00:00,2026-09-29T23:36:25.747953+00:00,nur Zeit geändert
Apps/Support/MediaInfo.NET/Developers/Project/NetBeans/Example.JNA/src/MediaInfoDLL.JNA.java,15296,15296,E6DBF569,E6DBF569,2026-05-11T19:21:29+00:00,2026-09-29T23:36:25.748256+00:00,nur Zeit geändert
Apps/Support/MediaInfo.NET/Developers/Project/NetBeans/Example.JNative/build.xml,3400,3400,A5A39B93,A5A39B93,2026-05-11T19:21:29+00:00,2026-09-29T23:36:25.748643+00:00,nur Zeit geändert
Apps/Support/MediaInfo.NET/Developers/Project/NetBeans/Example.JNative/manifest.mf,85,85,45B9A680,45B9A680,2026-05-11T19:21:29+00:00,2026-09-29T23:36:25.748809+00:00,nur Zeit geändert
Apps/Support/MediaInfo.NET/Developers/Project/NetBeans/Example.JNative/nbproject/build-impl.xml,33210,33210,E1A155D2,E1A155D2,2025-11-05T19:42:03+00:00,2026-09-29T23:36:25.749035+00:00,nur Zeit geändert
Apps/Support/MediaInfo.NET/Developers/Project/NetBeans/Example.JNative/nbproject/genfiles.properties,455,455,665AD323,665AD323,2025-11-05T19:42:03+00:00,2026-09-29T23:36:25.749283+00:00,nur Zeit geändert
Apps/Support/MediaInfo.NET/Developers/Project/NetBeans/Example.JNative/nbproject/private/private.properties,287,287,E5895C15,E5895C15,2025-11-05T19:42:03+00:00,2026-09-29T23:36:25.749486+00:00,nur Zeit geändert
Apps/Support/MediaInfo.NET/Developers/Project/NetBeans/Example.JNative/nbproject/private/private.xml,211,211,AA2A632D,AA2A632D,2025-11-05T19:42:03+00:00,2026-09-29T23:36:25.749672+00:00,nur Zeit geändert
Apps/Support/MediaInfo.NET/Developers/Project/NetBeans/Example.JNative/nbproject/project.properties,1834,1834,CB0AB592,CB0AB592,2025-11-05T19:42:03+00:00,2026-09-29T23:36:25.749848+00:00,nur Zeit geändert
Apps/Support/MediaInfo.NET/Developers/Project/NetBeans/Example.JNative/nbproject/project.xml,591,591,F16BE5F5,F16BE5F5,2025-11-05T19:42:03+00:00,2026-09-29T23:36:25.750108+00:00,nur Zeit geändert
Apps/Support/MediaInfo.NET/Developers/Project/NetBeans/Example.JNative/ReadMe.txt,280,280,E4F1AB50,E4F1AB50,2026-05-11T19:21:29+00:00,2026-09-29T23:36:25.748467+00:00,nur Zeit geändert
Apps/Support/MediaInfo.NET/Developers/Project/NetBeans/Example.JNative/src/HowToUse_Dll.JNative.java,2512,2512,33BCC9A7,33BCC9A7,2026-05-11T19:21:29+00:00,2026-09-29T23:36:25.750345+00:00,nur Zeit geändert
Apps/Support/MediaInfo.NET/Developers/Project/NetBeans/Example.JNative/src/MediaInfoDLL.JNative.java,24533,24533,EBABC2CA,EBABC2CA,2026-05-11T19:21:29+00:00,2026-09-29T23:36:25.750622+00:00,nur Zeit geändert
Apps/Support/MediaInfo.NET/Developers/Source/Example/HowToUse_Dll-rs/.cargo/config.toml,488,488,411E941A,411E941A,2026-05-11T19:21:29+00:00,2026-09-29T23:36:25.750892+00:00,nur Zeit geändert
Apps/Support/MediaInfo.NET/Developers/Source/Example/HowToUse_Dll-rs/.gitignore,8,8,5E82A766,5E82A766,2026-05-11T19:21:29+00:00,2026-09-29T23:36:25.751099+00:00,nur Zeit geändert
Apps/Support/MediaInfo.NET/Developers/Source/Example/HowToUse_Dll-rs/Cargo.lock,6018,6018,FED903A7,FED903A7,2026-05-11T19:21:29+00:00,2026-09-29T23:36:25.751358+00:00,nur Zeit geändert
Apps/Support/MediaInfo.NET/Developers/Source/Example/HowToUse_Dll-rs/Cargo.toml,176,176,D4212D4E,D4212D4E,2026-05-11T19:21:29+00:00,2026-09-29T23:36:25.751548+00:00,nur Zeit geändert
Apps/Support/MediaInfo.NET/Developers/Source/Example/HowToUse_Dll-rs/src/main.rs,12133,12133,BC63C60C,BC63C60C,2026-05-11T19:21:29+00:00,2026-09-29T23:36:25.751824+00:00,nur Zeit geändert
Apps/Support/MediaInfo.NET/Developers/Source/Example/HowToUse_Dll.au3,5982,5982,06A3C123,06A3C123,2026-05-11T19:21:29+00:00,2026-09-29T23:36:25.752235+00:00,nur Zeit geändert
Apps/Support/MediaInfo.NET/Developers/Source/Example/HowToUse_Dll.cpp,5396,5396,8F9CBBFF,8F9CBBFF,2026-05-11T19:21:29+00:00,2026-09-29T23:36:25.752443+00:00,nur Zeit geändert
Apps/Support/MediaInfo.NET/Developers/Source/Example/HowToUse_Dll.cs,8047,8047,7FCE2725,7FCE2725,2026-05-11T19:21:29+00:00,2026-09-29T23:36:25.752648+00:00,nur Zeit geändert
Apps/Support/MediaInfo.NET/Developers/Source/Example/HowToUse_Dll.html,7251,7251,224B23EE,224B23EE,2026-05-11T19:21:29+00:00,2026-09-29T23:36:25.752873+00:00,nur Zeit geändert
Apps/Support/MediaInfo.NET/Developers/Source/Example/HowToUse_Dll.java,11281,11281,C11D855D,C11D855D,2026-05-11T19:21:29+00:00,2026-09-29T23:36:25.753057+00:00,nur Zeit geändert
Apps/Support/MediaInfo.NET/Developers/Source/Example/HowToUse_Dll.JNative.java,2512,2512,33BCC9A7,33BCC9A7,2026-05-11T19:21:29+00:00,2026-09-29T23:36:25.752009+00:00,nur Zeit geändert
Apps/Support/MediaInfo.NET/Developers/Source/Example/HowToUse_Dll.ps1,3469,3469,55CB0811,55CB0811,2026-05-11T19:21:29+00:00,2026-09-29T23:36:25.753307+00:00,nur Zeit geändert
Apps/Support/MediaInfo.NET/Developers/Source/Example/HowToUse_Dll.py,3236,3236,86314BD7,86314BD7,2026-05-11T19:21:29+00:00,2026-09-29T23:36:25.753524+00:00,nur Zeit geändert
Apps/Support/MediaInfo.NET/Developers/Source/Example/HowToUse_Dll3.py,3237,3237,2893832C,2893832C,2026-05-11T19:21:29+00:00,2026-09-29T23:36:25.753697+00:00,nur Zeit geändert
Apps/Support/MediaInfo.NET/Developers/Source/Example/HowToUse_Dll_AndroidWebView.txt,103,103,3041806D,3041806D,2026-05-11T19:21:29+00:00,2026-09-29T23:36:25.753864+00:00,nur Zeit geändert
Apps/Support/MediaInfo.NET/Developers/Source/Example/HowToUse_Dll_CLI.cs,3191,3191,14CADF22,14CADF22,2026-05-11T19:21:29+00:00,2026-09-29T23:36:25.754128+00:00,nur Zeit geändert
Apps/Support/MediaInfo.NET/Developers/Source/MediaInfoDLL/MediaInfoDLL-rs/.cargo/config.toml,488,488,411E941A,411E941A,2026-05-11T19:21:29+00:00,2026-09-29T23:36:25.754385+00:00,nur Zeit geändert
Apps/Support/MediaInfo.NET/Developers/Source/MediaInfoDLL/MediaInfoDLL-rs/.gitignore,8,8,5E82A766,5E82A766,2026-05-11T19:21:29+00:00,2026-09-29T23:36:25.754564+00:00,nur Zeit geändert
Apps/Support/MediaInfo.NET/Developers/Source/MediaInfoDLL/MediaInfoDLL-rs/build.rs,3666,3666,8718526B,8718526B,2026-05-11T19:21:29+00:00,2026-09-29T23:36:25.755147+00:00,nur Zeit geändert
Apps/Support/MediaInfo.NET/Developers/Source/MediaInfoDLL/MediaInfoDLL-rs/Cargo.lock,6383,6383,41EB4CE4,41EB4CE4,2026-05-11T19:21:29+00:00,2026-09-29T23:36:25.754742+00:00,nur Zeit geändert
Apps/Support/MediaInfo.NET/Developers/Source/MediaInfoDLL/MediaInfoDLL-rs/Cargo.toml,197,197,E921D87C,E921D87C,2026-05-11T19:21:29+00:00,2026-09-29T23:36:25.754921+00:00,nur Zeit geändert
Apps/Support/MediaInfo.NET/Developers/Source/MediaInfoDLL/MediaInfoDLL-rs/src/lib.rs,31231,31231,2334E5DA,2334E5DA,2026-05-11T19:21:29+00:00,2026-09-29T23:36:25.755481+00:00,nur Zeit geändert
Apps/Support/MediaInfo.NET/Developers/Source/MediaInfoDLL/MediaInfoDLL.cs,15040,15040,8133BD26,8133BD26,2026-05-11T19:21:29+00:00,2026-09-29T23:36:25.756556+00:00,nur Zeit geändert
Apps/Support/MediaInfo.NET/Developers/Source/MediaInfoDLL/MediaInfoDLL.def,3158,3158,A018DC53,A018DC53,2026-05-11T19:21:29+00:00,2026-09-29T23:36:25.756755+00:00,nur Zeit geändert
Apps/Support/MediaInfo.NET/Developers/Source/MediaInfoDLL/MediaInfoDLL.h,29857,29857,8FB9C6C1,8FB9C6C1,2026-05-11T19:21:29+00:00,2026-09-29T23:36:25.757059+00:00,nur Zeit geändert
Apps/Support/MediaInfo.NET/Developers/Source/MediaInfoDLL/MediaInfoDLL.JNA.java,15599,15599,354C6D3E,354C6D3E,2026-05-11T19:21:29+00:00,2026-09-29T23:36:25.755828+00:00,nur Zeit geändert
Apps/Support/MediaInfo.NET/Developers/Source/MediaInfoDLL/MediaInfoDLL.JNative.java,24533,24533,EBABC2CA,EBABC2CA,2026-05-11T19:21:29+00:00,2026-09-29T23:36:25.756347+00:00,nur Zeit geändert
Apps/Support/MediaInfo.NET/Developers/Source/MediaInfoDLL/MediaInfoDLL.JNI.java,10118,10118,B6EAE659,B6EAE659,2026-05-11T19:21:29+00:00,2026-09-29T23:36:25.756118+00:00,nur Zeit geändert
Apps/Support/MediaInfo.NET/Developers/Source/MediaInfoDLL/MediaInfoDLL.jsl,4942,4942,3689EF2E,3689EF2E,2026-05-11T19:21:29+00:00,2026-09-29T23:36:25.757291+00:00,nur Zeit geändert
Apps/Support/MediaInfo.NET/Developers/Source/MediaInfoDLL/MediaInfoDLL.pas,8444,8444,220FDBD0,220FDBD0,2026-05-11T19:21:29+00:00,2026-09-29T23:36:25.757510+00:00,nur Zeit geändert
Apps/Support/MediaInfo.NET/Developers/Source/MediaInfoDLL/MediaInfoDLL.py,24408,24408,20474B15,20474B15,2026-05-11T19:21:29+00:00,2026-09-29T23:36:25.757782+00:00,nur Zeit geändert
Apps/Support/MediaInfo.NET/Developers/Source/MediaInfoDLL/MediaInfoDLL.vb,4715,4715,F2B3A880,F2B3A880,2026-05-11T19:21:29+00:00,2026-09-29T23:36:25.758014+00:00,nur Zeit geändert
Apps/Support/MediaInfo.NET/Developers/Source/MediaInfoDLL/MediaInfoDLL3.py,23851,23851,2E9C24B1,2E9C24B1,2026-05-11T19:21:29+00:00,2026-09-29T23:36:25.758235+00:00,nur Zeit geändert
Apps/Support/MediaInfo.NET/Developers/Source/MediaInfoDLL/MediaInfoDLL_Static.h,36091,36091,EE3CEB1B,EE3CEB1B,2026-05-11T19:21:29+00:00,2026-09-29T23:36:25.758510+00:00,nur Zeit geändert
Apps/Support/MediaInfo.NET/Documentation.html,138,138,67C3DCE8,67C3DCE8,2023-11-30T13:27:58+00:00,2026-09-29T23:36:25.758691+00:00,nur Zeit geändert
Apps/Support/MediaInfo.NET/Get-MediaInfo.ps1,7982,7982,3884BE42,3884BE42,2021-03-31T09:52:56.131960+00:00,2026-09-29T23:36:25.758894+00:00,nur Zeit geändert
Apps/Support/MediaInfo.NET/History.txt,154683,154683,AD1FF377,AD1FF377,2023-11-30T13:27:58+00:00,2026-09-29T23:36:25.760537+00:00,nur Zeit geändert
Apps/Support/MediaInfo.NET/License.html,4849,4849,B78FC072,B78FC072,2023-11-30T13:27:58+00:00,2026-09-29T23:36:25.760873+00:00,nur Zeit geändert
Apps/Support/MediaInfo.NET/License.txt,1106,1106,A8B9D7C6,A8B9D7C6,2020-06-14T00:45:14.806584+00:00,2026-09-29T23:36:25.761097+00:00,nur Zeit geändert
Apps/Support/MediaInfo.NET/MediaInfo.dll,8463768,8463768,46789559,46789559,2026-05-11T20:10:55+00:00,2026-09-29T23:36:50.899912+00:00,nur Zeit geändert
Apps/Support/MediaInfo.NET/MediaInfo_InfoTip.dll,166296,166296,F331BCC3,F331BCC3,2026-05-11T20:12:04+00:00,2026-09-29T23:36:50.915756+00:00,nur Zeit geändert
Apps/Support/MediaInfo.NET/MediaInfo_InfoTip_Register.bat,366,366,B34CE0A5,B34CE0A5,2026-05-11T19:21:29+00:00,2026-09-29T23:36:25.763129+00:00,nur Zeit geändert
Apps/Support/MediaInfo.NET/MediaInfo_InfoTip_UnRegister.bat,33,33,7176F8A5,7176F8A5,2026-05-11T19:21:29+00:00,2026-09-29T23:36:25.763312+00:00,nur Zeit geändert
Apps/Support/MediaInfo.NET/MediaInfoNET.exe,411648,411648,1ADFD55D,1ADFD55D,2022-04-02T07:50:45.560646+00:00,2026-09-29T23:36:50.907912+00:00,nur Zeit geändert
Apps/Support/MediaInfo.NET/MediaInfoNET.exe.config,187,187,78470D04,78470D04,2020-04-10T23:28:49.757024+00:00,2026-09-29T23:36:25.761280+00:00,nur Zeit geändert
Apps/Support/MediaInfo.NET/MediaInfoNET.pdb,177664,177664,C43953CB,C43953CB,2022-04-02T07:50:45.560646+00:00,2026-09-29T23:36:25.762582+00:00,nur Zeit geändert
Apps/Support/MediaInfo.NET/MediaInfoSharp.dll,7168,7168,0B4C6304,0B4C6304,2020-05-03T13:20:09.919382+00:00,2026-09-29T23:36:50.913278+00:00,nur Zeit geändert
Apps/Support/MediaInfo.NET/MediaInfoSharp.pdb,19968,19968,BD68D232,BD68D232,2020-05-03T13:20:09.919382+00:00,2026-09-29T23:36:25.762910+00:00,nur Zeit geändert
Apps/Support/MediaInfo.NET/Microsoft.Management.Infrastructure.dll,36864,36864,BD5FBCF1,BD5FBCF1,2017-07-17T12:46:10+00:00,2026-09-29T23:36:50.916684+00:00,nur Zeit geändert
Apps/Support/MediaInfo.NET/ReadMe.txt,1843,1843,166287DF,166287DF,2026-05-11T19:21:29+00:00,2026-09-29T23:36:25.763488+00:00,nur Zeit geändert
Apps/Support/MediaInfo.NET/System.Management.Automation.dll,360448,360448,2812A350,2812A350,2017-07-17T12:46:10+00:00,2026-09-29T23:36:50.920572+00:00,nur Zeit geändert
Apps/Support/MediaInfo.NET/Update.ps1,2081,2081,66CF74AF,66CF74AF,2020-12-13T17:49:16.795564+00:00,2026-09-29T23:36:25.763665+00:00,nur Zeit geändert
Apps/Support/MKVToolNix/data/portable-app,0,0,00000000,00000000,2026-09-14T14:07:54.298358+00:00,2026-09-29T23:36:22.193366+00:00,nur Zeit geändert
Apps/Support/MKVToolNix/data/qt_resources.rcc,11586653,11586653,CB40260F,CB40260F,2026-09-14T14:07:54.295358+00:00,2026-09-29T23:36:25.491443+00:00,nur Zeit geändert
Apps/Support/MKVToolNix/data/sounds/finished-1.webm,41022,41022,2226050E,2226050E,2026-09-14T14:07:54.296358+00:00,2026-09-29T23:36:25.500579+00:00,nur Zeit geändert
Apps/Support/MKVToolNix/data/sounds/finished-2.webm,41102,41102,C39D3612,C39D3612,2026-09-14T14:07:54.296358+00:00,2026-09-29T23:36:25.501681+00:00,nur Zeit geändert
Apps/Support/MKVToolNix/data/sounds/finished-3.webm,38091,38091,E460E785,E460E785,2026-09-14T14:07:54.296358+00:00,2026-09-29T23:36:25.502739+00:00,nur Zeit geändert
Apps/Support/MKVToolNix/doc/be/mkvextract.html,71321,71321,8002160B,8002160B,2026-09-14T14:07:57.496356+00:00,2026-09-29T23:36:25.510044+00:00,nur Zeit geändert
Apps/Support/MKVToolNix/doc/be/mkvinfo.html,29347,29347,A7804B99,A7804B99,2026-09-14T14:07:57.173358+00:00,2026-09-29T23:36:25.510409+00:00,nur Zeit geändert
Apps/Support/MKVToolNix/doc/be/mkvmerge.html,325738,325738,CD6F31C7,CD6F31C7,2026-09-14T14:07:57.195358+00:00,2026-09-29T23:36:25.511905+00:00,nur Zeit geändert
Apps/Support/MKVToolNix/doc/be/mkvpropedit.html,77464,77464,45EF0335,45EF0335,2026-09-14T14:07:57.117356+00:00,2026-09-29T23:36:25.512489+00:00,nur Zeit geändert
Apps/Support/MKVToolNix/doc/be/mkvtoolnix-doc.css,2845,2845,ECF30D26,ECF30D26,2026-09-14T14:07:54.413358+00:00,2026-09-29T23:36:25.512752+00:00,nur Zeit geändert
Apps/Support/MKVToolNix/doc/be/mkvtoolnix-gui.html,8458,8458,887EC4A5,887EC4A5,2026-09-14T14:07:57.142358+00:00,2026-09-29T23:36:25.512984+00:00,nur Zeit geändert
Apps/Support/MKVToolNix/doc/bg/mkvextract.html,64026,64026,CC41F2CA,CC41F2CA,2026-09-14T14:07:57.482356+00:00,2026-09-29T23:36:25.513448+00:00,nur Zeit geändert
Apps/Support/MKVToolNix/doc/bg/mkvinfo.html,26757,26757,FD0AF9CB,FD0AF9CB,2026-09-14T14:07:57.973358+00:00,2026-09-29T23:36:25.513723+00:00,nur Zeit geändert
Apps/Support/MKVToolNix/doc/bg/mkvmerge.html,272373,272373,049F104A,049F104A,2026-09-14T14:07:57.855358+00:00,2026-09-29T23:36:25.514942+00:00,nur Zeit geändert
Apps/Support/MKVToolNix/doc/bg/mkvpropedit.html,65688,65688,EF32C35A,EF32C35A,2026-09-14T14:07:58.070358+00:00,2026-09-29T23:36:25.515464+00:00,nur Zeit geändert
Apps/Support/MKVToolNix/doc/bg/mkvtoolnix-doc.css,2845,2845,ECF30D26,ECF30D26,2026-09-14T14:07:54.422355+00:00,2026-09-29T23:36:25.515700+00:00,nur Zeit geändert
Apps/Support/MKVToolNix/doc/bg/mkvtoolnix-gui.html,8766,8766,9854815C,9854815C,2026-09-14T14:07:57.222358+00:00,2026-09-29T23:36:25.515908+00:00,nur Zeit geändert
Apps/Support/MKVToolNix/doc/ca/mkvextract.html,62469,62469,950F73C7,950F73C7,2026-09-14T14:07:57.185360+00:00,2026-09-29T23:36:25.516366+00:00,nur Zeit geändert
Apps/Support/MKVToolNix/doc/ca/mkvinfo.html,25932,25932,B98D20A4,B98D20A4,2026-09-14T14:07:57.075360+00:00,2026-09-29T23:36:25.516648+00:00,nur Zeit geändert
Apps/Support/MKVToolNix/doc/ca/mkvmerge.html,278641,278641,3F7391C9,3F7391C9,2026-09-14T14:07:58.523360+00:00,2026-09-29T23:36:25.517804+00:00,nur Zeit geändert
Apps/Support/MKVToolNix/doc/ca/mkvpropedit.html,67075,67075,A7AB54CF,A7AB54CF,2026-09-14T14:07:57.669360+00:00,2026-09-29T23:36:25.518406+00:00,nur Zeit geändert
Apps/Support/MKVToolNix/doc/ca/mkvtoolnix-doc.css,2845,2845,ECF30D26,ECF30D26,2026-09-14T14:07:54.431358+00:00,2026-09-29T23:36:25.518644+00:00,nur Zeit geändert
Apps/Support/MKVToolNix/doc/ca/mkvtoolnix-gui.html,7091,7091,7C698D43,7C698D43,2026-09-14T14:07:56.915360+00:00,2026-09-29T23:36:25.518884+00:00,nur Zeit geändert
Apps/Support/MKVToolNix/doc/command_line_references.html,3531,3531,DEF6A58A,DEF6A58A,2026-09-14T14:07:54.301355+00:00,2026-09-29T23:36:25.519126+00:00,nur Zeit geändert
Apps/Support/MKVToolNix/doc/COPYING.txt,18092,18092,4E46F4A1,4E46F4A1,2026-09-14T14:07:54.300358+00:00,2026-09-29T23:36:25.503395+00:00,nur Zeit geändert
Apps/Support/MKVToolNix/doc/cs/mkvextract.html,60028,60028,26E4BE68,26E4BE68,2026-09-14T14:07:57.056358+00:00,2026-09-29T23:36:25.519547+00:00,nur Zeit geändert
Apps/Support/MKVToolNix/doc/cs/mkvinfo.html,24751,24751,94A8877B,94A8877B,2026-09-14T14:07:57.455358+00:00,2026-09-29T23:36:25.519817+00:00,nur Zeit geändert
Apps/Support/MKVToolNix/doc/cs/mkvmerge.html,264461,264461,76D19AC6,76D19AC6,2026-09-14T14:07:57.753356+00:00,2026-09-29T23:36:25.520924+00:00,nur Zeit geändert
Apps/Support/MKVToolNix/doc/cs/mkvpropedit.html,64423,64423,16EEDF21,16EEDF21,2026-09-14T14:07:57.262360+00:00,2026-09-29T23:36:25.521430+00:00,nur Zeit geändert
Apps/Support/MKVToolNix/doc/cs/mkvtoolnix-doc.css,2845,2845,ECF30D26,ECF30D26,2026-09-14T14:07:54.441358+00:00,2026-09-29T23:36:25.521688+00:00,nur Zeit geändert
Apps/Support/MKVToolNix/doc/cs/mkvtoolnix-gui.html,7038,7038,96CABAB4,96CABAB4,2026-09-14T14:07:57.919360+00:00,2026-09-29T23:36:25.521969+00:00,nur Zeit geändert
Apps/Support/MKVToolNix/doc/de/mkvextract.html,62968,62968,034457CD,034457CD,2026-09-14T14:07:57.589360+00:00,2026-09-29T23:36:25.522502+00:00,nur Zeit geändert
Apps/Support/MKVToolNix/doc/de/mkvinfo.html,26199,26199,5D7D9551,5D7D9551,2026-09-14T14:07:57.526360+00:00,2026-09-29T23:36:25.522780+00:00,nur Zeit geändert
Apps/Support/MKVToolNix/doc/de/mkvmerge.html,277957,277957,1E96FCEC,1E96FCEC,2026-09-14T14:07:58.467360+00:00,2026-09-29T23:36:25.523982+00:00,nur Zeit geändert
Apps/Support/MKVToolNix/doc/de/mkvpropedit.html,67453,67453,157B5E8E,157B5E8E,2026-09-14T14:07:59.642358+00:00,2026-09-29T23:36:25.524628+00:00,nur Zeit geändert
Apps/Support/MKVToolNix/doc/de/mkvtoolnix-doc.css,2845,2845,ECF30D26,ECF30D26,2026-09-14T14:07:54.449358+00:00,2026-09-29T23:36:25.524902+00:00,nur Zeit geändert
Apps/Support/MKVToolNix/doc/de/mkvtoolnix-gui.html,7169,7169,4F64904A,4F64904A,2026-09-14T14:07:59.763358+00:00,2026-09-29T23:36:25.525169+00:00,nur Zeit geändert
Apps/Support/MKVToolNix/doc/en/mkvextract.html,57745,57745,F8723BC5,F8723BC5,2026-09-14T14:07:57.331360+00:00,2026-09-29T23:36:25.525569+00:00,nur Zeit geändert
Apps/Support/MKVToolNix/doc/en/mkvinfo.html,24234,24234,66E00F83,66E00F83,2026-09-14T14:07:56.953360+00:00,2026-09-29T23:36:25.525833+00:00,nur Zeit geändert
Apps/Support/MKVToolNix/doc/en/mkvmerge.html,253267,253267,97752996,97752996,2026-09-14T14:07:58.162360+00:00,2026-09-29T23:36:25.526950+00:00,nur Zeit geändert
Apps/Support/MKVToolNix/doc/en/mkvpropedit.html,61585,61585,98FB78F7,98FB78F7,2026-09-14T14:07:57.604358+00:00,2026-09-29T23:36:25.527448+00:00,nur Zeit geändert
Apps/Support/MKVToolNix/doc/en/mkvtoolnix-doc.css,2845,2845,ECF30D26,ECF30D26,2026-09-14T14:07:54.403358+00:00,2026-09-29T23:36:25.527694+00:00,nur Zeit geändert
Apps/Support/MKVToolNix/doc/en/mkvtoolnix-gui.html,6788,6788,842AA14B,842AA14B,2026-09-14T14:07:56.954356+00:00,2026-09-29T23:36:25.527900+00:00,nur Zeit geändert
Apps/Support/MKVToolNix/doc/es/mkvextract.html,62793,62793,E3AC7D2A,E3AC7D2A,2026-09-14T14:08:00.048358+00:00,2026-09-29T23:36:25.528374+00:00,nur Zeit geändert
Apps/Support/MKVToolNix/doc/es/mkvinfo.html,26343,26343,0E1E606B,0E1E606B,2026-09-14T14:07:59.801356+00:00,2026-09-29T23:36:25.528688+00:00,nur Zeit geändert
Apps/Support/MKVToolNix/doc/es/mkvmerge.html,278549,278549,AD2386D2,AD2386D2,2026-09-14T14:08:00.277358+00:00,2026-09-29T23:36:25.529849+00:00,nur Zeit geändert
Apps/Support/MKVToolNix/doc/es/mkvpropedit.html,67581,67581,A4BDACF1,A4BDACF1,2026-09-14T14:08:00.506356+00:00,2026-09-29T23:36:25.530670+00:00,nur Zeit geändert
Apps/Support/MKVToolNix/doc/es/mkvtoolnix-doc.css,2845,2845,ECF30D26,ECF30D26,2026-09-14T14:07:54.458358+00:00,2026-09-29T23:36:25.530910+00:00,nur Zeit geändert
Apps/Support/MKVToolNix/doc/es/mkvtoolnix-gui.html,7324,7324,C972CA06,C972CA06,2026-09-14T14:08:00.762360+00:00,2026-09-29T23:36:25.531161+00:00,nur Zeit geändert
Apps/Support/MKVToolNix/doc/fr/mkvextract.html,62578,62578,32715B15,32715B15,2026-09-14T14:08:00.373360+00:00,2026-09-29T23:36:25.531625+00:00,nur Zeit geändert
Apps/Support/MKVToolNix/doc/fr/mkvinfo.html,25997,25997,7DAF41B9,7DAF41B9,2026-09-14T14:07:59.915360+00:00,2026-09-29T23:36:25.531929+00:00,nur Zeit geändert
Apps/Support/MKVToolNix/doc/fr/mkvmerge.html,277132,277132,66D0998E,66D0998E,2026-09-14T14:08:00.618358+00:00,2026-09-29T23:36:25.533160+00:00,nur Zeit geändert
Apps/Support/MKVToolNix/doc/fr/mkvpropedit.html,67831,67831,5CF9CB4B,5CF9CB4B,2026-09-14T14:07:59.871356+00:00,2026-09-29T23:36:25.533649+00:00,nur Zeit geändert
Apps/Support/MKVToolNix/doc/fr/mkvtoolnix-doc.css,2845,2845,ECF30D26,ECF30D26,2026-09-14T14:07:54.467358+00:00,2026-09-29T23:36:25.533916+00:00,nur Zeit geändert
Apps/Support/MKVToolNix/doc/fr/mkvtoolnix-gui.html,7264,7264,4CE14D02,4CE14D02,2026-09-14T14:07:59.724360+00:00,2026-09-29T23:36:25.534156+00:00,nur Zeit geändert
Apps/Support/MKVToolNix/doc/hu/mkvextract.html,61714,61714,7783388B,7783388B,2026-09-14T14:08:00.192360+00:00,2026-09-29T23:36:25.534603+00:00,nur Zeit geändert
Apps/Support/MKVToolNix/doc/hu/mkvinfo.html,25750,25750,B7F3AB41,B7F3AB41,2026-09-14T14:08:00.296360+00:00,2026-09-29T23:36:25.534883+00:00,nur Zeit geändert
Apps/Support/MKVToolNix/doc/hu/mkvmerge.html,275403,275403,4D9DF6CE,4D9DF6CE,2026-09-14T14:08:00.800360+00:00,2026-09-29T23:36:25.536060+00:00,nur Zeit geändert
Apps/Support/MKVToolNix/doc/hu/mkvpropedit.html,67146,67146,68B15908,68B15908,2026-09-14T14:08:00.687358+00:00,2026-09-29T23:36:25.536571+00:00,nur Zeit geändert
Apps/Support/MKVToolNix/doc/hu/mkvtoolnix-doc.css,2845,2845,ECF30D26,ECF30D26,2026-09-14T14:07:54.476358+00:00,2026-09-29T23:36:25.536824+00:00,nur Zeit geändert
Apps/Support/MKVToolNix/doc/hu/mkvtoolnix-gui.html,7102,7102,1BE4CE99,1BE4CE99,2026-09-14T14:07:59.909358+00:00,2026-09-29T23:36:25.537035+00:00,nur Zeit geändert
Apps/Support/MKVToolNix/doc/it/mkvextract.html,60799,60799,5732BC45,5732BC45,2026-09-14T14:08:00.311360+00:00,2026-09-29T23:36:25.537475+00:00,nur Zeit geändert
Apps/Support/MKVToolNix/doc/it/mkvinfo.html,25282,25282,69322AA3,69322AA3,2026-09-14T14:08:00.915360+00:00,2026-09-29T23:36:25.537739+00:00,nur Zeit geändert
Apps/Support/MKVToolNix/doc/it/mkvmerge.html,261610,261610,9CD79ED0,9CD79ED0,2026-09-14T14:08:01.393358+00:00,2026-09-29T23:36:25.538852+00:00,nur Zeit geändert
Apps/Support/MKVToolNix/doc/it/mkvpropedit.html,63706,63706,E972BD00,E972BD00,2026-09-14T14:08:01.212358+00:00,2026-09-29T23:36:25.539510+00:00,nur Zeit geändert
Apps/Support/MKVToolNix/doc/it/mkvtoolnix-doc.css,2845,2845,ECF30D26,ECF30D26,2026-09-14T14:07:54.484358+00:00,2026-09-29T23:36:25.539740+00:00,nur Zeit geändert
Apps/Support/MKVToolNix/doc/it/mkvtoolnix-gui.html,6841,6841,B592C6F9,B592C6F9,2026-09-14T14:08:00.703360+00:00,2026-09-29T23:36:25.540044+00:00,nur Zeit geändert
Apps/Support/MKVToolNix/doc/ja/mkvextract.html,61686,61686,5A893142,5A893142,2026-09-14T14:08:00.975356+00:00,2026-09-29T23:36:25.540528+00:00,nur Zeit geändert
Apps/Support/MKVToolNix/doc/ja/mkvinfo.html,25611,25611,D76D1A61,D76D1A61,2026-09-14T14:08:00.636358+00:00,2026-09-29T23:36:25.540796+00:00,nur Zeit geändert
Apps/Support/MKVToolNix/doc/ja/mkvmerge.html,274689,274689,F4938B18,F4938B18,2026-09-14T14:08:01.842360+00:00,2026-09-29T23:36:25.541920+00:00,nur Zeit geändert
Apps/Support/MKVToolNix/doc/ja/mkvpropedit.html,65527,65527,28CF7B49,28CF7B49,2026-09-14T14:08:01.404360+00:00,2026-09-29T23:36:25.542424+00:00,nur Zeit geändert
Apps/Support/MKVToolNix/doc/ja/mkvtoolnix-doc.css,2845,2845,ECF30D26,ECF30D26,2026-09-14T14:07:54.493358+00:00,2026-09-29T23:36:25.542656+00:00,nur Zeit geändert
Apps/Support/MKVToolNix/doc/ja/mkvtoolnix-gui.html,7154,7154,33169073,33169073,2026-09-14T14:08:00.846360+00:00,2026-09-29T23:36:25.542852+00:00,nur Zeit geändert
Apps/Support/MKVToolNix/doc/ko/mkvextract.html,59611,59611,966DE519,966DE519,2026-09-14T14:08:01.195358+00:00,2026-09-29T23:36:25.543289+00:00,nur Zeit geändert
Apps/Support/MKVToolNix/doc/ko/mkvinfo.html,24876,24876,38EF36F4,38EF36F4,2026-09-14T14:08:02.194358+00:00,2026-09-29T23:36:25.543563+00:00,nur Zeit geändert
Apps/Support/MKVToolNix/doc/ko/mkvmerge.html,262675,262675,D5156C3B,D5156C3B,2026-09-14T14:08:03.278360+00:00,2026-09-29T23:36:25.544556+00:00,nur Zeit geändert
Apps/Support/MKVToolNix/doc/ko/mkvpropedit.html,63768,63768,DBF2F18E,DBF2F18E,2026-09-14T14:08:02.812360+00:00,2026-09-29T23:36:25.545012+00:00,nur Zeit geändert
Apps/Support/MKVToolNix/doc/ko/mkvtoolnix-doc.css,2845,2845,ECF30D26,ECF30D26,2026-09-14T14:07:54.502355+00:00,2026-09-29T23:36:25.545265+00:00,nur Zeit geändert
Apps/Support/MKVToolNix/doc/ko/mkvtoolnix-gui.html,6853,6853,17F28588,17F28588,2026-09-14T14:08:02.717360+00:00,2026-09-29T23:36:25.545475+00:00,nur Zeit geändert
Apps/Support/MKVToolNix/doc/licenses/Boost-1.0.txt,1338,1338,0C53B40C,0C53B40C,2026-09-14T14:07:54.302358+00:00,2026-09-29T23:36:25.545696+00:00,nur Zeit geändert
Apps/Support/MKVToolNix/doc/licenses/CC-BY-3.0.txt,19467,19467,CB757A76,CB757A76,2026-09-14T14:07:54.302358+00:00,2026-09-29T23:36:25.546108+00:00,nur Zeit geändert
Apps/Support/MKVToolNix/doc/licenses/LGPL-2.1.txt,26530,26530,5622583E,5622583E,2026-09-14T14:07:54.302358+00:00,2026-09-29T23:36:25.546555+00:00,nur Zeit geändert
Apps/Support/MKVToolNix/doc/licenses/LGPL-3.0.txt,7651,7651,17E4701B,17E4701B,2026-09-14T14:07:54.302358+00:00,2026-09-29T23:36:25.546803+00:00,nur Zeit geändert
Apps/Support/MKVToolNix/doc/licenses/nlohmann-json-MIT.txt,1076,1076,D3B85381,D3B85381,2026-09-14T14:07:54.302358+00:00,2026-09-29T23:36:25.547196+00:00,nur Zeit geändert
Apps/Support/MKVToolNix/doc/licenses/pugixml-MIT.txt,1079,1079,8834BB8F,8834BB8F,2026-09-14T14:07:54.302358+00:00,2026-09-29T23:36:25.547371+00:00,nur Zeit geändert
Apps/Support/MKVToolNix/doc/licenses/QtWaitingSpinner-MIT.txt,1135,1135,6C66C877,6C66C877,2026-09-14T14:07:54.302358+00:00,2026-09-29T23:36:25.546988+00:00,nur Zeit geändert
Apps/Support/MKVToolNix/doc/nb/mkvextract.html,59763,59763,806B0F38,806B0F38,2026-09-14T14:08:02.539360+00:00,2026-09-29T23:36:25.547771+00:00,nur Zeit geändert
Apps/Support/MKVToolNix/doc/nb/mkvinfo.html,24945,24945,AECBA661,AECBA661,2026-09-14T14:08:02.459360+00:00,2026-09-29T23:36:25.548059+00:00,nur Zeit geändert
Apps/Support/MKVToolNix/doc/nb/mkvmerge.html,261296,261296,7F4C9841,7F4C9841,2026-09-14T14:08:03.415360+00:00,2026-09-29T23:36:25.549198+00:00,nur Zeit geändert
Apps/Support/MKVToolNix/doc/nb/mkvpropedit.html,64068,64068,EFCAF3C9,EFCAF3C9,2026-09-14T14:08:03.288360+00:00,2026-09-29T23:36:25.549670+00:00,nur Zeit geändert
Apps/Support/MKVToolNix/doc/nb/mkvtoolnix-doc.css,2845,2845,ECF30D26,ECF30D26,2026-09-14T14:07:54.510358+00:00,2026-09-29T23:36:25.549936+00:00,nur Zeit geändert
Apps/Support/MKVToolNix/doc/nb/mkvtoolnix-gui.html,6637,6637,51017395,51017395,2026-09-14T14:08:02.816360+00:00,2026-09-29T23:36:25.550195+00:00,nur Zeit geändert
Apps/Support/MKVToolNix/doc/NEWS.txt,611262,611262,6D2FA7EA,6D2FA7EA,2026-09-14T14:07:54.300358+00:00,2026-09-29T23:36:25.503444+00:00,nur Zeit geändert
Apps/Support/MKVToolNix/doc/nl/mkvextract.html,61374,61374,8FBC8C8F,8FBC8C8F,2026-09-14T14:08:02.888358+00:00,2026-09-29T23:36:25.550619+00:00,nur Zeit geändert
Apps/Support/MKVToolNix/doc/nl/mkvinfo.html,25402,25402,0360F337,0360F337,2026-09-14T14:08:02.841360+00:00,2026-09-29T23:36:25.550884+00:00,nur Zeit geändert
Apps/Support/MKVToolNix/doc/nl/mkvmerge.html,269281,269281,E722EFED,E722EFED,2026-09-14T14:08:03.735356+00:00,2026-09-29T23:36:25.551961+00:00,nur Zeit geändert
Apps/Support/MKVToolNix/doc/nl/mkvpropedit.html,65428,65428,CDFE50BC,CDFE50BC,2026-09-14T14:08:02.979360+00:00,2026-09-29T23:36:25.552456+00:00,nur Zeit geändert
Apps/Support/MKVToolNix/doc/nl/mkvtoolnix-doc.css,2845,2845,ECF30D26,ECF30D26,2026-09-14T14:07:54.518358+00:00,2026-09-29T23:36:25.552702+00:00,nur Zeit geändert
Apps/Support/MKVToolNix/doc/nl/mkvtoolnix-gui.html,6960,6960,9FB34AEB,9FB34AEB,2026-09-14T14:08:03.166358+00:00,2026-09-29T23:36:25.552904+00:00,nur Zeit geändert
Apps/Support/MKVToolNix/doc/pl/mkvextract.html,61426,61426,828D5D4B,828D5D4B,2026-09-14T14:08:03.260360+00:00,2026-09-29T23:36:25.553358+00:00,nur Zeit geändert
Apps/Support/MKVToolNix/doc/pl/mkvinfo.html,25423,25423,5C4944FA,5C4944FA,2026-09-14T14:08:03.812360+00:00,2026-09-29T23:36:25.553648+00:00,nur Zeit geändert
Apps/Support/MKVToolNix/doc/pl/mkvmerge.html,263359,263359,4F1F7033,4F1F7033,2026-09-14T14:08:03.693360+00:00,2026-09-29T23:36:25.554577+00:00,nur Zeit geändert
Apps/Support/MKVToolNix/doc/pl/mkvpropedit.html,64459,64459,4EF48391,4EF48391,2026-09-14T14:08:03.204361+00:00,2026-09-29T23:36:25.555025+00:00,nur Zeit geändert
Apps/Support/MKVToolNix/doc/pl/mkvtoolnix-doc.css,2845,2845,ECF30D26,ECF30D26,2026-09-14T14:07:54.528358+00:00,2026-09-29T23:36:25.555278+00:00,nur Zeit geändert
Apps/Support/MKVToolNix/doc/pl/mkvtoolnix-gui.html,7143,7143,C145CAB8,C145CAB8,2026-09-14T14:08:03.749356+00:00,2026-09-29T23:36:25.555483+00:00,nur Zeit geändert
Apps/Support/MKVToolNix/doc/README.txt,18086,18086,DB665559,DB665559,2026-09-14T14:07:54.299358+00:00,2026-09-29T23:36:25.509456+00:00,nur Zeit geändert
Apps/Support/MKVToolNix/doc/ru/mkvextract.html,72257,72257,F1EC5B12,F1EC5B12,2026-09-14T14:08:03.630360+00:00,2026-09-29T23:36:25.555942+00:00,nur Zeit geändert
Apps/Support/MKVToolNix/doc/ru/mkvinfo.html,30092,30092,03C345F3,03C345F3,2026-09-14T14:08:03.426356+00:00,2026-09-29T23:36:25.556286+00:00,nur Zeit geändert
Apps/Support/MKVToolNix/doc/ru/mkvmerge.html,331765,331765,9A1C5C01,9A1C5C01,2026-09-14T14:08:03.941360+00:00,2026-09-29T23:36:25.557792+00:00,nur Zeit geändert
Apps/Support/MKVToolNix/doc/ru/mkvpropedit.html,78849,78849,3B410B07,3B410B07,2026-09-14T14:08:03.926356+00:00,2026-09-29T23:36:25.558544+00:00,nur Zeit geändert
Apps/Support/MKVToolNix/doc/ru/mkvtoolnix-doc.css,2845,2845,ECF30D26,ECF30D26,2026-09-14T14:07:54.536358+00:00,2026-09-29T23:36:25.558790+00:00,nur Zeit geändert
Apps/Support/MKVToolNix/doc/ru/mkvtoolnix-gui.html,8423,8423,CBA4F603,CBA4F603,2026-09-14T14:08:03.948360+00:00,2026-09-29T23:36:25.558998+00:00,nur Zeit geändert
Apps/Support/MKVToolNix/doc/uk/mkvextract.html,71222,71222,DF718778,DF718778,2026-09-14T14:08:04.439360+00:00,2026-09-29T23:36:25.559560+00:00,nur Zeit geändert
Apps/Support/MKVToolNix/doc/uk/mkvinfo.html,29857,29857,FB817874,FB817874,2026-09-14T14:08:04.007360+00:00,2026-09-29T23:36:25.559854+00:00,nur Zeit geändert
Apps/Support/MKVToolNix/doc/uk/mkvmerge.html,326183,326183,B2D74153,B2D74153,2026-09-14T14:08:04.049360+00:00,2026-09-29T23:36:25.561292+00:00,nur Zeit geändert
Apps/Support/MKVToolNix/doc/uk/mkvpropedit.html,77593,77593,3867026E,3867026E,2026-09-14T14:08:04.079361+00:00,2026-09-29T23:36:25.561964+00:00,nur Zeit geändert
Apps/Support/MKVToolNix/doc/uk/mkvtoolnix-doc.css,2845,2845,ECF30D26,ECF30D26,2026-09-14T14:07:54.544355+00:00,2026-09-29T23:36:25.562264+00:00,nur Zeit geändert
Apps/Support/MKVToolNix/doc/uk/mkvtoolnix-gui.html,8697,8697,842E7C50,842E7C50,2026-09-14T14:08:04.290360+00:00,2026-09-29T23:36:25.562481+00:00,nur Zeit geändert
Apps/Support/MKVToolNix/doc/zh_CN/mkvextract.html,55667,55667,B04F3EE0,B04F3EE0,2026-09-14T14:08:04.457360+00:00,2026-09-29T23:36:25.562892+00:00,nur Zeit geändert
Apps/Support/MKVToolNix/doc/zh_CN/mkvinfo.html,23353,23353,3700A269,3700A269,2026-09-14T14:08:04.536360+00:00,2026-09-29T23:36:25.563339+00:00,nur Zeit geändert
Apps/Support/MKVToolNix/doc/zh_CN/mkvmerge.html,239777,239777,F1F18D60,F1F18D60,2026-09-14T14:08:04.659358+00:00,2026-09-29T23:36:25.564467+00:00,nur Zeit geändert
Apps/Support/MKVToolNix/doc/zh_CN/mkvpropedit.html,59060,59060,A33FA52E,A33FA52E,2026-09-14T14:08:04.723360+00:00,2026-09-29T23:36:25.564940+00:00,nur Zeit geändert
Apps/Support/MKVToolNix/doc/zh_CN/mkvtoolnix-doc.css,2845,2845,ECF30D26,ECF30D26,2026-09-14T14:07:54.553358+00:00,2026-09-29T23:36:25.565209+00:00,nur Zeit geändert
Apps/Support/MKVToolNix/doc/zh_CN/mkvtoolnix-gui.html,6618,6618,14BD1A03,14BD1A03,2026-09-14T14:08:04.525360+00:00,2026-09-29T23:36:25.565416+00:00,nur Zeit geändert
Apps/Support/MKVToolNix/doc/zh_TW/mkvextract.html,55674,55674,ED4EB59C,ED4EB59C,2026-09-14T14:08:04.654360+00:00,2026-09-29T23:36:25.565763+00:00,nur Zeit geändert
Apps/Support/MKVToolNix/doc/zh_TW/mkvinfo.html,23353,23353,7CDC34CF,7CDC34CF,2026-09-14T14:08:04.600361+00:00,2026-09-29T23:36:25.566059+00:00,nur Zeit geändert
Apps/Support/MKVToolNix/doc/zh_TW/mkvmerge.html,240315,240315,5590BEC8,5590BEC8,2026-09-14T14:08:04.770358+00:00,2026-09-29T23:36:25.566534+00:00,nur Zeit geändert
Apps/Support/MKVToolNix/doc/zh_TW/mkvpropedit.html,59275,59275,BF3A16CF,BF3A16CF,2026-09-14T14:08:04.747360+00:00,2026-09-29T23:36:25.566875+00:00,nur Zeit geändert
Apps/Support/MKVToolNix/doc/zh_TW/mkvtoolnix-doc.css,2845,2845,ECF30D26,ECF30D26,2026-09-14T14:07:54.562358+00:00,2026-09-29T23:36:25.567110+00:00,nur Zeit geändert
Apps/Support/MKVToolNix/doc/zh_TW/mkvtoolnix-gui.html,6496,6496,3FEE2C46,3FEE2C46,2026-09-14T14:08:04.732361+00:00,2026-09-29T23:36:25.567299+00:00,nur Zeit geändert
Apps/Support/MKVToolNix/examples/example-chapters-1.xml,2477,2477,B65996DD,B65996DD,2026-09-14T14:07:54.266355+00:00,2026-09-29T23:36:25.567510+00:00,nur Zeit geändert
Apps/Support/MKVToolNix/examples/example-chapters-2.xml,4301,4301,B1258B0B,B1258B0B,2026-09-14T14:07:54.266355+00:00,2026-09-29T23:36:25.567694+00:00,nur Zeit geändert
Apps/Support/MKVToolNix/examples/example-cue-sheet-1.cue,2221,2221,291BE9B0,291BE9B0,2026-09-14T14:07:54.266355+00:00,2026-09-29T23:36:25.567892+00:00,nur Zeit geändert
Apps/Support/MKVToolNix/examples/example-segmentinfo-1.xml,712,712,FDFDC403,FDFDC403,2026-09-14T14:07:54.266355+00:00,2026-09-29T23:36:25.568065+00:00,nur Zeit geändert
Apps/Support/MKVToolNix/examples/example-tags-2.xml,1051,1051,655197B6,655197B6,2026-09-14T14:07:54.266355+00:00,2026-09-29T23:36:25.568280+00:00,nur Zeit geändert
Apps/Support/MKVToolNix/examples/example-timestamps-v1.json,908,908,CE7FC823,CE7FC823,2026-09-14T14:07:54.266355+00:00,2026-09-29T23:36:25.568456+00:00,nur Zeit geändert
Apps/Support/MKVToolNix/examples/example-timestamps-v1.txt,914,914,DAFEE632,DAFEE632,2026-09-14T14:07:54.266355+00:00,2026-09-29T23:36:25.568628+00:00,nur Zeit geändert
Apps/Support/MKVToolNix/examples/example-timestamps-v2.json,918,918,8CAC546C,8CAC546C,2026-09-14T14:07:54.266355+00:00,2026-09-29T23:36:25.568792+00:00,nur Zeit geändert
Apps/Support/MKVToolNix/examples/example-timestamps-v2.txt,793,793,809BB4A0,809BB4A0,2026-09-14T14:07:54.266355+00:00,2026-09-29T23:36:25.568950+00:00,nur Zeit geändert
Apps/Support/MKVToolNix/examples/matroskachapters.dtd,2258,2258,4E359276,4E359276,2026-09-14T14:07:54.266355+00:00,2026-09-29T23:36:25.569153+00:00,nur Zeit geändert
Apps/Support/MKVToolNix/examples/matroskasegmentinfo.dtd,1020,1020,298FA814,298FA814,2026-09-14T14:07:54.266355+00:00,2026-09-29T23:36:25.569336+00:00,nur Zeit geändert
Apps/Support/MKVToolNix/examples/matroskatags.dtd,888,888,466B8EF2,466B8EF2,2026-09-14T14:07:54.266355+00:00,2026-09-29T23:36:25.569499+00:00,nur Zeit geändert
Apps/Support/MKVToolNix/locale/be/LC_MESSAGES/mkvtoolnix.mo,529504,529504,500F4143,500F4143,2026-09-14T14:07:54.304355+00:00,2026-09-29T23:36:25.573862+00:00,nur Zeit geändert
Apps/Support/MKVToolNix/locale/bg/LC_MESSAGES/mkvtoolnix.mo,340909,340909,5D82070E,5D82070E,2026-09-14T14:07:54.307358+00:00,2026-09-29T23:36:25.576499+00:00,nur Zeit geändert
Apps/Support/MKVToolNix/locale/ca/LC_MESSAGES/mkvtoolnix.mo,429921,429921,E7117C72,E7117C72,2026-09-14T14:07:54.309358+00:00,2026-09-29T23:36:25.579054+00:00,nur Zeit geändert
Apps/Support/MKVToolNix/locale/cs/LC_MESSAGES/mkvtoolnix.mo,421481,421481,4C32B863,4C32B863,2026-09-14T14:07:54.312358+00:00,2026-09-29T23:36:25.581836+00:00,nur Zeit geändert
Apps/Support/MKVToolNix/locale/de/LC_MESSAGES/mkvtoolnix.mo,433234,433234,9D02E619,9D02E619,2026-09-14T14:07:54.314358+00:00,2026-09-29T23:36:25.584345+00:00,nur Zeit geändert
Apps/Support/MKVToolNix/locale/es/LC_MESSAGES/mkvtoolnix.mo,436053,436053,E551B30E,E551B30E,2026-09-14T14:07:54.316358+00:00,2026-09-29T23:36:25.586670+00:00,nur Zeit geändert
Apps/Support/MKVToolNix/locale/eu/LC_MESSAGES/mkvtoolnix.mo,318250,318250,1A2A9742,1A2A9742,2026-09-14T14:07:54.318355+00:00,2026-09-29T23:36:25.589320+00:00,nur Zeit geändert
Apps/Support/MKVToolNix/locale/fr/LC_MESSAGES/mkvtoolnix.mo,439218,439218,0DEB6172,0DEB6172,2026-09-14T14:07:54.321358+00:00,2026-09-29T23:36:25.591646+00:00,nur Zeit geändert
Apps/Support/MKVToolNix/locale/hu/LC_MESSAGES/mkvtoolnix.mo,430366,430366,0F5848FF,0F5848FF,2026-09-14T14:07:54.323358+00:00,2026-09-29T23:36:25.594516+00:00,nur Zeit geändert
Apps/Support/MKVToolNix/locale/it/LC_MESSAGES/mkvtoolnix.mo,419468,419468,7D38EC3C,7D38EC3C,2026-09-14T14:07:54.326358+00:00,2026-09-29T23:36:25.596963+00:00,nur Zeit geändert
Apps/Support/MKVToolNix/locale/ja/LC_MESSAGES/mkvtoolnix.mo,465201,465201,60ABF156,60ABF156,2026-09-14T14:07:54.328358+00:00,2026-09-29T23:36:25.599771+00:00,nur Zeit geändert
Apps/Support/MKVToolNix/locale/ko/LC_MESSAGES/mkvtoolnix.mo,341987,341987,06B29701,06B29701,2026-09-14T14:07:54.331358+00:00,2026-09-29T23:36:25.602216+00:00,nur Zeit geändert
Apps/Support/MKVToolNix/locale/libqt/qt_ar.qm,160017,160017,A6AB0012,A6AB0012,2026-09-14T14:07:54.369358+00:00,2026-09-29T23:36:25.604025+00:00,nur Zeit geändert
Apps/Support/MKVToolNix/locale/libqt/qt_bg.qm,165337,165337,04D51DCF,04D51DCF,2026-09-14T14:07:54.370355+00:00,2026-09-29T23:36:25.605188+00:00,nur Zeit geändert
Apps/Support/MKVToolNix/locale/libqt/qt_ca.qm,209899,209899,605D1EBC,605D1EBC,2026-09-14T14:07:54.371356+00:00,2026-09-29T23:36:25.606708+00:00,nur Zeit geändert
Apps/Support/MKVToolNix/locale/libqt/qt_cs.qm,174701,174701,2D2415F0,2D2415F0,2026-09-14T14:07:54.371356+00:00,2026-09-29T23:36:25.607894+00:00,nur Zeit geändert
Apps/Support/MKVToolNix/locale/libqt/qt_da.qm,181387,181387,CE4CCA96,CE4CCA96,2026-09-14T14:07:54.372358+00:00,2026-09-29T23:36:25.609064+00:00,nur Zeit geändert
Apps/Support/MKVToolNix/locale/libqt/qt_de.qm,223404,223404,E0658C8C,E0658C8C,2026-09-14T14:07:54.373358+00:00,2026-09-29T23:36:25.610408+00:00,nur Zeit geändert
Apps/Support/MKVToolNix/locale/libqt/qt_en.qm,33,33,EC1E1D50,EC1E1D50,2026-09-14T14:07:54.374355+00:00,2026-09-29T23:36:25.610708+00:00,nur Zeit geändert
Apps/Support/MKVToolNix/locale/libqt/qt_es.qm,165170,165170,B025B808,B025B808,2026-09-14T14:07:54.375358+00:00,2026-09-29T23:36:25.611667+00:00,nur Zeit geändert
Apps/Support/MKVToolNix/locale/libqt/qt_fa.qm,148156,148156,20C4BD5D,20C4BD5D,2026-09-14T14:07:54.375358+00:00,2026-09-29T23:36:25.612696+00:00,nur Zeit geändert
Apps/Support/MKVToolNix/locale/libqt/qt_fi.qm,179941,179941,E083A220,E083A220,2026-09-14T14:07:54.376358+00:00,2026-09-29T23:36:25.613833+00:00,nur Zeit geändert
Apps/Support/MKVToolNix/locale/libqt/qt_fr.qm,159463,159463,DDF838CF,DDF838CF,2026-09-14T14:07:54.377355+00:00,2026-09-29T23:36:25.614891+00:00,nur Zeit geändert
Apps/Support/MKVToolNix/locale/libqt/qt_gd.qm,189580,189580,06931D15,06931D15,2026-09-14T14:07:54.378356+00:00,2026-09-29T23:36:25.616052+00:00,nur Zeit geändert
Apps/Support/MKVToolNix/locale/libqt/qt_gl.qm,323590,323590,9C1AE982,9C1AE982,2026-09-14T14:07:54.379358+00:00,2026-09-29T23:36:25.618379+00:00,nur Zeit geändert
Apps/Support/MKVToolNix/locale/libqt/qt_he.qm,138690,138690,4CF37141,4CF37141,2026-09-14T14:07:54.380358+00:00,2026-09-29T23:36:25.619572+00:00,nur Zeit geändert
Apps/Support/MKVToolNix/locale/libqt/qt_hr.qm,149711,149711,F3E33B9B,F3E33B9B,2026-09-14T14:07:54.381355+00:00,2026-09-29T23:36:25.620608+00:00,nur Zeit geändert
Apps/Support/MKVToolNix/locale/libqt/qt_hu.qm,205885,205885,4EB1116F,4EB1116F,2026-09-14T14:07:54.382358+00:00,2026-09-29T23:36:25.622179+00:00,nur Zeit geändert
Apps/Support/MKVToolNix/locale/libqt/qt_it.qm,161166,161166,A0D6BB6C,A0D6BB6C,2026-09-14T14:07:54.383358+00:00,2026-09-29T23:36:25.623273+00:00,nur Zeit geändert
Apps/Support/MKVToolNix/locale/libqt/qt_ja.qm,129913,129913,C71F25E0,C71F25E0,2026-09-14T14:07:54.383358+00:00,2026-09-29T23:36:25.624273+00:00,nur Zeit geändert
Apps/Support/MKVToolNix/locale/libqt/qt_ka.qm,201105,201105,BFFC1303,BFFC1303,2026-09-14T14:07:54.384355+00:00,2026-09-29T23:36:25.625518+00:00,nur Zeit geändert
Apps/Support/MKVToolNix/locale/libqt/qt_ko.qm,156799,156799,98927443,98927443,2026-09-14T14:07:54.385358+00:00,2026-09-29T23:36:25.626656+00:00,nur Zeit geändert
Apps/Support/MKVToolNix/locale/libqt/qt_lg.qm,315764,315764,FCE249B2,FCE249B2,2026-09-14T14:07:54.386358+00:00,2026-09-29T23:36:25.628881+00:00,nur Zeit geändert
Apps/Support/MKVToolNix/locale/libqt/qt_lt.qm,165383,165383,8CA06E1C,8CA06E1C,2026-09-14T14:07:54.387358+00:00,2026-09-29T23:36:25.630363+00:00,nur Zeit geändert
Apps/Support/MKVToolNix/locale/libqt/qt_lv.qm,153608,153608,F02A3FF0,F02A3FF0,2026-09-14T14:07:54.388358+00:00,2026-09-29T23:36:25.631571+00:00,nur Zeit geändert
Apps/Support/MKVToolNix/locale/libqt/qt_nl.qm,202861,202861,80B7281F,80B7281F,2026-09-14T14:07:54.388358+00:00,2026-09-29T23:36:25.632835+00:00,nur Zeit geändert
Apps/Support/MKVToolNix/locale/libqt/qt_nn.qm,196411,196411,B2B27360,B2B27360,2026-09-14T14:07:54.389358+00:00,2026-09-29T23:36:25.634112+00:00,nur Zeit geändert
Apps/Support/MKVToolNix/locale/libqt/qt_pl.qm,162962,162962,8EE35287,8EE35287,2026-09-14T14:07:54.390358+00:00,2026-09-29T23:36:25.635195+00:00,nur Zeit geändert
Apps/Support/MKVToolNix/locale/libqt/qt_pt_BR.qm,290955,290955,6A717138,6A717138,2026-09-14T14:07:54.391355+00:00,2026-09-29T23:36:25.637172+00:00,nur Zeit geändert
Apps/Support/MKVToolNix/locale/libqt/qt_pt_PT.qm,70334,70334,9D8DBB06,9D8DBB06,2026-09-14T14:07:54.392358+00:00,2026-09-29T23:36:25.638059+00:00,nur Zeit geändert
Apps/Support/MKVToolNix/locale/libqt/qt_ru.qm,203767,203767,F411DE95,F411DE95,2026-09-14T14:07:54.392358+00:00,2026-09-29T23:36:25.639340+00:00,nur Zeit geändert
Apps/Support/MKVToolNix/locale/libqt/qt_sk.qm,125763,125763,7AB39573,7AB39573,2026-09-14T14:07:54.393358+00:00,2026-09-29T23:36:25.640339+00:00,nur Zeit geändert
Apps/Support/MKVToolNix/locale/libqt/qt_sl.qm,228428,228428,6B5D75A0,6B5D75A0,2026-09-14T14:07:54.394358+00:00,2026-09-29T23:36:25.642438+00:00,nur Zeit geändert
Apps/Support/MKVToolNix/locale/libqt/qt_sv.qm,198420,198420,A701FA18,A701FA18,2026-09-14T14:07:54.395358+00:00,2026-09-29T23:36:25.643785+00:00,nur Zeit geändert
Apps/Support/MKVToolNix/locale/libqt/qt_tr.qm,250823,250823,D7A3487F,D7A3487F,2026-09-14T14:07:54.395358+00:00,2026-09-29T23:36:25.645528+00:00,nur Zeit geändert
Apps/Support/MKVToolNix/locale/libqt/qt_uk.qm,158274,158274,DCB4101A,DCB4101A,2026-09-14T14:07:54.396358+00:00,2026-09-29T23:36:25.646736+00:00,nur Zeit geändert
Apps/Support/MKVToolNix/locale/libqt/qt_zh_CN.qm,147222,147222,D3020DFE,D3020DFE,2026-09-14T14:07:54.397358+00:00,2026-09-29T23:36:25.648168+00:00,nur Zeit geändert
Apps/Support/MKVToolNix/locale/libqt/qt_zh_TW.qm,126185,126185,B6EAC17C,B6EAC17C,2026-09-14T14:07:54.398355+00:00,2026-09-29T23:36:25.649067+00:00,nur Zeit geändert
Apps/Support/MKVToolNix/locale/lt/LC_MESSAGES/mkvtoolnix.mo,25548,25548,90EEF198,90EEF198,2026-09-14T14:07:54.333358+00:00,2026-09-29T23:36:25.649772+00:00,nur Zeit geändert
Apps/Support/MKVToolNix/locale/nb/LC_MESSAGES/mkvtoolnix.mo,401098,401098,1C828431,1C828431,2026-09-14T14:07:54.335358+00:00,2026-09-29T23:36:25.651448+00:00,nur Zeit geändert
Apps/Support/MKVToolNix/locale/nl/LC_MESSAGES/mkvtoolnix.mo,380168,380168,7AB93828,7AB93828,2026-09-14T14:07:54.337358+00:00,2026-09-29T23:36:25.657022+00:00,nur Zeit geändert
Apps/Support/MKVToolNix/locale/pl/LC_MESSAGES/mkvtoolnix.mo,431581,431581,F7B3DD3E,F7B3DD3E,2026-09-14T14:07:54.340358+00:00,2026-09-29T23:36:25.659987+00:00,nur Zeit geändert
Apps/Support/MKVToolNix/locale/pt/LC_MESSAGES/mkvtoolnix.mo,390140,390140,497CFF90,497CFF90,2026-09-14T14:07:54.344358+00:00,2026-09-29T23:36:25.662748+00:00,nur Zeit geändert
Apps/Support/MKVToolNix/locale/pt_BR/LC_MESSAGES/mkvtoolnix.mo,416951,416951,7AC04761,7AC04761,2026-09-14T14:07:54.342358+00:00,2026-09-29T23:36:25.664740+00:00,nur Zeit geändert
Apps/Support/MKVToolNix/locale/ro/LC_MESSAGES/mkvtoolnix.mo,87579,87579,FA9D0A30,FA9D0A30,2026-09-14T14:07:54.346355+00:00,2026-09-29T23:36:25.665958+00:00,nur Zeit geändert
Apps/Support/MKVToolNix/locale/ru/LC_MESSAGES/mkvtoolnix.mo,541128,541128,BCE20304,BCE20304,2026-09-14T14:07:54.348358+00:00,2026-09-29T23:36:25.669331+00:00,nur Zeit geändert
Apps/Support/MKVToolNix/locale/sr_RS/LC_MESSAGES/mkvtoolnix.mo,370294,370294,58ADD38B,58ADD38B,2026-09-14T14:07:54.352358+00:00,2026-09-29T23:36:25.672230+00:00,nur Zeit geändert
Apps/Support/MKVToolNix/locale/sr_RS@latin/LC_MESSAGES/mkvtoolnix.mo,312096,312096,6FD3B4C9,6FD3B4C9,2026-09-14T14:07:54.350356+00:00,2026-09-29T23:36:25.674251+00:00,nur Zeit geändert
Apps/Support/MKVToolNix/locale/sv/LC_MESSAGES/mkvtoolnix.mo,410889,410889,67FED1B3,67FED1B3,2026-09-14T14:07:54.355358+00:00,2026-09-29T23:36:25.677320+00:00,nur Zeit geändert
Apps/Support/MKVToolNix/locale/tr/LC_MESSAGES/mkvtoolnix.mo,416595,416595,FEAA4668,FEAA4668,2026-09-14T14:07:54.357356+00:00,2026-09-29T23:36:25.680000+00:00,nur Zeit geändert
Apps/Support/MKVToolNix/locale/uk/LC_MESSAGES/mkvtoolnix.mo,532143,532143,B9F28019,B9F28019,2026-09-14T14:07:54.360355+00:00,2026-09-29T23:36:25.683513+00:00,nur Zeit geändert
Apps/Support/MKVToolNix/locale/zh_CN/LC_MESSAGES/mkvtoolnix.mo,388135,388135,DB554699,DB554699,2026-09-14T14:07:54.362358+00:00,2026-09-29T23:36:25.686198+00:00,nur Zeit geändert
Apps/Support/MKVToolNix/locale/zh_SG/LC_MESSAGES/mkvtoolnix.mo,371677,371677,46358189,46358189,2026-09-14T14:07:54.364356+00:00,2026-09-29T23:36:25.687812+00:00,nur Zeit geändert
Apps/Support/MKVToolNix/locale/zh_TW/LC_MESSAGES/mkvtoolnix.mo,367355,367355,13999899,13999899,2026-09-14T14:07:54.367355+00:00,2026-09-29T23:36:25.690480+00:00,nur Zeit geändert
Apps/Support/MKVToolNix/mkvextract.exe,18413368,18413368,78E6F3EF,78E6F3EF,2026-09-14T14:08:06.084360+00:00,2026-09-29T23:36:48.563868+00:00,nur Zeit geändert
Apps/Support/MKVToolNix/mkvinfo.exe,16430392,16430392,5FD8E251,5FD8E251,2026-09-14T14:08:06.511360+00:00,2026-09-29T23:36:48.735872+00:00,nur Zeit geändert
Apps/Support/MKVToolNix/mkvmerge.exe,23072056,23072056,7344F300,7344F300,2026-09-14T14:08:12.290361+00:00,2026-09-29T23:36:48.975875+00:00,nur Zeit geändert
Apps/Support/MKVToolNix/mkvpropedit.exe,17244984,17244984,1BCB78CD,1BCB78CD,2026-09-14T14:08:15.257360+00:00,2026-09-29T23:36:49.175880+00:00,nur Zeit geändert
Apps/Support/MKVToolNix/mkvtoolnix-gui.exe,55049016,55049016,B4B58333,B4B58333,2026-09-14T14:08:18.529361+00:00,2026-09-29T23:36:49.847892+00:00,nur Zeit geändert
Apps/Support/MKVToolNix/MKVToolNix.url,52,52,80560E47,80560E47,2026-09-14T14:07:54.291358+00:00,2026-09-29T23:36:25.398870+00:00,nur Zeit geändert
Apps/Support/MKVToolNix/tools/bluray_dump.exe,15537664,15537664,BB3273CA,BB3273CA,2026-09-14T14:08:05.062360+00:00,2026-09-29T23:36:50.031894+00:00,nur Zeit geändert
Apps/Support/MKVToolNix/tools/ebml_validator.exe,15165952,15165952,A3844D93,A3844D93,2026-09-14T14:08:05.087360+00:00,2026-09-29T23:36:50.195897+00:00,nur Zeit geändert
Apps/Support/MKVToolNix/tools/hevcc_dump.exe,15193088,15193088,1FEF9DEF,1FEF9DEF,2026-09-14T14:08:05.112360+00:00,2026-09-29T23:36:50.359900+00:00,nur Zeit geändert
Apps/Support/MKVToolNix/tools/xyzvc_dump.exe,15964672,15964672,3398D5D9,3398D5D9,2026-09-14T14:08:05.138358+00:00,2026-09-29T23:36:50.527904+00:00,nur Zeit geändert
Apps/Support/MP4Box/all_opts.txt,14470,14470,60C2524F,60C2524F,2023-05-25T11:53:10.370704+00:00,2026-09-29T23:36:25.691236+00:00,nur Zeit geändert
Apps/Support/MP4Box/creds.key,16,16,A9BE5812,A9BE5812,2023-05-19T20:50:50.841430+00:00,2026-09-29T23:36:25.691608+00:00,nur Zeit geändert
Apps/Support/MP4Box/GPAC.cfg,446,446,A6FFA19F,A6FFA19F,2023-05-25T11:53:10.399710+00:00,2026-09-29T23:36:25.690873+00:00,nur Zeit geändert
Apps/Support/MP4Box/gpac.exe,8910336,8910336,E2E4766A,E2E4766A,2023-05-17T16:10:10.802334+00:00,2026-09-29T23:36:50.651907+00:00,nur Zeit geändert
Apps/Support/MP4Box/MP4Box.exe,9315328,9315328,79ADEE58,79ADEE58,2026-05-28T16:46:54+00:00,2026-09-29T23:36:50.647907+00:00,nur Zeit geändert
Apps/Support/mpv.net/D3DCompiler_47_cor3.dll,4916840,4916840,8B56A3EB,8B56A3EB,2024-02-21T12:59:56+00:00,2026-09-29T23:36:51.435920+00:00,nur Zeit geändert
Apps/Support/mpv.net/libmpv-2.dll,117140992,117140992,7AEE5093,7AEE5093,2026-01-09T00:14:13.095686+00:00,2026-09-29T23:36:52.831947+00:00,nur Zeit geändert
Apps/Support/mpv.net/libmpvnet.pdb,46064,46064,ADEE853F,ADEE853F,2026-01-09T05:18:28.420812+00:00,2026-09-29T23:36:26.124291+00:00,nur Zeit geändert
Apps/Support/mpv.net/Locale/bg/LC_MESSAGES/mpvnet.mo,12724,12724,5CC3EE07,5CC3EE07,2025-11-24T10:00:54+00:00,2026-09-29T23:36:26.120248+00:00,nur Zeit geändert
Apps/Support/mpv.net/Locale/de/LC_MESSAGES/mpvnet.mo,11510,11510,EB2C1ADE,EB2C1ADE,2025-11-24T10:00:54+00:00,2026-09-29T23:36:26.120598+00:00,nur Zeit geändert
Apps/Support/mpv.net/Locale/fr/LC_MESSAGES/mpvnet.mo,10888,10888,C816C9A2,C816C9A2,2025-11-24T10:00:54+00:00,2026-09-29T23:36:26.120896+00:00,nur Zeit geändert
Apps/Support/mpv.net/Locale/ja/LC_MESSAGES/mpvnet.mo,11963,11963,7BD9CF60,7BD9CF60,2025-11-24T10:00:54+00:00,2026-09-29T23:36:26.121219+00:00,nur Zeit geändert
Apps/Support/mpv.net/Locale/ko/LC_MESSAGES/mpvnet.mo,9697,9697,8D4BDEBF,8D4BDEBF,2025-11-24T10:00:54+00:00,2026-09-29T23:36:26.121537+00:00,nur Zeit geändert
Apps/Support/mpv.net/Locale/pl/LC_MESSAGES/mpvnet.mo,9912,9912,3C22D555,3C22D555,2025-11-24T10:00:54+00:00,2026-09-29T23:36:26.122139+00:00,nur Zeit geändert
Apps/Support/mpv.net/Locale/ru/LC_MESSAGES/mpvnet.mo,11427,11427,3D3D246A,3D3D246A,2025-11-24T10:00:54+00:00,2026-09-29T23:36:26.122486+00:00,nur Zeit geändert
Apps/Support/mpv.net/Locale/tr/LC_MESSAGES/mpvnet.mo,11316,11316,8063D10C,8063D10C,2025-11-24T10:00:54+00:00,2026-09-29T23:36:26.122787+00:00,nur Zeit geändert
Apps/Support/mpv.net/Locale/zh_CN/LC_MESSAGES/mpvnet.mo,10368,10368,D3EB4B97,D3EB4B97,2025-11-24T10:00:55+00:00,2026-09-29T23:36:26.123091+00:00,nur Zeit geändert
Apps/Support/mpv.net/MediaInfo.dll,8349568,8349568,717C2AB0,717C2AB0,2025-11-05T20:35:27.978971+00:00,2026-09-29T23:36:51.531923+00:00,nur Zeit geändert
Apps/Support/mpv.net/mpvnet.com,46592,46592,18F08175,18F08175,2019-06-22T05:39:01+00:00,2026-09-29T23:36:26.125217+00:00,nur Zeit geändert
Apps/Support/mpv.net/mpvnet.dll.config,114,114,2FB43241,2FB43241,2023-08-23T12:06:02.541184+00:00,2026-09-29T23:36:26.125440+00:00,nur Zeit geändert
Apps/Support/mpv.net/mpvnet.exe,166362041,0,1875D353,00000000,2026-01-09T05:20:01.375604+00:00,2026-09-29T23:36:52.887948+00:00,Inhalt geändert
Apps/Support/mpv.net/mpvnet.pdb,121464,121464,10F7987D,10F7987D,2026-01-09T05:19:58.477726+00:00,2026-09-29T23:36:26.127347+00:00,nur Zeit geändert
Apps/Support/mpv.net/NGettext.Wpf.pdb,19428,19428,9650DA71,9650DA71,2026-01-09T05:18:27.946132+00:00,2026-09-29T23:36:26.123572+00:00,nur Zeit geändert
Apps/Support/mpv.net/PenImc_cor3.dll,157960,157960,D6B382CE,D6B382CE,2025-11-19T16:13:46+00:00,2026-09-29T23:36:51.544278+00:00,nur Zeit geändert
Apps/Support/mpv.net/PresentationNative_cor3.dll,1235720,1235720,323979C7,323979C7,2025-11-17T17:18:40+00:00,2026-09-29T23:36:51.555923+00:00,nur Zeit geändert
Apps/Support/mpv.net/vcruntime140_cor3.dll,124544,124544,761AEC31,761AEC31,2025-10-30T23:57:46+00:00,2025-10-30T23:57:46+00:00,gleich
Apps/Support/mpv.net/wpfgfx_cor3.dll,1951496,1951496,DE5CB4F8,DE5CB4F8,2025-11-19T16:14:46+00:00,2025-11-19T16:14:46+00:00,gleich
Apps/Support/SubtitleEdit/Changelog.txt,42790,42790,50DF1912,50DF1912,2026-06-02T13:02:13.960875+00:00,2026-09-29T23:36:25.764281+00:00,nur Zeit geändert
Apps/Support/SubtitleEdit/Dictionaries/ar_NoBreakAfterList.xml,628,628,5ACF90B1,5ACF90B1,2026-03-13T12:36:43.002672+00:00,2026-09-29T23:36:25.764523+00:00,nur Zeit geändert
Apps/Support/SubtitleEdit/Dictionaries/bg_NoBreakAfterList.xml,396,396,85B4B1EE,85B4B1EE,2026-03-13T12:36:43.002672+00:00,2026-09-29T23:36:25.764697+00:00,nur Zeit geändert
Apps/Support/SubtitleEdit/Dictionaries/bs_NoBreakAfterList.xml,405,405,FDA13C3B,FDA13C3B,2026-03-13T12:36:43.002672+00:00,2026-09-29T23:36:25.764870+00:00,nur Zeit geändert
Apps/Support/SubtitleEdit/Dictionaries/cs_names.xml,313,313,8E609FA9,8E609FA9,2026-03-13T12:36:43.002672+00:00,2026-09-29T23:36:25.765230+00:00,nur Zeit geändert
Apps/Support/SubtitleEdit/Dictionaries/cs_NoBreakAfterList.xml,307,307,7EE7E727,7EE7E727,2026-03-13T12:36:43.002672+00:00,2026-09-29T23:36:25.765030+00:00,nur Zeit geändert
Apps/Support/SubtitleEdit/Dictionaries/da_DK_se.xml,4399,4399,8219D3AA,8219D3AA,2026-03-13T12:36:43.002672+00:00,2026-09-29T23:36:25.765596+00:00,nur Zeit geändert
Apps/Support/SubtitleEdit/Dictionaries/da_interjections_se.xml,744,744,2C246AD9,2C246AD9,2026-03-13T12:36:43.002672+00:00,2026-09-29T23:36:25.765987+00:00,nur Zeit geändert
Apps/Support/SubtitleEdit/Dictionaries/da_names.xml,8912,8912,03ECC0CA,03ECC0CA,2026-03-13T12:36:43.002672+00:00,2026-09-29T23:36:25.766251+00:00,nur Zeit geändert
Apps/Support/SubtitleEdit/Dictionaries/da_NoBreakAfterList.xml,520,520,683CCBA4,683CCBA4,2026-03-13T12:36:43.002672+00:00,2026-09-29T23:36:25.765779+00:00,nur Zeit geändert
Apps/Support/SubtitleEdit/Dictionaries/dan_OCRFixReplaceList.xml,28935,28935,64BC4585,64BC4585,2026-06-02T13:02:13.964611+00:00,2026-09-29T23:36:25.766641+00:00,nur Zeit geändert
Apps/Support/SubtitleEdit/Dictionaries/dan_WordSplitList.txt,28561,28561,F83D73E9,F83D73E9,2026-03-13T12:36:43.002672+00:00,2026-09-29T23:36:25.767216+00:00,nur Zeit geändert
Apps/Support/SubtitleEdit/Dictionaries/de_DE_frami.aff,19067,19067,0AB054E6,0AB054E6,2026-06-04T17:23:53.642344+00:00,2026-09-29T23:36:25.767548+00:00,nur Zeit geändert
Apps/Support/SubtitleEdit/Dictionaries/de_DE_frami.dic,4356903,4356903,97A46B99,97A46B99,2026-06-04T17:23:55.205646+00:00,2026-09-29T23:36:25.799449+00:00,nur Zeit geändert
Apps/Support/SubtitleEdit/Dictionaries/de_DE_se.xml,38778,38778,13B2E3C5,13B2E3C5,2026-03-13T12:36:43.002672+00:00,2026-09-29T23:36:25.804737+00:00,nur Zeit geändert
Apps/Support/SubtitleEdit/Dictionaries/de_names.xml,30977,30977,CBDE2E47,CBDE2E47,2026-03-13T12:36:43.002672+00:00,2026-09-29T23:36:25.805377+00:00,nur Zeit geändert
Apps/Support/SubtitleEdit/Dictionaries/de_NoBreakAfterList.xml,1108,1108,737F6175,737F6175,2026-03-13T12:36:43.002672+00:00,2026-09-29T23:36:25.804974+00:00,nur Zeit geändert
Apps/Support/SubtitleEdit/Dictionaries/deu_Nouns.txt,50478,50478,C076BBBD,C076BBBD,2026-03-13T12:36:43.018843+00:00,2026-09-29T23:36:25.806179+00:00,nur Zeit geändert
Apps/Support/SubtitleEdit/Dictionaries/deu_OCRFixReplaceList.xml,327368,327368,9D87A101,9D87A101,2026-06-02T13:02:13.967900+00:00,2026-09-29T23:36:25.808243+00:00,nur Zeit geändert
Apps/Support/SubtitleEdit/Dictionaries/deu_WordSplitList.txt,60592,60592,D148CF87,D148CF87,2026-03-13T12:36:43.018843+00:00,2026-09-29T23:36:25.809368+00:00,nur Zeit geändert
Apps/Support/SubtitleEdit/Dictionaries/ee_NoBreakAfterList.xml,278,278,48D2F816,48D2F816,2024-08-26T10:59:08.215078+00:00,2026-09-29T23:36:25.809609+00:00,nur Zeit geändert
Apps/Support/SubtitleEdit/Dictionaries/el_NoBreakAfterList.xml,2881,2881,9D8C2368,9D8C2368,2026-06-02T13:02:13.967900+00:00,2026-09-29T23:36:25.809814+00:00,nur Zeit geändert
Apps/Support/SubtitleEdit/Dictionaries/en_GB.aff,44158,44158,A075AF7F,A075AF7F,2026-06-04T17:23:33.407398+00:00,2026-09-29T23:36:25.810376+00:00,nur Zeit geändert
Apps/Support/SubtitleEdit/Dictionaries/en_GB.dic,1230571,1230571,FC2489C9,FC2489C9,2026-06-04T17:23:33.784971+00:00,2026-09-29T23:36:25.819449+00:00,nur Zeit geändert
Apps/Support/SubtitleEdit/Dictionaries/en_interjections_se.xml,662,662,DC169D93,DC169D93,2026-06-02T13:02:13.970598+00:00,2026-09-29T23:36:25.831528+00:00,nur Zeit geändert
Apps/Support/SubtitleEdit/Dictionaries/en_names.xml,46909,46909,96552EAA,96552EAA,2026-06-02T13:02:13.970598+00:00,2026-09-29T23:36:25.831990+00:00,nur Zeit geändert
Apps/Support/SubtitleEdit/Dictionaries/en_NoBreakAfterList.xml,415,415,EF2C1F41,EF2C1F41,2026-03-13T12:36:43.018843+00:00,2026-09-29T23:36:25.824483+00:00,nur Zeit geändert
Apps/Support/SubtitleEdit/Dictionaries/en_US.aff,3205,3205,4E9426D9,4E9426D9,2026-06-04T17:23:40.429267+00:00,2026-09-29T23:36:25.824716+00:00,nur Zeit geändert
Apps/Support/SubtitleEdit/Dictionaries/en_US.dic,551762,551762,4FB9C6F4,4FB9C6F4,2026-06-04T17:23:40.768331+00:00,2026-09-29T23:36:25.827449+00:00,nur Zeit geändert
Apps/Support/SubtitleEdit/Dictionaries/en_US_se.xml,31096,31096,9BABFF23,9BABFF23,2026-06-02T13:02:13.970598+00:00,2026-09-29T23:36:25.831288+00:00,nur Zeit geändert
Apps/Support/SubtitleEdit/Dictionaries/eng_OCRFixReplaceList.xml,182015,182015,C2E47F44,C2E47F44,2026-06-02T13:02:13.970598+00:00,2026-09-29T23:36:25.833364+00:00,nur Zeit geändert
Apps/Support/SubtitleEdit/Dictionaries/eng_WordSplitList.txt,183563,183563,3001F7D1,3001F7D1,2026-06-02T13:02:13.970598+00:00,2026-09-29T23:36:25.836702+00:00,nur Zeit geändert
Apps/Support/SubtitleEdit/Dictionaries/es_ES.aff,169202,169202,5D857755,5D857755,2026-06-04T17:24:16.989894+00:00,2026-09-29T23:36:25.838006+00:00,nur Zeit geändert
Apps/Support/SubtitleEdit/Dictionaries/es_ES.dic,715989,715989,2B361A2E,2B361A2E,2026-06-04T17:24:17.262448+00:00,2026-09-29T23:36:25.839451+00:00,nur Zeit geändert
Apps/Support/SubtitleEdit/Dictionaries/es_interjections_se.xml,1186,1186,FA9CBE95,FA9CBE95,2026-03-13T12:36:43.052009+00:00,2026-09-29T23:36:25.846232+00:00,nur Zeit geändert
Apps/Support/SubtitleEdit/Dictionaries/es_MX_se.xml,22363,22363,1FA6E122,1FA6E122,2026-03-13T12:36:43.050001+00:00,2026-09-29T23:36:25.845739+00:00,nur Zeit geändert
Apps/Support/SubtitleEdit/Dictionaries/es_names.xml,30609,30609,1CE51F0A,1CE51F0A,2026-03-13T12:36:43.052009+00:00,2026-09-29T23:36:25.846608+00:00,nur Zeit geändert
Apps/Support/SubtitleEdit/Dictionaries/es_NoBreakAfterList.xml,496,496,D3471EFB,D3471EFB,2026-06-02T13:02:13.970598+00:00,2026-09-29T23:36:25.845998+00:00,nur Zeit geändert
Apps/Support/SubtitleEdit/Dictionaries/et_interjections_se.xml,272,272,E4E42B0F,E4E42B0F,2026-03-13T12:36:43.052009+00:00,2026-09-29T23:36:25.846979+00:00,nur Zeit geändert
Apps/Support/SubtitleEdit/Dictionaries/et_NoBreakAfterList.xml,278,278,48D2F816,48D2F816,2026-03-13T12:36:43.052009+00:00,2026-09-29T23:36:25.846808+00:00,nur Zeit geändert
Apps/Support/SubtitleEdit/Dictionaries/fi_FI_se.xml,52348,52348,9DC35B3F,9DC35B3F,2026-03-13T12:36:43.052009+00:00,2026-09-29T23:36:25.847528+00:00,nur Zeit geändert
Apps/Support/SubtitleEdit/Dictionaries/fi_names.xml,80764,80764,385C6609,385C6609,2026-03-13T12:36:43.052009+00:00,2026-09-29T23:36:25.848499+00:00,nur Zeit geändert
Apps/Support/SubtitleEdit/Dictionaries/fi_NoBreakAfterList.xml,368,368,1254C228,1254C228,2026-03-13T12:36:43.052009+00:00,2026-09-29T23:36:25.847740+00:00,nur Zeit geändert
Apps/Support/SubtitleEdit/Dictionaries/fin_OCRFixReplaceList.xml,50029,50029,2A611A6E,2A611A6E,2026-03-13T12:36:43.052009+00:00,2026-09-29T23:36:25.849163+00:00,nur Zeit geändert
Apps/Support/SubtitleEdit/Dictionaries/fr.aff,201591,201591,32BD6C3B,32BD6C3B,2026-06-04T17:23:47.880720+00:00,2026-09-29T23:36:25.850230+00:00,nur Zeit geändert
Apps/Support/SubtitleEdit/Dictionaries/fr.dic,1227095,1227095,51CD009E,51CD009E,2026-06-04T17:23:48.644368+00:00,2026-09-29T23:36:25.855451+00:00,nur Zeit geändert
Apps/Support/SubtitleEdit/Dictionaries/fr_interjections_se.xml,479,479,6D3EB14C,6D3EB14C,2026-03-13T12:36:43.052009+00:00,2026-09-29T23:36:25.861936+00:00,nur Zeit geändert
Apps/Support/SubtitleEdit/Dictionaries/fr_names.xml,27567,27567,2E282324,2E282324,2026-03-13T12:36:43.052009+00:00,2026-09-29T23:36:25.862332+00:00,nur Zeit geändert
Apps/Support/SubtitleEdit/Dictionaries/fr_NoBreakAfterList.xml,404,404,B11E5576,B11E5576,2026-03-13T12:36:43.052009+00:00,2026-09-29T23:36:25.861692+00:00,nur Zeit geändert
Apps/Support/SubtitleEdit/Dictionaries/fra_OCRFixReplaceList.xml,12940,12940,E88E6FDD,E88E6FDD,2026-06-02T13:02:13.970598+00:00,2026-09-29T23:36:25.862628+00:00,nur Zeit geändert
Apps/Support/SubtitleEdit/Dictionaries/fra_WordSplitList.txt,42168,42168,AB5E0B02,AB5E0B02,2026-03-13T12:36:43.052009+00:00,2026-09-29T23:36:25.863321+00:00,nur Zeit geändert
Apps/Support/SubtitleEdit/Dictionaries/hr_names.xml,14865,14865,DF8B700B,DF8B700B,2026-03-13T12:36:43.066112+00:00,2026-09-29T23:36:25.863816+00:00,nur Zeit geändert
Apps/Support/SubtitleEdit/Dictionaries/hr_NoBreakAfterList.xml,582,582,66708B4E,66708B4E,2026-03-13T12:36:43.052009+00:00,2026-09-29T23:36:25.863548+00:00,nur Zeit geändert
Apps/Support/SubtitleEdit/Dictionaries/hrb_OCRFixReplaceList.xml,89145,89145,20B4266E,20B4266E,2026-03-13T12:36:43.066112+00:00,2026-09-29T23:36:25.864600+00:00,nur Zeit geändert
Apps/Support/SubtitleEdit/Dictionaries/hrv_OCRFixReplaceList.xml,289490,289490,7F447DE4,7F447DE4,2026-06-02T13:02:13.980318+00:00,2026-09-29T23:36:25.866611+00:00,nur Zeit geändert
Apps/Support/SubtitleEdit/Dictionaries/hu_NoBreakAfterList.xml,379,379,50C905E9,50C905E9,2026-03-13T12:36:43.066112+00:00,2026-09-29T23:36:25.866955+00:00,nur Zeit geändert
Apps/Support/SubtitleEdit/Dictionaries/hun_OCRFixReplaceList.xml,3734,3734,5487CE38,5487CE38,2026-06-02T13:02:13.982108+00:00,2026-09-29T23:36:25.867204+00:00,nur Zeit geändert
Apps/Support/SubtitleEdit/Dictionaries/id_NoBreakAfterList.xml,265,265,3FBE5ABE,3FBE5ABE,2026-03-13T12:36:43.066112+00:00,2026-09-29T23:36:25.867385+00:00,nur Zeit geändert
Apps/Support/SubtitleEdit/Dictionaries/it_IT_se.xml,108,108,444925C5,444925C5,2026-03-13T12:36:43.066112+00:00,2026-09-29T23:36:25.867550+00:00,nur Zeit geändert
Apps/Support/SubtitleEdit/Dictionaries/it_NoBreakAfterList.xml,467,467,4ED0D916,4ED0D916,2026-03-13T12:36:43.066112+00:00,2026-09-29T23:36:25.867729+00:00,nur Zeit geändert
Apps/Support/SubtitleEdit/Dictionaries/ita_OCRFixReplaceList.xml,2399,2399,B36400AA,B36400AA,2026-03-13T12:36:43.066112+00:00,2026-09-29T23:36:25.867912+00:00,nur Zeit geändert
Apps/Support/SubtitleEdit/Dictionaries/ita_WordSplitList.txt,20834,20834,1FE74FC1,1FE74FC1,2026-03-13T12:36:43.066112+00:00,2026-09-29T23:36:25.868371+00:00,nur Zeit geändert
Apps/Support/SubtitleEdit/Dictionaries/lt_NoBreakAfterList.xml,217,217,92BCA1EB,92BCA1EB,2026-03-13T12:36:43.066112+00:00,2026-09-29T23:36:25.868576+00:00,nur Zeit geändert
Apps/Support/SubtitleEdit/Dictionaries/lv_NoBreakAfterList.xml,223,223,7AFD713E,7AFD713E,2026-03-13T12:36:43.066112+00:00,2026-09-29T23:36:25.868744+00:00,nur Zeit geändert
Apps/Support/SubtitleEdit/Dictionaries/mk_NoBreakAfterList.xml,988,988,E7B96E67,E7B96E67,2026-03-13T12:36:43.066112+00:00,2026-09-29T23:36:25.868913+00:00,nur Zeit geändert
Apps/Support/SubtitleEdit/Dictionaries/mkd_OCRFixReplaceList.xml,2581,2581,DD19954B,DD19954B,2026-03-13T12:36:43.066112+00:00,2026-09-29T23:36:25.869124+00:00,nur Zeit geändert
Apps/Support/SubtitleEdit/Dictionaries/mkd_WordSplitList.txt,123792,123792,A6B5A51F,A6B5A51F,2026-03-13T12:36:43.081920+00:00,2026-09-29T23:36:25.870462+00:00,nur Zeit geändert
Apps/Support/SubtitleEdit/Dictionaries/names.xml,145315,145315,4CDD07BB,4CDD07BB,2026-06-02T13:02:13.984123+00:00,2026-09-29T23:36:25.871624+00:00,nur Zeit geändert
Apps/Support/SubtitleEdit/Dictionaries/nb_names.xml,63858,63858,F8D9F178,F8D9F178,2026-03-13T12:36:43.081920+00:00,2026-09-29T23:36:25.872449+00:00,nur Zeit geändert
Apps/Support/SubtitleEdit/Dictionaries/nb_NoBreakAfterList.xml,663,663,7327329C,7327329C,2026-03-13T12:36:43.081920+00:00,2026-09-29T23:36:25.871892+00:00,nur Zeit geändert
Apps/Support/SubtitleEdit/Dictionaries/nl_names.xml,8759,8759,AA9954EC,AA9954EC,2026-03-13T12:36:43.081920+00:00,2026-09-29T23:36:25.873120+00:00,nur Zeit geändert
Apps/Support/SubtitleEdit/Dictionaries/nl_NL_se.xml,1044,1044,A5456807,A5456807,2026-03-13T12:36:43.081920+00:00,2026-09-29T23:36:25.872689+00:00,nur Zeit geändert
Apps/Support/SubtitleEdit/Dictionaries/nl_NoBreakAfterList.xml,522,522,B842D089,B842D089,2026-03-13T12:36:43.081920+00:00,2026-09-29T23:36:25.872875+00:00,nur Zeit geändert
Apps/Support/SubtitleEdit/Dictionaries/nld_OCRFixReplaceList.xml,5363,5363,F2EE96C3,F2EE96C3,2026-06-02T13:02:13.986137+00:00,2026-09-29T23:36:25.873360+00:00,nur Zeit geändert
Apps/Support/SubtitleEdit/Dictionaries/nob_OCRFixReplaceList.xml,2044,2044,C82BBBDC,C82BBBDC,2026-06-02T13:02:13.986137+00:00,2026-09-29T23:36:25.873547+00:00,nur Zeit geändert
Apps/Support/SubtitleEdit/Dictionaries/nor_OCRFixReplaceList.xml,1454,1454,74C4D62C,74C4D62C,2026-06-02T13:02:13.986137+00:00,2026-09-29T23:36:25.873715+00:00,nur Zeit geändert
Apps/Support/SubtitleEdit/Dictionaries/pl_NoBreakAfterList.xml,221,221,4D1E308E,4D1E308E,2026-03-13T12:36:43.081920+00:00,2026-09-29T23:36:25.873907+00:00,nur Zeit geändert
Apps/Support/SubtitleEdit/Dictionaries/pl_PL.aff,246842,246842,9A3FE773,9A3FE773,2026-06-04T17:24:26.881323+00:00,2026-09-29T23:36:25.875171+00:00,nur Zeit geändert
Apps/Support/SubtitleEdit/Dictionaries/pl_PL.dic,4539105,4539105,9E12C14D,9E12C14D,2026-06-04T17:24:28.277595+00:00,2026-09-29T23:36:25.907451+00:00,nur Zeit geändert
Apps/Support/SubtitleEdit/Dictionaries/pol_OCRFixReplaceList.xml,617,617,2A863750,2A863750,2026-03-13T12:36:43.081920+00:00,2026-09-29T23:36:25.914211+00:00,nur Zeit geändert
Apps/Support/SubtitleEdit/Dictionaries/pol_WordSplitList.txt,393538,393538,50ED5512,50ED5512,2026-03-13T12:36:43.098286+00:00,2026-09-29T23:36:25.915451+00:00,nur Zeit geändert
Apps/Support/SubtitleEdit/Dictionaries/por_OCRFixReplaceList.xml,23672,23672,EC4DC56B,EC4DC56B,2026-03-13T12:36:43.100033+00:00,2026-09-29T23:36:25.919374+00:00,nur Zeit geändert
Apps/Support/SubtitleEdit/Dictionaries/pt_BR_names.xml,115920,115920,418EE05D,418EE05D,2026-03-13T12:36:43.100033+00:00,2026-09-29T23:36:25.920364+00:00,nur Zeit geändert
Apps/Support/SubtitleEdit/Dictionaries/pt_names.xml,116014,116014,3D76CF27,3D76CF27,2022-10-02T16:04:47.732824+00:00,2026-09-29T23:36:25.931444+00:00,nur Zeit geändert
Apps/Support/SubtitleEdit/Dictionaries/pt_NoBreakAfterList.xml,1267,1267,8C0E3EDD,8C0E3EDD,2026-03-13T12:36:43.100033+00:00,2026-09-29T23:36:25.920646+00:00,nur Zeit geändert
Apps/Support/SubtitleEdit/Dictionaries/pt_PT.aff,95089,95089,6A5CB2E9,6A5CB2E9,2026-06-04T17:24:09.380411+00:00,2026-09-29T23:36:25.921179+00:00,nur Zeit geändert
Apps/Support/SubtitleEdit/Dictionaries/pt_PT.dic,1485977,1485977,8C2AEE2A,8C2AEE2A,2026-06-04T17:24:10.186067+00:00,2026-09-29T23:36:25.923452+00:00,nur Zeit geändert
Apps/Support/SubtitleEdit/Dictionaries/pt_PT_names.xml,115823,115823,233F8ACF,233F8ACF,2026-06-02T13:02:13.986137+00:00,2026-09-29T23:36:25.930772+00:00,nur Zeit geändert
Apps/Support/SubtitleEdit/Dictionaries/pt_PT_se.xml,11444,11444,C3A21C02,C3A21C02,2026-04-01T18:46:33.487380+00:00,2026-09-29T23:36:25.931160+00:00,nur Zeit geändert
Apps/Support/SubtitleEdit/Dictionaries/ro_NoBreakAfterList.xml,368,368,FDE933DB,FDE933DB,2026-03-13T12:36:43.100033+00:00,2026-09-29T23:36:25.931684+00:00,nur Zeit geändert
Apps/Support/SubtitleEdit/Dictionaries/ru_names.xml,110878,110878,6A5932DD,6A5932DD,2026-03-13T12:36:43.100033+00:00,2026-09-29T23:36:25.932721+00:00,nur Zeit geändert
Apps/Support/SubtitleEdit/Dictionaries/ru_NoBreakAfterList.xml,411,411,F288850D,F288850D,2026-03-13T12:36:43.100033+00:00,2026-09-29T23:36:25.931865+00:00,nur Zeit geändert
Apps/Support/SubtitleEdit/Dictionaries/ru_RU_se.xml,1731,1731,4E4D0C3D,4E4D0C3D,2026-03-13T12:36:43.100033+00:00,2026-09-29T23:36:25.932065+00:00,nur Zeit geändert
Apps/Support/SubtitleEdit/Dictionaries/rus_OCRFixReplaceList.xml,14360,14360,F11D4504,F11D4504,2026-03-13T12:36:43.100033+00:00,2026-09-29T23:36:25.933097+00:00,nur Zeit geändert
Apps/Support/SubtitleEdit/Dictionaries/rus_WordSplitList.txt,139182,139182,2A1BA6D5,2A1BA6D5,2026-03-13T12:36:43.100033+00:00,2026-09-29T23:36:25.934705+00:00,nur Zeit geändert
Apps/Support/SubtitleEdit/Dictionaries/se_NoBreakAfterList.xml,442,442,6341F8FF,6341F8FF,2024-08-26T11:20:43.827627+00:00,2026-09-29T23:36:25.935248+00:00,nur Zeit geändert
Apps/Support/SubtitleEdit/Dictionaries/sI_NoBreakAfterList.xml,305,305,C433DB77,C433DB77,2024-08-26T11:19:02.838392+00:00,2026-09-29T23:36:25.935014+00:00,nur Zeit geändert
Apps/Support/SubtitleEdit/Dictionaries/sk_NoBreakAfterList.xml,309,309,8CA57819,8CA57819,2026-03-13T12:36:43.100033+00:00,2026-09-29T23:36:25.935428+00:00,nur Zeit geändert
Apps/Support/SubtitleEdit/Dictionaries/sl_NoBreakAfterList.xml,305,305,C433DB77,C433DB77,2026-03-13T12:36:43.100033+00:00,2026-09-29T23:36:25.935596+00:00,nur Zeit geändert
Apps/Support/SubtitleEdit/Dictionaries/spa_OCRFixReplaceList.xml,47757,47757,36D346E0,36D346E0,2026-03-13T12:36:43.113680+00:00,2026-09-29T23:36:25.936048+00:00,nur Zeit geändert
Apps/Support/SubtitleEdit/Dictionaries/spa_WordSplitList.txt,33396,33396,7A3F5029,7A3F5029,2026-03-13T12:36:43.113680+00:00,2026-09-29T23:36:25.936699+00:00,nur Zeit geändert
Apps/Support/SubtitleEdit/Dictionaries/sq_NoBreakAfterList.xml,299,299,5AEE087F,5AEE087F,2026-03-13T12:36:43.113680+00:00,2026-09-29T23:36:25.936928+00:00,nur Zeit geändert
Apps/Support/SubtitleEdit/Dictionaries/sr_NoBreakAfterList.xml,582,582,66708B4E,66708B4E,2026-03-13T12:36:43.113680+00:00,2026-09-29T23:36:25.937128+00:00,nur Zeit geändert
Apps/Support/SubtitleEdit/Dictionaries/srp_OCRFixReplaceList.xml,16350,16350,62BA5F6D,62BA5F6D,2026-03-13T12:36:43.113680+00:00,2026-09-29T23:36:25.937427+00:00,nur Zeit geändert
Apps/Support/SubtitleEdit/Dictionaries/sv_NoBreakAfterList.xml,624,624,849D5D0D,849D5D0D,2026-03-13T12:36:43.113680+00:00,2026-09-29T23:36:25.937614+00:00,nur Zeit geändert
Apps/Support/SubtitleEdit/Dictionaries/swe_OCRFixReplaceList.xml,20340,20340,67C8C5E8,67C8C5E8,2026-06-02T13:02:13.986137+00:00,2026-09-29T23:36:25.937985+00:00,nur Zeit geändert
Apps/Support/SubtitleEdit/Dictionaries/tr_NoBreakAfterList.xml,297,297,3BA122F3,3BA122F3,2026-03-13T12:36:43.113680+00:00,2026-09-29T23:36:25.938308+00:00,nur Zeit geändert
Apps/Support/SubtitleEdit/Dictionaries/ua_NoBreakAfterList.xml,307,307,30A283BE,30A283BE,2024-08-26T11:23:09.886091+00:00,2026-09-29T23:36:25.938491+00:00,nur Zeit geändert
Apps/Support/SubtitleEdit/Dictionaries/uk_NoBreakAfterList.xml,307,307,30A283BE,30A283BE,2026-03-13T12:36:43.113680+00:00,2026-09-29T23:36:25.938656+00:00,nur Zeit geändert
Apps/Support/SubtitleEdit/Dictionaries/vi_NoBreakAfterList.xml,122,122,08BBE5EA,08BBE5EA,2026-03-13T12:36:43.113680+00:00,2026-09-29T23:36:25.938822+00:00,nur Zeit geändert
Apps/Support/SubtitleEdit/error_log.txt,1432,1432,7848C3E4,7848C3E4,2026-06-04T17:23:17.423782+00:00,2026-09-29T23:36:26.110731+00:00,nur Zeit geändert
Apps/Support/SubtitleEdit/Hunspellx64.dll,524288,524288,D97BC042,D97BC042,2026-06-02T13:02:16.573616+00:00,2026-09-29T23:36:50.923912+00:00,nur Zeit geändert
Apps/Support/SubtitleEdit/Hunspellx86.dll,442368,442368,3D6DC3EB,3D6DC3EB,2026-06-02T13:02:16.587724+00:00,2026-09-29T23:36:50.927912+00:00,nur Zeit geändert
Apps/Support/SubtitleEdit/Icons/ass.ico,18512,18512,A36DAA22,A36DAA22,2026-06-02T13:02:14.143390+00:00,2026-09-29T23:36:25.993049+00:00,nur Zeit geändert
Apps/Support/SubtitleEdit/Icons/Black/AssaAttachments.png,395,395,307094F5,307094F5,2026-06-02T13:02:13.986137+00:00,2026-09-29T23:36:25.939048+00:00,nur Zeit geändert
Apps/Support/SubtitleEdit/Icons/Black/AssaDraw.png,549,549,63DB3E6E,63DB3E6E,2026-06-02T13:02:13.986137+00:00,2026-09-29T23:36:25.939273+00:00,nur Zeit geändert
Apps/Support/SubtitleEdit/Icons/Black/AssaProperties.png,378,378,70C24371,70C24371,2026-06-02T13:02:13.986137+00:00,2026-09-29T23:36:25.939452+00:00,nur Zeit geändert
Apps/Support/SubtitleEdit/Icons/Black/AssaStyle.png,313,313,F3ABD42E,F3ABD42E,2026-06-02T13:02:13.994072+00:00,2026-09-29T23:36:25.939641+00:00,nur Zeit geändert
Apps/Support/SubtitleEdit/Icons/Black/BeautifyTimeCodes.png,263,263,E78811A4,E78811A4,2026-06-02T13:02:13.994072+00:00,2026-09-29T23:36:25.939822+00:00,nur Zeit geändert
Apps/Support/SubtitleEdit/Icons/Black/BurnIn.png,442,442,A7849E46,A7849E46,2026-06-02T13:02:13.994072+00:00,2026-09-29T23:36:25.939996+00:00,nur Zeit geändert
Apps/Support/SubtitleEdit/Icons/Black/EbuProperties.png,733,733,8E9F9FF2,8E9F9FF2,2026-06-02T13:02:13.996136+00:00,2026-09-29T23:36:25.940228+00:00,nur Zeit geändert
Apps/Support/SubtitleEdit/Icons/Black/Error.png,358,358,4AA2C95F,4AA2C95F,2026-06-02T13:02:13.996136+00:00,2026-09-29T23:36:25.940417+00:00,nur Zeit geändert
Apps/Support/SubtitleEdit/Icons/Black/Find.png,374,374,AE7727B6,AE7727B6,2026-06-02T13:02:13.996136+00:00,2026-09-29T23:36:25.940592+00:00,nur Zeit geändert
Apps/Support/SubtitleEdit/Icons/Black/FixCommonErrors.png,386,386,EB32E82D,EB32E82D,2026-06-02T13:02:13.996136+00:00,2026-09-29T23:36:25.940763+00:00,nur Zeit geändert
Apps/Support/SubtitleEdit/Icons/Black/Help.png,436,436,C785AB91,C785AB91,2026-06-02T13:02:13.996136+00:00,2026-09-29T23:36:25.940932+00:00,nur Zeit geändert
Apps/Support/SubtitleEdit/Icons/Black/Information.png,348,348,7D4BC485,7D4BC485,2026-06-02T13:02:13.996136+00:00,2026-09-29T23:36:25.941128+00:00,nur Zeit geändert
Apps/Support/SubtitleEdit/Icons/Black/IttProperties.png,351,351,566EA0AB,566EA0AB,2026-06-02T13:02:13.996136+00:00,2026-09-29T23:36:25.941312+00:00,nur Zeit geändert
Apps/Support/SubtitleEdit/Icons/Black/Layout.png,209,209,94456F00,94456F00,2026-06-02T13:02:14.000049+00:00,2026-09-29T23:36:25.941478+00:00,nur Zeit geändert
Apps/Support/SubtitleEdit/Icons/Black/Netflix.png,390,390,3DB7BE87,3DB7BE87,2026-06-02T13:02:14.001059+00:00,2026-09-29T23:36:25.941649+00:00,nur Zeit geändert
Apps/Support/SubtitleEdit/Icons/Black/New.png,411,411,77259E26,77259E26,2026-06-02T13:02:14.001059+00:00,2026-09-29T23:36:25.941816+00:00,nur Zeit geändert
Apps/Support/SubtitleEdit/Icons/Black/Open.png,368,368,6AF71C0F,6AF71C0F,2026-06-02T13:02:14.001059+00:00,2026-09-29T23:36:25.942145+00:00,nur Zeit geändert
Apps/Support/SubtitleEdit/Icons/Black/OpenVideo.png,421,421,AB18836C,AB18836C,2026-06-02T13:02:14.001059+00:00,2026-09-29T23:36:25.942352+00:00,nur Zeit geändert
Apps/Support/SubtitleEdit/Icons/Black/Question.png,436,436,C785AB91,C785AB91,2026-06-02T13:02:14.003878+00:00,2026-09-29T23:36:25.942520+00:00,nur Zeit geändert
Apps/Support/SubtitleEdit/Icons/Black/RemoveTextForHi.png,701,701,7327F450,7327F450,2026-06-02T13:02:14.003878+00:00,2026-09-29T23:36:25.942707+00:00,nur Zeit geändert
Apps/Support/SubtitleEdit/Icons/Black/Replace.png,354,354,1435C25D,1435C25D,2026-06-02T13:02:14.003878+00:00,2026-09-29T23:36:25.942878+00:00,nur Zeit geändert
Apps/Support/SubtitleEdit/Icons/Black/Save.png,299,299,375E4F9D,375E4F9D,2026-06-02T13:02:14.003878+00:00,2026-09-29T23:36:25.943046+00:00,nur Zeit geändert
Apps/Support/SubtitleEdit/Icons/Black/SaveAs.png,386,386,3B061858,3B061858,2026-06-02T13:02:14.003878+00:00,2026-09-29T23:36:25.943262+00:00,nur Zeit geändert
Apps/Support/SubtitleEdit/Icons/Black/Settings.png,475,475,1304D8CE,1304D8CE,2026-06-02T13:02:14.005880+00:00,2026-09-29T23:36:25.943435+00:00,nur Zeit geändert
Apps/Support/SubtitleEdit/Icons/Black/SourceView.png,280,280,7F98058D,7F98058D,2026-06-02T13:02:14.005880+00:00,2026-09-29T23:36:25.943603+00:00,nur Zeit geändert
Apps/Support/SubtitleEdit/Icons/Black/SpellCheck.png,323,323,62DB9838,62DB9838,2026-06-02T13:02:14.005880+00:00,2026-09-29T23:36:25.943766+00:00,nur Zeit geändert
Apps/Support/SubtitleEdit/Icons/Black/VideoPlayer/Background.png,102,102,498A55AD,498A55AD,2026-06-02T13:02:14.005880+00:00,2026-09-29T23:36:25.943950+00:00,nur Zeit geändert
Apps/Support/SubtitleEdit/Icons/Black/VideoPlayer/FastForward.png,121,121,4A73A80D,4A73A80D,2026-06-02T13:02:14.005880+00:00,2026-09-29T23:36:25.944164+00:00,nur Zeit geändert
Apps/Support/SubtitleEdit/Icons/Black/VideoPlayer/FastForwardDown.png,118,118,8973171D,8973171D,2026-06-02T13:02:14.008739+00:00,2026-09-29T23:36:25.944344+00:00,nur Zeit geändert
Apps/Support/SubtitleEdit/Icons/Black/VideoPlayer/FastForwardOver.png,118,118,9A004753,9A004753,2026-06-02T13:02:14.008739+00:00,2026-09-29T23:36:25.944512+00:00,nur Zeit geändert
Apps/Support/SubtitleEdit/Icons/Black/VideoPlayer/Fullscreen.png,130,130,2C1FE830,2C1FE830,2026-06-02T13:02:14.008739+00:00,2026-09-29T23:36:25.944676+00:00,nur Zeit geändert
Apps/Support/SubtitleEdit/Icons/Black/VideoPlayer/FullscreenDown.png,131,131,17244C54,17244C54,2026-06-02T13:02:14.008739+00:00,2026-09-29T23:36:25.944844+00:00,nur Zeit geändert
Apps/Support/SubtitleEdit/Icons/Black/VideoPlayer/FullscreenOver.png,128,128,43115969,43115969,2026-06-02T13:02:14.011080+00:00,2026-09-29T23:36:25.945011+00:00,nur Zeit geändert
Apps/Support/SubtitleEdit/Icons/Black/VideoPlayer/Mute.png,185,185,9CE6C395,9CE6C395,2026-06-02T13:02:14.011080+00:00,2026-09-29T23:36:25.945222+00:00,nur Zeit geändert
Apps/Support/SubtitleEdit/Icons/Black/VideoPlayer/MuteDown.png,235,235,FF319D6D,FF319D6D,2026-06-02T13:02:14.012084+00:00,2026-09-29T23:36:25.945396+00:00,nur Zeit geändert
Apps/Support/SubtitleEdit/Icons/Black/VideoPlayer/MuteOver.png,169,169,B76E22B9,B76E22B9,2026-06-02T13:02:14.012084+00:00,2026-09-29T23:36:25.945598+00:00,nur Zeit geändert
Apps/Support/SubtitleEdit/Icons/Black/VideoPlayer/NoFullscreen.png,129,129,D1225B33,D1225B33,2026-06-02T13:02:14.012084+00:00,2026-09-29T23:36:25.945768+00:00,nur Zeit geändert
Apps/Support/SubtitleEdit/Icons/Black/VideoPlayer/NoFullscreenDown.png,130,130,8D60D6C4,8D60D6C4,2026-06-02T13:02:14.012084+00:00,2026-09-29T23:36:25.945976+00:00,nur Zeit geändert
Apps/Support/SubtitleEdit/Icons/Black/VideoPlayer/NoFullscreenOver.png,129,129,0159A1CB,0159A1CB,2026-06-02T13:02:14.014091+00:00,2026-09-29T23:36:25.946204+00:00,nur Zeit geändert
Apps/Support/SubtitleEdit/Icons/Black/VideoPlayer/Pause.png,157,157,3201BE05,3201BE05,2026-06-02T13:02:14.014091+00:00,2026-09-29T23:36:25.946385+00:00,nur Zeit geändert
Apps/Support/SubtitleEdit/Icons/Black/VideoPlayer/PauseDown.png,134,134,855E6B7C,855E6B7C,2026-06-02T13:02:14.014091+00:00,2026-09-29T23:36:25.946550+00:00,nur Zeit geändert
Apps/Support/SubtitleEdit/Icons/Black/VideoPlayer/PauseOver.png,133,133,2342AE56,2342AE56,2026-06-02T13:02:14.014091+00:00,2026-09-29T23:36:25.946716+00:00,nur Zeit geändert
Apps/Support/SubtitleEdit/Icons/Black/VideoPlayer/Play.png,193,193,7285E82C,7285E82C,2026-06-02T13:02:14.014091+00:00,2026-09-29T23:36:25.946881+00:00,nur Zeit geändert
Apps/Support/SubtitleEdit/Icons/Black/VideoPlayer/PlayDown.png,162,162,29B433EA,29B433EA,2026-06-02T13:02:14.014091+00:00,2026-09-29T23:36:25.947048+00:00,nur Zeit geändert
Apps/Support/SubtitleEdit/Icons/Black/VideoPlayer/PlayOver.png,167,167,1AD0EA8A,1AD0EA8A,2026-06-02T13:02:14.014091+00:00,2026-09-29T23:36:25.947387+00:00,nur Zeit geändert
Apps/Support/SubtitleEdit/Icons/Black/VideoPlayer/ProgressBar.png,83,83,60DA3683,60DA3683,2026-06-02T13:02:14.014091+00:00,2026-09-29T23:36:25.947694+00:00,nur Zeit geändert
Apps/Support/SubtitleEdit/Icons/Black/VideoPlayer/ProgressBarBackground.png,451,451,EB74EB9C,EB74EB9C,2026-06-02T13:02:14.014091+00:00,2026-09-29T23:36:25.947894+00:00,nur Zeit geändert
Apps/Support/SubtitleEdit/Icons/Black/VideoPlayer/Reverse.png,118,118,1760B196,1760B196,2026-06-02T13:02:14.014091+00:00,2026-09-29T23:36:25.948200+00:00,nur Zeit geändert
Apps/Support/SubtitleEdit/Icons/Black/VideoPlayer/ReverseDown.png,111,111,D3C2CD2E,D3C2CD2E,2026-06-02T13:02:14.014091+00:00,2026-09-29T23:36:25.948390+00:00,nur Zeit geändert
Apps/Support/SubtitleEdit/Icons/Black/VideoPlayer/ReverseOver.png,115,115,8FE668FF,8FE668FF,2026-06-02T13:02:14.014091+00:00,2026-09-29T23:36:25.948566+00:00,nur Zeit geändert
Apps/Support/SubtitleEdit/Icons/Black/VideoPlayer/Stop.png,97,97,456AB409,456AB409,2026-06-02T13:02:14.014091+00:00,2026-09-29T23:36:25.948744+00:00,nur Zeit geändert
Apps/Support/SubtitleEdit/Icons/Black/VideoPlayer/StopDown.png,92,92,6A56F534,6A56F534,2026-06-02T13:02:14.022123+00:00,2026-09-29T23:36:25.948913+00:00,nur Zeit geändert
Apps/Support/SubtitleEdit/Icons/Black/VideoPlayer/StopOver.png,91,91,ED52559C,ED52559C,2026-06-02T13:02:14.022123+00:00,2026-09-29T23:36:25.949100+00:00,nur Zeit geändert
Apps/Support/SubtitleEdit/Icons/Black/VideoPlayer/VolumeBar.png,83,83,60DA3683,60DA3683,2026-06-02T13:02:14.022123+00:00,2026-09-29T23:36:25.949281+00:00,nur Zeit geändert
Apps/Support/SubtitleEdit/Icons/Black/VideoPlayer/VolumeBarBackground.png,332,332,24DAE588,24DAE588,2026-06-02T13:02:14.022123+00:00,2026-09-29T23:36:25.949456+00:00,nur Zeit geändert
Apps/Support/SubtitleEdit/Icons/Black/VideoToggle.png,2450,2450,E4C365C8,E4C365C8,2023-06-02T17:08:13.632299+00:00,2026-09-29T23:36:25.949662+00:00,nur Zeit geändert
Apps/Support/SubtitleEdit/Icons/Black/VisualSync.png,460,460,3EC1FCFA,3EC1FCFA,2026-06-02T13:02:14.022123+00:00,2026-09-29T23:36:25.949836+00:00,nur Zeit geändert
Apps/Support/SubtitleEdit/Icons/Black/Warning.png,302,302,1EEBE0DB,1EEBE0DB,2026-06-02T13:02:14.024131+00:00,2026-09-29T23:36:25.950046+00:00,nur Zeit geändert
Apps/Support/SubtitleEdit/Icons/Black/WaveformCenter.png,149,149,D374728D,D374728D,2026-06-02T13:02:14.024131+00:00,2026-09-29T23:36:25.950254+00:00,nur Zeit geändert
Apps/Support/SubtitleEdit/Icons/Black/WaveformPause.png,150,150,E6EAE698,E6EAE698,2026-06-02T13:02:14.024131+00:00,2026-09-29T23:36:25.950432+00:00,nur Zeit geändert
Apps/Support/SubtitleEdit/Icons/Black/WaveformPlay.png,173,173,2012B40D,2012B40D,2026-06-02T13:02:14.024131+00:00,2026-09-29T23:36:25.950604+00:00,nur Zeit geändert
Apps/Support/SubtitleEdit/Icons/Black/WaveformPlaybackSpeed.png,289,289,375E1365,375E1365,2026-06-02T13:02:14.026136+00:00,2026-09-29T23:36:25.951526+00:00,nur Zeit geändert
Apps/Support/SubtitleEdit/Icons/Black/WaveformPlayPause.png,196,196,7B4984E6,7B4984E6,2026-06-02T13:02:14.024131+00:00,2026-09-29T23:36:25.950777+00:00,nur Zeit geändert
Apps/Support/SubtitleEdit/Icons/Black/WaveformToggle.png,2000,2000,9D4953B5,9D4953B5,2023-06-02T17:08:13.632299+00:00,2026-09-29T23:36:25.951755+00:00,nur Zeit geändert
Apps/Support/SubtitleEdit/Icons/Black/WaveformZoomIn.png,234,234,A22F864D,A22F864D,2026-06-02T13:02:14.026136+00:00,2026-09-29T23:36:25.952030+00:00,nur Zeit geändert
Apps/Support/SubtitleEdit/Icons/Black/WaveformZoomOut.png,222,222,43B88830,43B88830,2026-06-02T13:02:14.026136+00:00,2026-09-29T23:36:25.952280+00:00,nur Zeit geändert
Apps/Support/SubtitleEdit/Icons/Black/WebVttProperties.png,594,594,12BF3973,12BF3973,2026-06-02T13:02:14.027883+00:00,2026-09-29T23:36:25.952476+00:00,nur Zeit geändert
Apps/Support/SubtitleEdit/Icons/Black/WebVttStyle.png,446,446,17ACF5E6,17ACF5E6,2026-06-02T13:02:14.027883+00:00,2026-09-29T23:36:25.952777+00:00,nur Zeit geändert
Apps/Support/SubtitleEdit/Icons/DarkTheme/AssaAttachments.png,395,395,AC39BAAC,AC39BAAC,2026-06-02T13:02:14.027883+00:00,2026-09-29T23:36:25.953060+00:00,nur Zeit geändert
Apps/Support/SubtitleEdit/Icons/DarkTheme/AssaDraw.png,548,548,7CE1A695,7CE1A695,2026-06-02T13:02:14.029891+00:00,2026-09-29T23:36:25.953350+00:00,nur Zeit geändert
Apps/Support/SubtitleEdit/Icons/DarkTheme/AssaProperties.png,378,378,7355AE78,7355AE78,2026-06-02T13:02:14.029891+00:00,2026-09-29T23:36:25.953556+00:00,nur Zeit geändert
Apps/Support/SubtitleEdit/Icons/DarkTheme/AssaStyle.png,311,311,F8308885,F8308885,2026-06-02T13:02:14.029891+00:00,2026-09-29T23:36:25.953739+00:00,nur Zeit geändert
Apps/Support/SubtitleEdit/Icons/DarkTheme/BeautifyTimeCodes.png,263,263,4D42E115,4D42E115,2026-06-02T13:02:14.029891+00:00,2026-09-29T23:36:25.953980+00:00,nur Zeit geändert
Apps/Support/SubtitleEdit/Icons/DarkTheme/BurnIn.png,440,440,2B6AC87B,2B6AC87B,2026-06-02T13:02:14.032512+00:00,2026-09-29T23:36:25.954278+00:00,nur Zeit geändert
Apps/Support/SubtitleEdit/Icons/DarkTheme/EbuProperties.png,736,736,7FBF287A,7FBF287A,2026-06-02T13:02:14.032512+00:00,2026-09-29T23:36:25.954516+00:00,nur Zeit geändert
Apps/Support/SubtitleEdit/Icons/DarkTheme/Error.png,356,356,14F745CA,14F745CA,2026-06-02T13:02:14.032512+00:00,2026-09-29T23:36:25.954710+00:00,nur Zeit geändert
Apps/Support/SubtitleEdit/Icons/DarkTheme/Find.png,374,374,B12ED5E6,B12ED5E6,2026-06-02T13:02:14.034523+00:00,2026-09-29T23:36:25.954880+00:00,nur Zeit geändert
Apps/Support/SubtitleEdit/Icons/DarkTheme/FixCommonErrors.png,386,386,B3BF7306,B3BF7306,2026-06-02T13:02:14.034523+00:00,2026-09-29T23:36:25.955059+00:00,nur Zeit geändert
Apps/Support/SubtitleEdit/Icons/DarkTheme/Help.png,438,438,19177F5D,19177F5D,2026-06-02T13:02:14.034523+00:00,2026-09-29T23:36:25.955294+00:00,nur Zeit geändert
Apps/Support/SubtitleEdit/Icons/DarkTheme/Information.png,347,347,0AAABCA3,0AAABCA3,2026-06-02T13:02:14.034523+00:00,2026-09-29T23:36:25.955467+00:00,nur Zeit geändert
Apps/Support/SubtitleEdit/Icons/DarkTheme/IttProperties.png,350,350,C2241949,C2241949,2026-06-02T13:02:14.034523+00:00,2026-09-29T23:36:25.955689+00:00,nur Zeit geändert
Apps/Support/SubtitleEdit/Icons/DarkTheme/Layout.png,210,210,6F0D0E5E,6F0D0E5E,2026-06-02T13:02:14.034523+00:00,2026-09-29T23:36:25.955876+00:00,nur Zeit geändert
Apps/Support/SubtitleEdit/Icons/DarkTheme/Netflix.png,391,391,BF93F8E9,BF93F8E9,2026-06-02T13:02:14.034523+00:00,2026-09-29T23:36:25.956056+00:00,nur Zeit geändert
Apps/Support/SubtitleEdit/Icons/DarkTheme/New.png,412,412,3B9D4BCB,3B9D4BCB,2026-06-02T13:02:14.034523+00:00,2026-09-29T23:36:25.956313+00:00,nur Zeit geändert
Apps/Support/SubtitleEdit/Icons/DarkTheme/Open.png,366,366,4181D599,4181D599,2026-06-02T13:02:14.034523+00:00,2026-09-29T23:36:25.956547+00:00,nur Zeit geändert
Apps/Support/SubtitleEdit/Icons/DarkTheme/OpenVideo.png,421,421,AD677991,AD677991,2026-06-02T13:02:14.034523+00:00,2026-09-29T23:36:25.956726+00:00,nur Zeit geändert
Apps/Support/SubtitleEdit/Icons/DarkTheme/Question.png,438,438,19177F5D,19177F5D,2026-06-02T13:02:14.034523+00:00,2026-09-29T23:36:25.956888+00:00,nur Zeit geändert
Apps/Support/SubtitleEdit/Icons/DarkTheme/RemoveTextForHi.png,703,703,1C1FDEF2,1C1FDEF2,2026-06-02T13:02:14.041000+00:00,2026-09-29T23:36:25.957131+00:00,nur Zeit geändert
Apps/Support/SubtitleEdit/Icons/DarkTheme/Replace.png,354,354,D9520733,D9520733,2026-06-02T13:02:14.041000+00:00,2026-09-29T23:36:25.957332+00:00,nur Zeit geändert
Apps/Support/SubtitleEdit/Icons/DarkTheme/Save.png,298,298,41345F1E,41345F1E,2026-06-02T13:02:14.041000+00:00,2026-09-29T23:36:25.957504+00:00,nur Zeit geändert
Apps/Support/SubtitleEdit/Icons/DarkTheme/SaveAs.png,386,386,26B10FDD,26B10FDD,2026-06-02T13:02:14.041000+00:00,2026-09-29T23:36:25.957680+00:00,nur Zeit geändert
Apps/Support/SubtitleEdit/Icons/DarkTheme/Settings.png,471,471,D7714CB9,D7714CB9,2026-06-02T13:02:14.041000+00:00,2026-09-29T23:36:25.957859+00:00,nur Zeit geändert
Apps/Support/SubtitleEdit/Icons/DarkTheme/SourceView.png,281,281,164B5EAD,164B5EAD,2026-06-02T13:02:14.043009+00:00,2026-09-29T23:36:25.958096+00:00,nur Zeit geändert
Apps/Support/SubtitleEdit/Icons/DarkTheme/SpellCheck.png,322,322,695AF59C,695AF59C,2026-06-02T13:02:14.044014+00:00,2026-09-29T23:36:25.958294+00:00,nur Zeit geändert
Apps/Support/SubtitleEdit/Icons/DarkTheme/VideoPlayer/Background.png,102,102,C1F111C7,C1F111C7,2026-06-02T13:02:14.044014+00:00,2026-09-29T23:36:25.958488+00:00,nur Zeit geändert
Apps/Support/SubtitleEdit/Icons/DarkTheme/VideoPlayer/FastForward.png,121,121,3841ED56,3841ED56,2026-06-02T13:02:14.044014+00:00,2026-09-29T23:36:25.958657+00:00,nur Zeit geändert
Apps/Support/SubtitleEdit/Icons/DarkTheme/VideoPlayer/FastForwardDown.png,127,127,495961B8,495961B8,2026-06-02T13:02:14.045520+00:00,2026-09-29T23:36:25.958827+00:00,nur Zeit geändert
Apps/Support/SubtitleEdit/Icons/DarkTheme/VideoPlayer/FastForwardOver.png,119,119,34948151,34948151,2026-06-02T13:02:14.045520+00:00,2026-09-29T23:36:25.959001+00:00,nur Zeit geändert
Apps/Support/SubtitleEdit/Icons/DarkTheme/VideoPlayer/Fullscreen.png,130,130,E57D6321,E57D6321,2026-06-02T13:02:14.045520+00:00,2026-09-29T23:36:25.959201+00:00,nur Zeit geändert
Apps/Support/SubtitleEdit/Icons/DarkTheme/VideoPlayer/FullscreenDown.png,129,129,761AE061,761AE061,2026-06-02T13:02:14.048203+00:00,2026-09-29T23:36:25.959372+00:00,nur Zeit geändert
Apps/Support/SubtitleEdit/Icons/DarkTheme/VideoPlayer/FullscreenOver.png,128,128,94C2A651,94C2A651,2026-06-02T13:02:14.048203+00:00,2026-09-29T23:36:25.959536+00:00,nur Zeit geändert
Apps/Support/SubtitleEdit/Icons/DarkTheme/VideoPlayer/Mute.png,185,185,D4A9B722,D4A9B722,2026-06-02T13:02:14.048203+00:00,2026-09-29T23:36:25.959705+00:00,nur Zeit geändert
Apps/Support/SubtitleEdit/Icons/DarkTheme/VideoPlayer/MuteDown.png,228,228,7C868E8E,7C868E8E,2026-06-02T13:02:14.048203+00:00,2026-09-29T23:36:25.959875+00:00,nur Zeit geändert
Apps/Support/SubtitleEdit/Icons/DarkTheme/VideoPlayer/MuteOver.png,170,170,C887095C,C887095C,2026-06-02T13:02:14.050211+00:00,2026-09-29T23:36:25.960043+00:00,nur Zeit geändert
Apps/Support/SubtitleEdit/Icons/DarkTheme/VideoPlayer/NoFullscreen.png,129,129,37446A39,37446A39,2026-06-02T13:02:14.050211+00:00,2026-09-29T23:36:25.960244+00:00,nur Zeit geändert
Apps/Support/SubtitleEdit/Icons/DarkTheme/VideoPlayer/NoFullscreenDown.png,128,128,72EECF5B,72EECF5B,2026-06-02T13:02:14.050211+00:00,2026-09-29T23:36:25.960414+00:00,nur Zeit geändert
Apps/Support/SubtitleEdit/Icons/DarkTheme/VideoPlayer/NoFullscreenOver.png,128,128,2FCE0D44,2FCE0D44,2026-06-02T13:02:14.050211+00:00,2026-09-29T23:36:25.960582+00:00,nur Zeit geändert
Apps/Support/SubtitleEdit/Icons/DarkTheme/VideoPlayer/Pause.png,159,159,D36E6B77,D36E6B77,2026-06-02T13:02:14.050211+00:00,2026-09-29T23:36:25.960748+00:00,nur Zeit geändert
Apps/Support/SubtitleEdit/Icons/DarkTheme/VideoPlayer/PauseDown.png,132,132,0082D991,0082D991,2026-06-02T13:02:14.053814+00:00,2026-09-29T23:36:25.960910+00:00,nur Zeit geändert
Apps/Support/SubtitleEdit/Icons/DarkTheme/VideoPlayer/PauseOver.png,133,133,622682B8,622682B8,2026-06-02T13:02:14.053814+00:00,2026-09-29T23:36:25.961328+00:00,nur Zeit geändert
Apps/Support/SubtitleEdit/Icons/DarkTheme/VideoPlayer/Play.png,193,193,4B4B3280,4B4B3280,2026-06-02T13:02:14.053814+00:00,2026-09-29T23:36:25.961560+00:00,nur Zeit geändert
Apps/Support/SubtitleEdit/Icons/DarkTheme/VideoPlayer/PlayDown.png,162,162,9FE17670,9FE17670,2026-06-02T13:02:14.053814+00:00,2026-09-29T23:36:25.961748+00:00,nur Zeit geändert
Apps/Support/SubtitleEdit/Icons/DarkTheme/VideoPlayer/PlayOver.png,167,167,33E4A0E1,33E4A0E1,2026-06-02T13:02:14.053814+00:00,2026-09-29T23:36:25.961963+00:00,nur Zeit geändert
Apps/Support/SubtitleEdit/Icons/DarkTheme/VideoPlayer/ProgressBar.png,80,80,A4599AC9,A4599AC9,2026-06-02T13:02:14.053814+00:00,2026-09-29T23:36:25.962302+00:00,nur Zeit geändert
Apps/Support/SubtitleEdit/Icons/DarkTheme/VideoPlayer/ProgressBarBackground.png,127,127,610F0216,610F0216,2026-06-02T13:02:14.053814+00:00,2026-09-29T23:36:25.962489+00:00,nur Zeit geändert
Apps/Support/SubtitleEdit/Icons/DarkTheme/VideoPlayer/Reverse.png,119,119,246284C9,246284C9,2026-06-02T13:02:14.053814+00:00,2026-09-29T23:36:25.962667+00:00,nur Zeit geändert
Apps/Support/SubtitleEdit/Icons/DarkTheme/VideoPlayer/ReverseDown.png,116,116,ED58DA67,ED58DA67,2026-06-02T13:02:14.053814+00:00,2026-09-29T23:36:25.962841+00:00,nur Zeit geändert
Apps/Support/SubtitleEdit/Icons/DarkTheme/VideoPlayer/ReverseOver.png,115,115,618B3EA2,618B3EA2,2026-06-02T13:02:14.053814+00:00,2026-09-29T23:36:25.963009+00:00,nur Zeit geändert
Apps/Support/SubtitleEdit/Icons/DarkTheme/VideoPlayer/Stop.png,97,97,48769939,48769939,2026-06-02T13:02:14.053814+00:00,2026-09-29T23:36:25.963238+00:00,nur Zeit geändert
Apps/Support/SubtitleEdit/Icons/DarkTheme/VideoPlayer/StopDown.png,91,91,E1BD0CA7,E1BD0CA7,2026-06-02T13:02:14.059681+00:00,2026-09-29T23:36:25.963412+00:00,nur Zeit geändert
Apps/Support/SubtitleEdit/Icons/DarkTheme/VideoPlayer/StopOver.png,92,92,33270CD4,33270CD4,2026-06-02T13:02:14.059681+00:00,2026-09-29T23:36:25.963577+00:00,nur Zeit geändert
Apps/Support/SubtitleEdit/Icons/DarkTheme/VideoPlayer/VolumeBar.png,83,83,D98FA43D,D98FA43D,2026-06-02T13:02:14.059681+00:00,2026-09-29T23:36:25.963744+00:00,nur Zeit geändert
Apps/Support/SubtitleEdit/Icons/DarkTheme/VideoPlayer/VolumeBarBackground.png,102,102,D564632A,D564632A,2026-06-02T13:02:14.059681+00:00,2026-09-29T23:36:25.963924+00:00,nur Zeit geändert
Apps/Support/SubtitleEdit/Icons/DarkTheme/VideoToggle.png,2450,2450,DA63B392,DA63B392,2023-06-02T17:08:13.632299+00:00,2026-09-29T23:36:25.964139+00:00,nur Zeit geändert
Apps/Support/SubtitleEdit/Icons/DarkTheme/VisualSync.png,462,462,0F2D5CA0,0F2D5CA0,2026-06-02T13:02:14.059681+00:00,2026-09-29T23:36:25.964356+00:00,nur Zeit geändert
Apps/Support/SubtitleEdit/Icons/DarkTheme/Warning.png,301,301,33928ADC,33928ADC,2026-06-02T13:02:14.061688+00:00,2026-09-29T23:36:25.964539+00:00,nur Zeit geändert
Apps/Support/SubtitleEdit/Icons/DarkTheme/WaveformCenter.png,150,150,3A39D276,3A39D276,2026-06-02T13:02:14.061688+00:00,2026-09-29T23:36:25.964707+00:00,nur Zeit geändert
Apps/Support/SubtitleEdit/Icons/DarkTheme/WaveformPause.png,151,151,4BCDE166,4BCDE166,2026-06-02T13:02:14.061688+00:00,2026-09-29T23:36:25.964872+00:00,nur Zeit geändert
Apps/Support/SubtitleEdit/Icons/DarkTheme/WaveformPlay.png,173,173,845309FA,845309FA,2026-06-02T13:02:14.061688+00:00,2026-09-29T23:36:25.965030+00:00,nur Zeit geändert
Apps/Support/SubtitleEdit/Icons/DarkTheme/WaveformPlaybackSpeed.png,290,290,50060644,50060644,2026-06-02T13:02:14.063694+00:00,2026-09-29T23:36:25.965404+00:00,nur Zeit geändert
Apps/Support/SubtitleEdit/Icons/DarkTheme/WaveformPlayPause.png,196,196,8A93CB47,8A93CB47,2026-06-02T13:02:14.061688+00:00,2026-09-29T23:36:25.965236+00:00,nur Zeit geändert
Apps/Support/SubtitleEdit/Icons/DarkTheme/WaveformToggle.png,1974,1974,89D159BF,89D159BF,2023-06-02T17:08:13.632299+00:00,2026-09-29T23:36:25.965576+00:00,nur Zeit geändert
Apps/Support/SubtitleEdit/Icons/DarkTheme/WaveformZoomIn.png,233,233,A27FB5DE,A27FB5DE,2026-06-02T13:02:14.063694+00:00,2026-09-29T23:36:25.965737+00:00,nur Zeit geändert
Apps/Support/SubtitleEdit/Icons/DarkTheme/WaveformZoomOut.png,222,222,0386212B,0386212B,2026-06-02T13:02:14.063694+00:00,2026-09-29T23:36:25.965969+00:00,nur Zeit geändert
Apps/Support/SubtitleEdit/Icons/DarkTheme/WebVttProperties.png,595,595,49D81C1B,49D81C1B,2026-06-02T13:02:14.063694+00:00,2026-09-29T23:36:25.966190+00:00,nur Zeit geändert
Apps/Support/SubtitleEdit/Icons/DarkTheme/WebVttStyle.png,446,446,A398F68C,A398F68C,2026-06-02T13:02:14.065900+00:00,2026-09-29T23:36:25.966366+00:00,nur Zeit geändert
Apps/Support/SubtitleEdit/Icons/DefaultTheme/AssaAttachments.png,439,439,E3D5CFB5,E3D5CFB5,2026-06-02T13:02:14.065900+00:00,2026-09-29T23:36:25.966558+00:00,nur Zeit geändert
Apps/Support/SubtitleEdit/Icons/DefaultTheme/AssaDraw.png,604,604,8857A388,8857A388,2026-06-02T13:02:14.065900+00:00,2026-09-29T23:36:25.966736+00:00,nur Zeit geändert
Apps/Support/SubtitleEdit/Icons/DefaultTheme/AssaProperties.png,415,415,F78ED3CB,F78ED3CB,2026-06-02T13:02:14.067907+00:00,2026-09-29T23:36:25.966902+00:00,nur Zeit geändert
Apps/Support/SubtitleEdit/Icons/DefaultTheme/AssaStyle.png,348,348,F2B2CCD9,F2B2CCD9,2026-06-02T13:02:14.067907+00:00,2026-09-29T23:36:25.967065+00:00,nur Zeit geändert
Apps/Support/SubtitleEdit/Icons/DefaultTheme/BeautifyTimeCodes.png,295,295,49D41C67,49D41C67,2026-06-02T13:02:14.067907+00:00,2026-09-29T23:36:25.967272+00:00,nur Zeit geändert
Apps/Support/SubtitleEdit/Icons/DefaultTheme/BurnIn.png,500,500,1BBC73E4,1BBC73E4,2026-06-02T13:02:14.067907+00:00,2026-09-29T23:36:25.967443+00:00,nur Zeit geändert
Apps/Support/SubtitleEdit/Icons/DefaultTheme/EbuProperties.png,811,811,A2FB1005,A2FB1005,2026-06-02T13:02:14.070224+00:00,2026-09-29T23:36:25.967617+00:00,nur Zeit geändert
Apps/Support/SubtitleEdit/Icons/DefaultTheme/Error.png,402,402,C853F31C,C853F31C,2026-06-02T13:02:14.070224+00:00,2026-09-29T23:36:25.967785+00:00,nur Zeit geändert
Apps/Support/SubtitleEdit/Icons/DefaultTheme/Find.png,410,410,1B5C4079,1B5C4079,2026-06-02T13:02:14.070224+00:00,2026-09-29T23:36:25.967948+00:00,nur Zeit geändert
Apps/Support/SubtitleEdit/Icons/DefaultTheme/FixCommonErrors.png,427,427,C69B9A0C,C69B9A0C,2026-06-02T13:02:14.070224+00:00,2026-09-29T23:36:25.968163+00:00,nur Zeit geändert
Apps/Support/SubtitleEdit/Icons/DefaultTheme/Help.png,482,482,7FF31EBC,7FF31EBC,2026-06-02T13:02:14.072227+00:00,2026-09-29T23:36:25.968353+00:00,nur Zeit geändert
Apps/Support/SubtitleEdit/Icons/DefaultTheme/Information.png,390,390,9700ACAD,9700ACAD,2026-06-02T13:02:14.072227+00:00,2026-09-29T23:36:25.968524+00:00,nur Zeit geändert
Apps/Support/SubtitleEdit/Icons/DefaultTheme/IttProperties.png,391,391,22EB8B10,22EB8B10,2026-06-02T13:02:14.072227+00:00,2026-09-29T23:36:25.968689+00:00,nur Zeit geändert
Apps/Support/SubtitleEdit/Icons/DefaultTheme/Layout.png,237,237,5D9F0EDC,5D9F0EDC,2026-06-02T13:02:14.072227+00:00,2026-09-29T23:36:25.968851+00:00,nur Zeit geändert
Apps/Support/SubtitleEdit/Icons/DefaultTheme/Netflix.png,430,430,FD3927F6,FD3927F6,2026-06-02T13:02:14.072227+00:00,2026-09-29T23:36:25.969017+00:00,nur Zeit geändert
Apps/Support/SubtitleEdit/Icons/DefaultTheme/New.png,455,455,C515C2DD,C515C2DD,2026-06-02T13:02:14.074233+00:00,2026-09-29T23:36:25.969225+00:00,nur Zeit geändert
Apps/Support/SubtitleEdit/Icons/DefaultTheme/Open.png,406,406,75C2A83D,75C2A83D,2026-06-02T13:02:14.074739+00:00,2026-09-29T23:36:25.969392+00:00,nur Zeit geändert
Apps/Support/SubtitleEdit/Icons/DefaultTheme/OpenVideo.png,460,460,C0CAB762,C0CAB762,2026-06-02T13:02:14.075820+00:00,2026-09-29T23:36:25.969564+00:00,nur Zeit geändert
Apps/Support/SubtitleEdit/Icons/DefaultTheme/Question.png,482,482,7FF31EBC,7FF31EBC,2026-06-02T13:02:14.075820+00:00,2026-09-29T23:36:25.969732+00:00,nur Zeit geändert
Apps/Support/SubtitleEdit/Icons/DefaultTheme/RemoveTextForHi.png,788,788,E2A5C6BE,E2A5C6BE,2026-06-02T13:02:14.075820+00:00,2026-09-29T23:36:25.969956+00:00,nur Zeit geändert
Apps/Support/SubtitleEdit/Icons/DefaultTheme/Replace.png,391,391,9B41C942,9B41C942,2026-06-02T13:02:14.075820+00:00,2026-09-29T23:36:25.970180+00:00,nur Zeit geändert
Apps/Support/SubtitleEdit/Icons/DefaultTheme/Save.png,324,324,45F1F6CC,45F1F6CC,2026-06-02T13:02:14.075820+00:00,2026-09-29T23:36:25.970352+00:00,nur Zeit geändert
Apps/Support/SubtitleEdit/Icons/DefaultTheme/SaveAs.png,427,427,2B754895,2B754895,2026-06-02T13:02:14.075820+00:00,2026-09-29T23:36:25.970523+00:00,nur Zeit geändert
Apps/Support/SubtitleEdit/Icons/DefaultTheme/Settings.png,523,523,A715DCA2,A715DCA2,2026-06-02T13:02:14.075820+00:00,2026-09-29T23:36:25.970691+00:00,nur Zeit geändert
Apps/Support/SubtitleEdit/Icons/DefaultTheme/SourceView.png,310,310,AFC04AAB,AFC04AAB,2026-06-02T13:02:14.075820+00:00,2026-09-29T23:36:25.970854+00:00,nur Zeit geändert
Apps/Support/SubtitleEdit/Icons/DefaultTheme/SpellCheck.png,354,354,ACD1A336,ACD1A336,2026-06-02T13:02:14.080774+00:00,2026-09-29T23:36:25.971016+00:00,nur Zeit geändert
Apps/Support/SubtitleEdit/Icons/DefaultTheme/VideoPlayer/Background.png,102,102,498A55AD,498A55AD,2026-06-02T13:02:14.080774+00:00,2026-09-29T23:36:25.971233+00:00,nur Zeit geändert
Apps/Support/SubtitleEdit/Icons/DefaultTheme/VideoPlayer/FastForward.png,149,149,5822DA0F,5822DA0F,2026-06-02T13:02:14.080774+00:00,2026-09-29T23:36:25.971404+00:00,nur Zeit geändert
Apps/Support/SubtitleEdit/Icons/DefaultTheme/VideoPlayer/FastForwardDown.png,143,143,9D2703F0,9D2703F0,2026-06-02T13:02:14.080774+00:00,2026-09-29T23:36:25.971569+00:00,nur Zeit geändert
Apps/Support/SubtitleEdit/Icons/DefaultTheme/VideoPlayer/FastForwardOver.png,143,143,3F006F65,3F006F65,2026-06-02T13:02:14.084123+00:00,2026-09-29T23:36:25.971731+00:00,nur Zeit geändert
Apps/Support/SubtitleEdit/Icons/DefaultTheme/VideoPlayer/Fullscreen.png,143,143,0360EBD8,0360EBD8,2026-06-02T13:02:14.084123+00:00,2026-09-29T23:36:25.971896+00:00,nur Zeit geändert
Apps/Support/SubtitleEdit/Icons/DefaultTheme/VideoPlayer/FullscreenDown.png,143,143,2D5D5E7E,2D5D5E7E,2026-06-02T13:02:14.084123+00:00,2026-09-29T23:36:25.972052+00:00,nur Zeit geändert
Apps/Support/SubtitleEdit/Icons/DefaultTheme/VideoPlayer/FullscreenOver.png,146,146,224009A1,224009A1,2026-06-02T13:02:14.084123+00:00,2026-09-29T23:36:25.972254+00:00,nur Zeit geändert
Apps/Support/SubtitleEdit/Icons/DefaultTheme/VideoPlayer/Mute.png,256,256,734C0B0F,734C0B0F,2026-06-02T13:02:14.084123+00:00,2026-09-29T23:36:25.972419+00:00,nur Zeit geändert
Apps/Support/SubtitleEdit/Icons/DefaultTheme/VideoPlayer/MuteDown.png,332,332,BD6AB76B,BD6AB76B,2026-06-02T13:02:14.084123+00:00,2026-09-29T23:36:25.972585+00:00,nur Zeit geändert
Apps/Support/SubtitleEdit/Icons/DefaultTheme/VideoPlayer/MuteOver.png,227,227,EEBE8484,EEBE8484,2026-06-02T13:02:14.084123+00:00,2026-09-29T23:36:25.972750+00:00,nur Zeit geändert
Apps/Support/SubtitleEdit/Icons/DefaultTheme/VideoPlayer/NoFullscreen.png,143,143,CE4FAF5B,CE4FAF5B,2026-06-02T13:02:14.084123+00:00,2026-09-29T23:36:25.972910+00:00,nur Zeit geändert
Apps/Support/SubtitleEdit/Icons/DefaultTheme/VideoPlayer/NoFullscreenDown.png,143,143,E0721AFD,E0721AFD,2026-06-02T13:02:14.084123+00:00,2026-09-29T23:36:25.973102+00:00,nur Zeit geändert
Apps/Support/SubtitleEdit/Icons/DefaultTheme/VideoPlayer/NoFullscreenOver.png,142,142,609E6DF6,609E6DF6,2026-06-02T13:02:14.084123+00:00,2026-09-29T23:36:25.973286+00:00,nur Zeit geändert
Apps/Support/SubtitleEdit/Icons/DefaultTheme/VideoPlayer/Pause.png,184,184,BD5D0BAA,BD5D0BAA,2026-06-02T13:02:14.084123+00:00,2026-09-29T23:36:25.973452+00:00,nur Zeit geändert
Apps/Support/SubtitleEdit/Icons/DefaultTheme/VideoPlayer/PauseDown.png,161,161,7287BA2B,7287BA2B,2026-06-02T13:02:14.084123+00:00,2026-09-29T23:36:25.973625+00:00,nur Zeit geändert
Apps/Support/SubtitleEdit/Icons/DefaultTheme/VideoPlayer/PauseOver.png,161,161,32459A5B,32459A5B,2026-06-02T13:02:14.084123+00:00,2026-09-29T23:36:25.973795+00:00,nur Zeit geändert
Apps/Support/SubtitleEdit/Icons/DefaultTheme/VideoPlayer/Play.png,226,226,31396CE5,31396CE5,2026-06-02T13:02:14.084123+00:00,2026-09-29T23:36:25.974003+00:00,nur Zeit geändert
Apps/Support/SubtitleEdit/Icons/DefaultTheme/VideoPlayer/PlayDown.png,205,205,D267035F,D267035F,2026-06-02T13:02:14.091596+00:00,2026-09-29T23:36:25.974212+00:00,nur Zeit geändert
Apps/Support/SubtitleEdit/Icons/DefaultTheme/VideoPlayer/PlayOver.png,205,205,0686D36E,0686D36E,2026-06-02T13:02:14.091596+00:00,2026-09-29T23:36:25.974406+00:00,nur Zeit geändert
Apps/Support/SubtitleEdit/Icons/DefaultTheme/VideoPlayer/ProgressBar.png,90,90,0AC1B55C,0AC1B55C,2026-06-02T13:02:14.091596+00:00,2026-09-29T23:36:25.974577+00:00,nur Zeit geändert
Apps/Support/SubtitleEdit/Icons/DefaultTheme/VideoPlayer/ProgressBarBackground.png,451,451,EB74EB9C,EB74EB9C,2026-06-02T13:02:14.091596+00:00,2026-09-29T23:36:25.974737+00:00,nur Zeit geändert
Apps/Support/SubtitleEdit/Icons/DefaultTheme/VideoPlayer/Reverse.png,145,145,72AE751D,72AE751D,2026-06-02T13:02:14.091596+00:00,2026-09-29T23:36:25.974902+00:00,nur Zeit geändert
Apps/Support/SubtitleEdit/Icons/DefaultTheme/VideoPlayer/ReverseDown.png,139,139,6AD91052,6AD91052,2026-06-02T13:02:14.094291+00:00,2026-09-29T23:36:25.975097+00:00,nur Zeit geändert
Apps/Support/SubtitleEdit/Icons/DefaultTheme/VideoPlayer/ReverseOver.png,137,137,CFD99FE6,CFD99FE6,2026-06-02T13:02:14.094291+00:00,2026-09-29T23:36:25.975280+00:00,nur Zeit geändert
Apps/Support/SubtitleEdit/Icons/DefaultTheme/VideoPlayer/Stop.png,114,114,A4E9FE43,A4E9FE43,2026-06-02T13:02:14.094291+00:00,2026-09-29T23:36:25.975454+00:00,nur Zeit geändert
Apps/Support/SubtitleEdit/Icons/DefaultTheme/VideoPlayer/StopDown.png,107,107,48EBAE03,48EBAE03,2026-06-02T13:02:14.094291+00:00,2026-09-29T23:36:25.975620+00:00,nur Zeit geändert
Apps/Support/SubtitleEdit/Icons/DefaultTheme/VideoPlayer/StopOver.png,107,107,DA136BAA,DA136BAA,2026-06-02T13:02:14.096296+00:00,2026-09-29T23:36:25.975779+00:00,nur Zeit geändert
Apps/Support/SubtitleEdit/Icons/DefaultTheme/VideoPlayer/VolumeBar.png,90,90,0AC1B55C,0AC1B55C,2026-06-02T13:02:14.096296+00:00,2026-09-29T23:36:25.975940+00:00,nur Zeit geändert
Apps/Support/SubtitleEdit/Icons/DefaultTheme/VideoPlayer/VolumeBarBackground.png,332,332,24DAE588,24DAE588,2026-06-02T13:02:14.096296+00:00,2026-09-29T23:36:25.976136+00:00,nur Zeit geändert
Apps/Support/SubtitleEdit/Icons/DefaultTheme/VideoToggle.png,2439,2439,3D2985A7,3D2985A7,2023-06-02T17:08:13.632299+00:00,2026-09-29T23:36:25.976328+00:00,nur Zeit geändert
Apps/Support/SubtitleEdit/Icons/DefaultTheme/VisualSync.png,518,518,0FA5629B,0FA5629B,2026-06-02T13:02:14.096296+00:00,2026-09-29T23:36:25.976499+00:00,nur Zeit geändert
Apps/Support/SubtitleEdit/Icons/DefaultTheme/Warning.png,332,332,B1AAAB3F,B1AAAB3F,2026-06-02T13:02:14.096296+00:00,2026-09-29T23:36:25.976667+00:00,nur Zeit geändert
Apps/Support/SubtitleEdit/Icons/DefaultTheme/WaveformCenter.png,162,162,CD70E0D9,CD70E0D9,2026-06-02T13:02:14.098304+00:00,2026-09-29T23:36:25.976828+00:00,nur Zeit geändert
Apps/Support/SubtitleEdit/Icons/DefaultTheme/WaveformPause.png,162,162,DB6B9FF9,DB6B9FF9,2026-06-02T13:02:14.098304+00:00,2026-09-29T23:36:25.976992+00:00,nur Zeit geändert
Apps/Support/SubtitleEdit/Icons/DefaultTheme/WaveformPlay.png,187,187,74027390,74027390,2026-06-02T13:02:14.098304+00:00,2026-09-29T23:36:25.977185+00:00,nur Zeit geändert
Apps/Support/SubtitleEdit/Icons/DefaultTheme/WaveformPlaybackSpeed.png,315,315,0EF81746,0EF81746,2026-06-02T13:02:14.100312+00:00,2026-09-29T23:36:25.977516+00:00,nur Zeit geändert
Apps/Support/SubtitleEdit/Icons/DefaultTheme/WaveformPlayPause.png,214,214,490CDAF3,490CDAF3,2026-06-02T13:02:14.100312+00:00,2026-09-29T23:36:25.977352+00:00,nur Zeit geändert
Apps/Support/SubtitleEdit/Icons/DefaultTheme/WaveformToggle.png,1978,1978,27277022,27277022,2023-06-02T17:08:13.632299+00:00,2026-09-29T23:36:25.977686+00:00,nur Zeit geändert
Apps/Support/SubtitleEdit/Icons/DefaultTheme/WaveformZoomIn.png,256,256,FA1B9808,FA1B9808,2026-06-02T13:02:14.100312+00:00,2026-09-29T23:36:25.977854+00:00,nur Zeit geändert
Apps/Support/SubtitleEdit/Icons/DefaultTheme/WaveformZoomOut.png,244,244,8879F6A1,8879F6A1,2026-06-02T13:02:14.100312+00:00,2026-09-29T23:36:25.978118+00:00,nur Zeit geändert
Apps/Support/SubtitleEdit/Icons/DefaultTheme/WebVttProperties.png,652,652,216D1C9C,216D1C9C,2026-06-02T13:02:14.100312+00:00,2026-09-29T23:36:25.978310+00:00,nur Zeit geändert
Apps/Support/SubtitleEdit/Icons/DefaultTheme/WebVttStyle.png,503,503,9ACD29C5,9ACD29C5,2026-06-02T13:02:14.100312+00:00,2026-09-29T23:36:25.978484+00:00,nur Zeit geändert
Apps/Support/SubtitleEdit/Icons/dfxp.ico,16575,16575,A9323D63,A9323D63,2026-06-02T13:02:14.143390+00:00,2026-09-29T23:36:25.993651+00:00,nur Zeit geändert
Apps/Support/SubtitleEdit/Icons/itt.ico,13640,13640,C3200F91,C3200F91,2026-06-02T13:02:14.148052+00:00,2026-09-29T23:36:25.994193+00:00,nur Zeit geändert
Apps/Support/SubtitleEdit/Icons/Legacy/AssaAttachments.png,1269,1269,58E9065E,58E9065E,2026-06-02T13:02:14.103812+00:00,2026-09-29T23:36:25.978692+00:00,nur Zeit geändert
Apps/Support/SubtitleEdit/Icons/Legacy/AssaDraw.png,497,497,CCD96732,CCD96732,2026-06-02T13:02:14.103812+00:00,2026-09-29T23:36:25.978862+00:00,nur Zeit geändert
Apps/Support/SubtitleEdit/Icons/Legacy/AssaProperties.png,997,997,460117B3,460117B3,2026-06-02T13:02:14.103812+00:00,2026-09-29T23:36:25.979041+00:00,nur Zeit geändert
Apps/Support/SubtitleEdit/Icons/Legacy/AssaStyle.png,841,841,3A9C221D,3A9C221D,2026-06-02T13:02:14.103812+00:00,2026-09-29T23:36:25.979264+00:00,nur Zeit geändert
Apps/Support/SubtitleEdit/Icons/Legacy/BeautifyTimeCodes.png,241,241,EC58BF04,EC58BF04,2026-06-02T13:02:14.103812+00:00,2026-09-29T23:36:25.979427+00:00,nur Zeit geändert
Apps/Support/SubtitleEdit/Icons/Legacy/BurnIn.png,1448,1448,19374E02,19374E02,2026-06-02T13:02:14.103812+00:00,2026-09-29T23:36:25.979619+00:00,nur Zeit geändert
Apps/Support/SubtitleEdit/Icons/Legacy/EbuProperties.png,2326,2326,15473D04,15473D04,2026-06-02T13:02:14.107284+00:00,2026-09-29T23:36:25.979832+00:00,nur Zeit geändert
Apps/Support/SubtitleEdit/Icons/Legacy/Error.png,487,487,E5FA5025,E5FA5025,2026-06-02T13:02:14.107284+00:00,2026-09-29T23:36:25.980003+00:00,nur Zeit geändert
Apps/Support/SubtitleEdit/Icons/Legacy/Find.png,2204,2204,C5D8CDB0,C5D8CDB0,2026-06-02T13:02:14.107284+00:00,2026-09-29T23:36:25.980243+00:00,nur Zeit geändert
Apps/Support/SubtitleEdit/Icons/Legacy/FixCommonErrors.png,1815,1815,1D59F07F,1D59F07F,2026-06-02T13:02:14.107284+00:00,2026-09-29T23:36:25.980446+00:00,nur Zeit geändert
Apps/Support/SubtitleEdit/Icons/Legacy/Help.png,581,581,BCDE88B0,BCDE88B0,2026-06-02T13:02:14.107284+00:00,2026-09-29T23:36:25.980619+00:00,nur Zeit geändert
Apps/Support/SubtitleEdit/Icons/Legacy/Information.png,459,459,021B614C,021B614C,2026-06-02T13:02:14.107284+00:00,2026-09-29T23:36:25.980798+00:00,nur Zeit geändert
Apps/Support/SubtitleEdit/Icons/Legacy/IttProperties.png,1538,1538,15EE215A,15EE215A,2026-06-02T13:02:14.107284+00:00,2026-09-29T23:36:25.980996+00:00,nur Zeit geändert
Apps/Support/SubtitleEdit/Icons/Legacy/Layout.png,882,882,9637F743,9637F743,2026-06-02T13:02:14.107284+00:00,2026-09-29T23:36:25.981232+00:00,nur Zeit geändert
Apps/Support/SubtitleEdit/Icons/Legacy/Netflix.png,636,636,462D4481,462D4481,2026-06-02T13:02:14.107284+00:00,2026-09-29T23:36:25.981424+00:00,nur Zeit geändert
Apps/Support/SubtitleEdit/Icons/Legacy/New.png,989,989,13E481F1,13E481F1,2026-06-02T13:02:14.107284+00:00,2026-09-29T23:36:25.981608+00:00,nur Zeit geändert
Apps/Support/SubtitleEdit/Icons/Legacy/Open.png,1112,1112,50D6322D,50D6322D,2026-06-02T13:02:14.107284+00:00,2026-09-29T23:36:25.981788+00:00,nur Zeit geändert
Apps/Support/SubtitleEdit/Icons/Legacy/OpenVideo.png,1601,1601,0A52E2A0,0A52E2A0,2026-06-02T13:02:14.107284+00:00,2026-09-29T23:36:25.982046+00:00,nur Zeit geändert
Apps/Support/SubtitleEdit/Icons/Legacy/Question.png,528,528,4E86ADD9,4E86ADD9,2026-06-02T13:02:14.107284+00:00,2026-09-29T23:36:25.982257+00:00,nur Zeit geändert
Apps/Support/SubtitleEdit/Icons/Legacy/RemoveTextForHI.png,1384,1384,957294A7,957294A7,2026-06-02T13:02:14.107284+00:00,2026-09-29T23:36:25.982451+00:00,nur Zeit geändert
Apps/Support/SubtitleEdit/Icons/Legacy/Replace.png,2453,2453,FA988022,FA988022,2026-06-02T13:02:14.107284+00:00,2026-09-29T23:36:25.982660+00:00,nur Zeit geändert
Apps/Support/SubtitleEdit/Icons/Legacy/Save.png,1364,1364,3DBCCCEA,3DBCCCEA,2026-06-02T13:02:14.107284+00:00,2026-09-29T23:36:25.982851+00:00,nur Zeit geändert
Apps/Support/SubtitleEdit/Icons/Legacy/SaveAs.png,1433,1433,1B387446,1B387446,2026-06-02T13:02:14.115131+00:00,2026-09-29T23:36:25.983040+00:00,nur Zeit geändert
Apps/Support/SubtitleEdit/Icons/Legacy/Settings.png,1063,1063,45C95007,45C95007,2026-06-02T13:02:14.115131+00:00,2026-09-29T23:36:25.983262+00:00,nur Zeit geändert
Apps/Support/SubtitleEdit/Icons/Legacy/SourceView.png,1366,1366,0D3676CA,0D3676CA,2026-06-02T13:02:14.117824+00:00,2026-09-29T23:36:25.983451+00:00,nur Zeit geändert
Apps/Support/SubtitleEdit/Icons/Legacy/SpellCheck.png,1080,1080,5CB5FE99,5CB5FE99,2026-06-02T13:02:14.117824+00:00,2026-09-29T23:36:25.983630+00:00,nur Zeit geändert
Apps/Support/SubtitleEdit/Icons/Legacy/VideoPlayer/Background.png,358,358,0FBB6DB1,0FBB6DB1,2026-06-02T13:02:14.117824+00:00,2026-09-29T23:36:25.983822+00:00,nur Zeit geändert
Apps/Support/SubtitleEdit/Icons/Legacy/VideoPlayer/FastForward.png,292,292,41194DBD,41194DBD,2026-06-02T13:02:14.120939+00:00,2026-09-29T23:36:25.984027+00:00,nur Zeit geändert
Apps/Support/SubtitleEdit/Icons/Legacy/VideoPlayer/FastForwardDown.png,288,288,C495CCCA,C495CCCA,2026-06-02T13:02:14.120939+00:00,2026-09-29T23:36:25.984235+00:00,nur Zeit geändert
Apps/Support/SubtitleEdit/Icons/Legacy/VideoPlayer/FastForwardOver.png,296,296,4A02F37B,4A02F37B,2026-06-02T13:02:14.120939+00:00,2026-09-29T23:36:25.984411+00:00,nur Zeit geändert
Apps/Support/SubtitleEdit/Icons/Legacy/VideoPlayer/Fullscreen.png,321,321,390FAF1C,390FAF1C,2026-06-02T13:02:14.122950+00:00,2026-09-29T23:36:25.984580+00:00,nur Zeit geändert
Apps/Support/SubtitleEdit/Icons/Legacy/VideoPlayer/FullscreenDown.png,660,660,2EED8A8A,2EED8A8A,2026-06-02T13:02:14.122950+00:00,2026-09-29T23:36:25.984760+00:00,nur Zeit geändert
Apps/Support/SubtitleEdit/Icons/Legacy/VideoPlayer/FullscreenOver.png,661,661,C9A83F7A,C9A83F7A,2026-06-02T13:02:14.122950+00:00,2026-09-29T23:36:25.984936+00:00,nur Zeit geändert
Apps/Support/SubtitleEdit/Icons/Legacy/VideoPlayer/Mute.png,665,665,B641958A,B641958A,2026-06-02T13:02:14.124969+00:00,2026-09-29T23:36:25.985144+00:00,nur Zeit geändert
Apps/Support/SubtitleEdit/Icons/Legacy/VideoPlayer/MuteDown.png,859,859,09BA8772,09BA8772,2026-06-02T13:02:14.124969+00:00,2026-09-29T23:36:25.985345+00:00,nur Zeit geändert
Apps/Support/SubtitleEdit/Icons/Legacy/VideoPlayer/MuteOver.png,901,901,9A5C36BB,9A5C36BB,2026-06-02T13:02:14.124969+00:00,2026-09-29T23:36:25.985556+00:00,nur Zeit geändert
Apps/Support/SubtitleEdit/Icons/Legacy/VideoPlayer/NoFullscreen.png,335,335,959E41DA,959E41DA,2026-06-02T13:02:14.124969+00:00,2026-09-29T23:36:25.985729+00:00,nur Zeit geändert
Apps/Support/SubtitleEdit/Icons/Legacy/VideoPlayer/NoFullscreenDown.png,673,673,760D758F,760D758F,2026-06-02T13:02:14.126976+00:00,2026-09-29T23:36:25.985963+00:00,nur Zeit geändert
Apps/Support/SubtitleEdit/Icons/Legacy/VideoPlayer/NoFullscreenOver.png,681,681,4AD60DC0,4AD60DC0,2026-06-02T13:02:14.126976+00:00,2026-09-29T23:36:25.986187+00:00,nur Zeit geändert
Apps/Support/SubtitleEdit/Icons/Legacy/VideoPlayer/Pause.png,1495,1495,4253E0E7,4253E0E7,2026-06-02T13:02:14.126976+00:00,2026-09-29T23:36:25.986398+00:00,nur Zeit geändert
Apps/Support/SubtitleEdit/Icons/Legacy/VideoPlayer/PauseDown.png,1429,1429,23B1698F,23B1698F,2026-06-02T13:02:14.126976+00:00,2026-09-29T23:36:25.986598+00:00,nur Zeit geändert
Apps/Support/SubtitleEdit/Icons/Legacy/VideoPlayer/PauseOver.png,1429,1429,08A32BC4,08A32BC4,2026-06-02T13:02:14.128982+00:00,2026-09-29T23:36:25.986820+00:00,nur Zeit geändert
Apps/Support/SubtitleEdit/Icons/Legacy/VideoPlayer/Play.png,1420,1420,D5B10E4F,D5B10E4F,2026-06-02T13:02:14.128982+00:00,2026-09-29T23:36:25.987032+00:00,nur Zeit geändert
Apps/Support/SubtitleEdit/Icons/Legacy/VideoPlayer/PlayDown.png,1406,1406,B31F5E63,B31F5E63,2026-06-02T13:02:14.128982+00:00,2026-09-29T23:36:25.987307+00:00,nur Zeit geändert
Apps/Support/SubtitleEdit/Icons/Legacy/VideoPlayer/PlayOver.png,1470,1470,F012CE13,F012CE13,2026-06-02T13:02:14.128982+00:00,2026-09-29T23:36:25.987515+00:00,nur Zeit geändert
Apps/Support/SubtitleEdit/Icons/Legacy/VideoPlayer/ProgressBar.png,124,124,3085A680,3085A680,2026-06-02T13:02:14.128982+00:00,2026-09-29T23:36:25.987688+00:00,nur Zeit geändert
Apps/Support/SubtitleEdit/Icons/Legacy/VideoPlayer/ProgressBarBackground.png,274,274,E07881B9,E07881B9,2026-06-02T13:02:14.130987+00:00,2026-09-29T23:36:25.987856+00:00,nur Zeit geändert
Apps/Support/SubtitleEdit/Icons/Legacy/VideoPlayer/Reverse.png,258,258,C4365592,C4365592,2026-06-02T13:02:14.130987+00:00,2026-09-29T23:36:25.988022+00:00,nur Zeit geändert
Apps/Support/SubtitleEdit/Icons/Legacy/VideoPlayer/ReverseDown.png,249,249,52F6C2ED,52F6C2ED,2026-06-02T13:02:14.130987+00:00,2026-09-29T23:36:25.988236+00:00,nur Zeit geändert
Apps/Support/SubtitleEdit/Icons/Legacy/VideoPlayer/ReverseOver.png,261,261,C71C2C52,C71C2C52,2026-06-02T13:02:14.133868+00:00,2026-09-29T23:36:25.988558+00:00,nur Zeit geändert
Apps/Support/SubtitleEdit/Icons/Legacy/VideoPlayer/Stop.png,258,258,35FD7E98,35FD7E98,2026-06-02T13:02:14.133868+00:00,2026-09-29T23:36:25.988784+00:00,nur Zeit geändert
Apps/Support/SubtitleEdit/Icons/Legacy/VideoPlayer/StopDown.png,606,606,528938F2,528938F2,2026-06-02T13:02:14.133868+00:00,2026-09-29T23:36:25.988974+00:00,nur Zeit geändert
Apps/Support/SubtitleEdit/Icons/Legacy/VideoPlayer/StopOver.png,602,602,84ED9464,84ED9464,2026-06-02T13:02:14.133868+00:00,2026-09-29T23:36:25.989233+00:00,nur Zeit geändert
Apps/Support/SubtitleEdit/Icons/Legacy/VideoPlayer/VolumeBar.png,124,124,3085A680,3085A680,2026-06-02T13:02:14.133868+00:00,2026-09-29T23:36:25.989424+00:00,nur Zeit geändert
Apps/Support/SubtitleEdit/Icons/Legacy/VideoPlayer/VolumeBarBackground.png,243,243,C8706B89,C8706B89,2026-06-02T13:02:14.133868+00:00,2026-09-29T23:36:25.989600+00:00,nur Zeit geändert
Apps/Support/SubtitleEdit/Icons/Legacy/VideoToggle.png,1364,1364,7D1DE8E7,7D1DE8E7,2022-10-02T16:04:48.537640+00:00,2026-09-29T23:36:25.989795+00:00,nur Zeit geändert
Apps/Support/SubtitleEdit/Icons/Legacy/VisualSync.png,1686,1686,85183594,85183594,2026-06-02T13:02:14.133868+00:00,2026-09-29T23:36:25.990064+00:00,nur Zeit geändert
Apps/Support/SubtitleEdit/Icons/Legacy/Warning.png,428,428,BC6121EE,BC6121EE,2026-06-02T13:02:14.133868+00:00,2026-09-29T23:36:25.990331+00:00,nur Zeit geändert
Apps/Support/SubtitleEdit/Icons/Legacy/WaveformCenter.png,296,296,BF07564F,BF07564F,2026-06-02T13:02:14.138683+00:00,2026-09-29T23:36:25.990520+00:00,nur Zeit geändert
Apps/Support/SubtitleEdit/Icons/Legacy/WaveformPause.png,160,160,ACC65523,ACC65523,2026-06-02T13:02:14.138683+00:00,2026-09-29T23:36:25.990697+00:00,nur Zeit geändert
Apps/Support/SubtitleEdit/Icons/Legacy/WaveformPlay.png,182,182,1CF314AC,1CF314AC,2026-06-02T13:02:14.138683+00:00,2026-09-29T23:36:25.990865+00:00,nur Zeit geändert
Apps/Support/SubtitleEdit/Icons/Legacy/WaveformPlaybackSpeed.png,673,673,123DB66E,123DB66E,2026-06-02T13:02:14.138683+00:00,2026-09-29T23:36:25.991244+00:00,nur Zeit geändert
Apps/Support/SubtitleEdit/Icons/Legacy/WaveformPlayPause.png,196,196,5073E1AA,5073E1AA,2026-06-02T13:02:14.138683+00:00,2026-09-29T23:36:25.991032+00:00,nur Zeit geändert
Apps/Support/SubtitleEdit/Icons/Legacy/WaveformToggle.png,1703,1703,D6B86D0C,D6B86D0C,2022-10-02T16:04:48.537640+00:00,2026-09-29T23:36:25.991444+00:00,nur Zeit geändert
Apps/Support/SubtitleEdit/Icons/Legacy/WaveformZoomIn.png,626,626,D6E77AD8,D6E77AD8,2026-06-02T13:02:14.138683+00:00,2026-09-29T23:36:25.991718+00:00,nur Zeit geändert
Apps/Support/SubtitleEdit/Icons/Legacy/WaveformZoomOut.png,622,622,05D68056,05D68056,2026-06-02T13:02:14.138683+00:00,2026-09-29T23:36:25.992004+00:00,nur Zeit geändert
Apps/Support/SubtitleEdit/Icons/Legacy/WebVttProperties.png,1252,1252,746D86B1,746D86B1,2026-06-02T13:02:14.138683+00:00,2026-09-29T23:36:25.992278+00:00,nur Zeit geändert
Apps/Support/SubtitleEdit/Icons/Legacy/WebVttStyle.png,1252,1252,746D86B1,746D86B1,2026-06-02T13:02:14.138683+00:00,2026-09-29T23:36:25.992462+00:00,nur Zeit geändert
Apps/Support/SubtitleEdit/Icons/lrc.ico,16605,16605,3257F72E,3257F72E,2026-06-02T13:02:14.148052+00:00,2026-09-29T23:36:25.994784+00:00,nur Zeit geändert
Apps/Support/SubtitleEdit/Icons/mpc-hc.png,2020,2020,85665C49,85665C49,2026-06-02T13:02:14.150064+00:00,2026-09-29T23:36:25.995017+00:00,nur Zeit geändert
Apps/Support/SubtitleEdit/Icons/mpv.png,7035,7035,BAC83AF8,BAC83AF8,2026-06-02T13:02:14.150064+00:00,2026-09-29T23:36:25.995385+00:00,nur Zeit geändert
Apps/Support/SubtitleEdit/Icons/sbv.ico,17033,17033,466D9AED,466D9AED,2026-06-02T13:02:14.150064+00:00,2026-09-29T23:36:25.995852+00:00,nur Zeit geändert
Apps/Support/SubtitleEdit/Icons/smi.ico,16774,16774,0D9306C1,0D9306C1,2026-06-02T13:02:14.150064+00:00,2026-09-29T23:36:25.996428+00:00,nur Zeit geändert
Apps/Support/SubtitleEdit/Icons/srt.ico,15888,15888,C2755A36,C2755A36,2026-06-02T13:02:14.150064+00:00,2026-09-29T23:36:25.996891+00:00,nur Zeit geändert
Apps/Support/SubtitleEdit/Icons/ssa.ico,17499,17499,BB2754CA,BB2754CA,2026-06-02T13:02:14.154153+00:00,2026-09-29T23:36:25.997408+00:00,nur Zeit geändert
Apps/Support/SubtitleEdit/Icons/stl.ico,15174,15174,2016ED33,2016ED33,2026-06-02T13:02:14.154153+00:00,2026-09-29T23:36:25.998017+00:00,nur Zeit geändert
Apps/Support/SubtitleEdit/Icons/sub.ico,16591,16591,9BFEB4BB,9BFEB4BB,2026-06-02T13:02:14.155689+00:00,2026-09-29T23:36:25.998777+00:00,nur Zeit geändert
Apps/Support/SubtitleEdit/Icons/sup.ico,16454,16454,889FD27B,889FD27B,2026-06-02T13:02:14.155689+00:00,2026-09-29T23:36:25.999446+00:00,nur Zeit geändert
Apps/Support/SubtitleEdit/Icons/vlc.png,6022,6022,477AFCEE,477AFCEE,2026-06-02T13:02:14.155689+00:00,2026-09-29T23:36:25.999811+00:00,nur Zeit geändert
Apps/Support/SubtitleEdit/Icons/vtt.ico,14628,14628,2E58A792,2E58A792,2026-06-02T13:02:14.158342+00:00,2026-09-29T23:36:26.000380+00:00,nur Zeit geändert
Apps/Support/SubtitleEdit/Interop.QuartzTypeLib.dll,18944,18944,CE347943,CE347943,2026-06-02T13:02:14.802921+00:00,2026-09-29T23:36:50.931579+00:00,nur Zeit geändert
Apps/Support/SubtitleEdit/Languages/ar-EG.xml,259980,259980,496860FA,496860FA,2026-06-02T13:10:46.343401+00:00,2026-09-29T23:36:26.003104+00:00,nur Zeit geändert
Apps/Support/SubtitleEdit/Languages/bg-BG.xml,304492,304492,A7C8D61F,A7C8D61F,2026-06-02T13:10:46.316384+00:00,2026-09-29T23:36:26.005352+00:00,nur Zeit geändert
Apps/Support/SubtitleEdit/Languages/br-FR.xml,136557,136557,94B2175E,94B2175E,2026-06-02T13:10:46.286384+00:00,2026-09-29T23:36:26.006694+00:00,nur Zeit geändert
Apps/Support/SubtitleEdit/Languages/ca-ES.xml,171606,171606,8963DA70,8963DA70,2026-06-02T13:10:46.224819+00:00,2026-09-29T23:36:26.008009+00:00,nur Zeit geändert
Apps/Support/SubtitleEdit/Languages/cs-CZ.xml,229683,229683,60D8F39E,60D8F39E,2026-06-02T13:10:46.260387+00:00,2026-09-29T23:36:26.009742+00:00,nur Zeit geändert
Apps/Support/SubtitleEdit/Languages/da-DK.xml,215892,215892,3DB396E5,3DB396E5,2026-06-02T13:10:46.188816+00:00,2026-09-29T23:36:26.011510+00:00,nur Zeit geändert
Apps/Support/SubtitleEdit/Languages/de-DE.xml,221199,221199,2F77F129,2F77F129,2026-06-02T13:10:48.038841+00:00,2026-09-29T23:36:26.013044+00:00,nur Zeit geändert
Apps/Support/SubtitleEdit/Languages/el-GR.xml,292037,292037,D36FBC89,D36FBC89,2026-06-02T13:10:46.425939+00:00,2026-09-29T23:36:26.014900+00:00,nur Zeit geändert
Apps/Support/SubtitleEdit/Languages/es-AR.xml,230606,230606,63C04649,63C04649,2026-06-02T13:10:48.069841+00:00,2026-09-29T23:36:26.016536+00:00,nur Zeit geändert
Apps/Support/SubtitleEdit/Languages/es-ES.xml,207247,207247,4518DCBF,4518DCBF,2026-06-02T13:10:46.395948+00:00,2026-09-29T23:36:26.017129+00:00,nur Zeit geändert
Apps/Support/SubtitleEdit/Languages/es-MX.xml,230786,230786,4A661BD2,4A661BD2,2026-06-02T13:10:46.456500+00:00,2026-09-29T23:36:26.017603+00:00,nur Zeit geändert
Apps/Support/SubtitleEdit/Languages/eu-ES.xml,179962,179962,EE120B66,EE120B66,2026-06-02T13:10:46.368942+00:00,2026-09-29T23:36:26.018963+00:00,nur Zeit geändert
Apps/Support/SubtitleEdit/Languages/fa-IR.xml,246748,246748,B33464DF,B33464DF,2026-06-02T13:10:46.571052+00:00,2026-09-29T23:36:26.020649+00:00,nur Zeit geändert
Apps/Support/SubtitleEdit/Languages/fi-FI.xml,221257,221257,0C7F9450,0C7F9450,2026-06-02T13:10:46.482502+00:00,2026-09-29T23:36:26.022523+00:00,nur Zeit geändert
Apps/Support/SubtitleEdit/Languages/fr-BE.xml,187668,187668,2B026E47,2B026E47,2024-06-01T05:12:29.388574+00:00,2026-09-29T23:36:26.023947+00:00,nur Zeit geändert
Apps/Support/SubtitleEdit/Languages/fr-FR.xml,228077,228077,E5DC829D,E5DC829D,2026-06-02T13:10:46.539516+00:00,2026-09-29T23:36:26.024753+00:00,nur Zeit geändert
Apps/Support/SubtitleEdit/Languages/he-IL.xml,247077,247077,56AD4BE8,56AD4BE8,2026-06-02T13:10:46.630052+00:00,2026-09-29T23:36:26.026659+00:00,nur Zeit geändert
Apps/Support/SubtitleEdit/Languages/hr-HR.xml,139751,139751,BABB7FDF,BABB7FDF,2026-06-02T13:10:46.508502+00:00,2026-09-29T23:36:26.027891+00:00,nur Zeit geändert
Apps/Support/SubtitleEdit/Languages/hu-HU.xml,236923,236923,0124CAC3,0124CAC3,2026-06-02T13:10:47.718675+00:00,2026-09-29T23:36:26.029537+00:00,nur Zeit geändert
Apps/Support/SubtitleEdit/Languages/hy-AM.xml,295944,295944,947F1F0D,947F1F0D,2026-06-02T13:10:48.353376+00:00,2026-09-29T23:36:26.031633+00:00,nur Zeit geändert
Apps/Support/SubtitleEdit/Languages/id-ID.xml,142621,142621,BD2A4C44,BD2A4C44,2026-06-02T13:10:46.598059+00:00,2026-09-29T23:36:26.032961+00:00,nur Zeit geändert
Apps/Support/SubtitleEdit/Languages/it-IT.xml,227964,227964,C9538C76,C9538C76,2026-06-02T13:10:47.634121+00:00,2026-09-29T23:36:26.034585+00:00,nur Zeit geändert
Apps/Support/SubtitleEdit/Languages/ja-JP.xml,139081,139081,B0B894BB,B0B894BB,2026-06-02T13:10:47.602121+00:00,2026-09-29T23:36:26.035673+00:00,nur Zeit geändert
Apps/Support/SubtitleEdit/Languages/ko-KR.xml,228736,228736,8ACA9663,8ACA9663,2026-06-02T13:10:47.687673+00:00,2026-09-29T23:36:26.037244+00:00,nur Zeit geändert
Apps/Support/SubtitleEdit/Languages/mk-MK.xml,282295,282295,767A6675,767A6675,2026-06-02T13:10:47.798227+00:00,2026-09-29T23:36:26.039043+00:00,nur Zeit geändert
Apps/Support/SubtitleEdit/Languages/nb-NO.xml,132993,132993,6C9BEF4F,6C9BEF4F,2026-06-02T13:10:47.658670+00:00,2026-09-29T23:36:26.040177+00:00,nur Zeit geändert
Apps/Support/SubtitleEdit/Languages/nl-NL.xml,224210,224210,149D96F5,149D96F5,2026-06-02T13:10:47.756224+00:00,2026-09-29T23:36:26.041772+00:00,nur Zeit geändert
Apps/Support/SubtitleEdit/Languages/pl-PL.xml,231038,231038,9145646B,9145646B,2026-06-02T13:10:47.829225+00:00,2026-09-29T23:36:26.043452+00:00,nur Zeit geändert
Apps/Support/SubtitleEdit/Languages/pt-BR.xml,228192,228192,B9B9312A,B9B9312A,2026-06-02T13:10:47.860782+00:00,2026-09-29T23:36:26.044972+00:00,nur Zeit geändert
Apps/Support/SubtitleEdit/Languages/pt-PT.xml,230890,230890,65A91B8E,65A91B8E,2026-06-02T13:10:47.945590+00:00,2026-09-29T23:36:26.046062+00:00,nur Zeit geändert
Apps/Support/SubtitleEdit/Languages/ro-RO.xml,226071,226071,2B0DFD5F,2B0DFD5F,2026-06-02T13:10:47.891780+00:00,2026-09-29T23:36:26.049000+00:00,nur Zeit geändert
Apps/Support/SubtitleEdit/Languages/ru-RU.xml,290304,290304,0FBB8807,0FBB8807,2026-06-02T13:10:47.978315+00:00,2026-09-29T23:36:26.051014+00:00,nur Zeit geändert
Apps/Support/SubtitleEdit/Languages/sl-SI.xml,203006,203006,65AFE000,65AFE000,2026-06-02T13:10:48.191329+00:00,2026-09-29T23:36:26.052566+00:00,nur Zeit geändert
Apps/Support/SubtitleEdit/Languages/sr-Cyrl-RS.xml,98031,98031,E96E5134,E96E5134,2026-06-02T13:02:16.824052+00:00,2026-09-29T23:36:26.053462+00:00,nur Zeit geändert
Apps/Support/SubtitleEdit/Languages/sr-Latn-RS.xml,147336,147336,AD6EC4C4,AD6EC4C4,2026-06-02T13:10:47.917782+00:00,2026-09-29T23:36:26.054608+00:00,nur Zeit geändert
Apps/Support/SubtitleEdit/Languages/sv-SE.xml,218056,218056,833071BB,833071BB,2026-06-02T13:10:48.105347+00:00,2026-09-29T23:36:26.056300+00:00,nur Zeit geändert
Apps/Support/SubtitleEdit/Languages/th-TH.xml,183110,183110,5FCE0A7A,5FCE0A7A,2026-06-02T13:10:48.009300+00:00,2026-09-29T23:36:26.057497+00:00,nur Zeit geändert
Apps/Support/SubtitleEdit/Languages/tr-TR.xml,229027,229027,52557A32,52557A32,2026-06-02T13:10:48.259360+00:00,2026-09-29T23:36:26.059206+00:00,nur Zeit geändert
Apps/Support/SubtitleEdit/Languages/tt-RU.xml,274258,274258,BA0D7094,BA0D7094,2026-06-02T13:10:48.226612+00:00,2026-09-29T23:36:26.060944+00:00,nur Zeit geändert
Apps/Support/SubtitleEdit/Languages/uk-UA.xml,291959,291959,D12231F8,D12231F8,2026-06-02T13:10:48.292358+00:00,2026-09-29T23:36:26.062830+00:00,nur Zeit geändert
Apps/Support/SubtitleEdit/Languages/vi-VN.xml,207066,207066,466A38E1,466A38E1,2026-06-02T13:10:48.162251+00:00,2026-09-29T23:36:26.064358+00:00,nur Zeit geändert
Apps/Support/SubtitleEdit/Languages/zh-Hans.xml,210176,210176,CD59F5D4,CD59F5D4,2026-06-02T13:10:48.133704+00:00,2026-09-29T23:36:26.065918+00:00,nur Zeit geändert
Apps/Support/SubtitleEdit/Languages/zh-TW.xml,211521,211521,9B385758,9B385758,2026-06-02T13:10:48.321361+00:00,2026-09-29T23:36:26.067169+00:00,nur Zeit geändert
Apps/Support/SubtitleEdit/libse.dll,3009024,3009024,6AAA0BA7,6AAA0BA7,2026-06-02T13:36:46.086604+00:00,2026-09-29T23:36:51.079913+00:00,nur Zeit geändert
Apps/Support/SubtitleEdit/LICENSE.txt,35821,35821,BA8CD1A6,BA8CD1A6,2026-06-02T13:02:14.158342+00:00,2026-09-29T23:36:26.000974+00:00,nur Zeit geändert
Apps/Support/SubtitleEdit/Microsoft.Win32.Registry.dll,26496,26496,50A79E38,50A79E38,2020-10-19T18:37:20+00:00,2026-09-29T23:36:50.932134+00:00,nur Zeit geändert
Apps/Support/SubtitleEdit/NAudio.Core.dll,187904,187904,77AB1D53,77AB1D53,2023-09-04T19:49:42+00:00,2026-09-29T23:36:50.934856+00:00,nur Zeit geändert
Apps/Support/SubtitleEdit/NAudio.WinMM.dll,57344,57344,5EFE0F32,5EFE0F32,2023-09-04T19:49:42+00:00,2026-09-29T23:36:50.935875+00:00,nur Zeit geändert
Apps/Support/SubtitleEdit/NCalc.dll,194560,194560,F2F65570,F2F65570,2011-11-03T13:42:52+00:00,2026-09-29T23:36:50.935913+00:00,nur Zeit geändert
Apps/Support/SubtitleEdit/Newtonsoft.Json.dll,721320,721320,1367585E,1367585E,2025-09-16T08:04:22+00:00,2026-09-29T23:36:50.943912+00:00,nur Zeit geändert
Apps/Support/SubtitleEdit/NHunspell.dll,31744,31744,85A6754F,85A6754F,2015-03-17T10:26:10+00:00,2026-09-29T23:36:50.938699+00:00,nur Zeit geändert
Apps/Support/SubtitleEdit/Ocr/Latin.db,498339,498339,24F1A0C9,24F1A0C9,2026-06-02T13:02:14.167900+00:00,2026-09-29T23:36:26.069022+00:00,nur Zeit geändert
Apps/Support/SubtitleEdit/Ocr/Latin.nocr,576503,576503,AD137E71,AD137E71,2026-06-02T13:02:14.169908+00:00,2026-09-29T23:36:26.070747+00:00,nur Zeit geändert
Apps/Support/SubtitleEdit/preview.mkv,35710,35710,74025690,74025690,2026-06-02T13:02:14.234020+00:00,2026-09-29T23:36:26.111584+00:00,nur Zeit geändert
Apps/Support/SubtitleEdit/Settings.xml,99723,99723,3439AFDD,3439AFDD,2026-06-04T17:24:42.242819+00:00,2026-09-29T23:36:26.071788+00:00,nur Zeit geändert
Apps/Support/SubtitleEdit/SubtitleEdit.exe,6182400,6182400,9A9AE182,9A9AE182,2026-06-02T13:37:40.847908+00:00,2026-09-29T23:36:50.999913+00:00,nur Zeit geändert
Apps/Support/SubtitleEdit/System.Net.Http.Extensions.dll,22232,22232,AC5D6150,AC5D6150,2015-02-19T20:10:46+00:00,2026-09-29T23:36:51.006692+00:00,nur Zeit geändert
Apps/Support/SubtitleEdit/System.Net.Http.Primitives.dll,21720,21720,A088585F,A088585F,2015-02-19T20:10:46+00:00,2026-09-29T23:36:51.007027+00:00,nur Zeit geändert
Apps/Support/SubtitleEdit/Tesseract302/msvcp90.dll,572928,572928,9A360C9E,9A360C9E,2026-06-02T13:03:10.213827+00:00,2026-09-29T23:36:51.007913+00:00,nur Zeit geändert
Apps/Support/SubtitleEdit/Tesseract302/msvcr90.dll,655872,655872,72433AD8,72433AD8,2026-06-02T13:03:10.246545+00:00,2026-09-29T23:36:51.015913+00:00,nur Zeit geändert
Apps/Support/SubtitleEdit/Tesseract302/tessdata/configs/hocr,22,22,91406938,91406938,2026-06-02T13:03:10.200816+00:00,2026-09-29T23:36:26.072177+00:00,nur Zeit geändert
Apps/Support/SubtitleEdit/Tesseract302/tessdata/eng.traineddata,3112137,3112137,3557F791,3557F791,2026-06-02T13:03:08.453304+00:00,2026-09-29T23:36:26.103454+00:00,nur Zeit geändert
Apps/Support/SubtitleEdit/Tesseract302/tessdata/music.traineddata,121419,121419,1864615E,1864615E,2026-06-02T13:03:10.192768+00:00,2026-09-29T23:36:26.110433+00:00,nur Zeit geändert
Apps/Support/SubtitleEdit/Tesseract302/tesseract.exe,2351104,2351104,FB52B1AD,FB52B1AD,2026-06-02T13:03:08.575008+00:00,2026-09-29T23:36:51.047915+00:00,nur Zeit geändert
Apps/Support/SubtitleEdit/UtfUnknown.dll,254976,254976,F7C3F83E,F7C3F83E,2025-08-06T22:56:50+00:00,2026-09-29T23:36:51.051913+00:00,nur Zeit geändert
Apps/Support/SubtitleEdit/Vosk.dll,7680,7680,D24B91C2,D24B91C2,2022-05-24T15:02:00+00:00,2026-09-29T23:36:51.055883+00:00,nur Zeit geändert
Apps/Support/SubtitleEdit/x64/7zxa.dll,217088,217088,E8794FB2,E8794FB2,2026-06-02T13:02:17.273558+00:00,2026-09-29T23:36:51.083915+00:00,nur Zeit geändert
Apps/Support/SubtitleEdit/x86/7zxa.dll,162816,162816,819CE158,819CE158,2026-06-02T13:02:17.284540+00:00,2026-09-29T23:36:51.087915+00:00,nur Zeit geändert
Apps/Support/SubtitleEdit/zlib.net.dll,56320,56320,3DCF644B,3DCF644B,2026-01-01T19:06:08+00:00,2026-09-29T23:36:51.091777+00:00,nur Zeit geändert
Apps/Support/VC/api-ms-win-core-console-l1-1-0.dll,32488,32488,FD2A4F15,FD2A4F15,2024-12-20T09:35:57.570062+00:00,2026-09-29T23:36:51.092392+00:00,nur Zeit geändert
Apps/Support/VC/api-ms-win-core-console-l1-2-0.dll,32448,32448,FC4C99D0,FC4C99D0,2024-12-20T09:35:57.571064+00:00,2026-09-29T23:36:51.092736+00:00,nur Zeit geändert
Apps/Support/VC/api-ms-win-core-datetime-l1-1-0.dll,32456,32456,4F2DDA96,4F2DDA96,2024-12-20T09:35:57.571064+00:00,2026-09-29T23:36:51.093156+00:00,nur Zeit geändert
Apps/Support/VC/api-ms-win-core-debug-l1-1-0.dll,32360,32360,96E14CBE,96E14CBE,2024-12-20T09:35:57.572064+00:00,2026-09-29T23:36:51.093484+00:00,nur Zeit geändert
Apps/Support/VC/api-ms-win-core-errorhandling-l1-1-0.dll,32448,32448,C9869E19,C9869E19,2024-12-20T09:35:57.573062+00:00,2026-09-29T23:36:51.093772+00:00,nur Zeit geändert
Apps/Support/VC/api-ms-win-core-fibers-l1-1-0.dll,32464,32464,08C3359C,08C3359C,2024-12-20T09:35:57.574062+00:00,2026-09-29T23:36:51.094158+00:00,nur Zeit geändert
Apps/Support/VC/api-ms-win-core-file-l1-1-0.dll,36544,36544,AFE9A6DE,AFE9A6DE,2024-12-20T09:35:57.574062+00:00,2026-09-29T23:36:51.094507+00:00,nur Zeit geändert
Apps/Support/VC/api-ms-win-core-file-l1-2-0.dll,32432,32432,57BD546E,57BD546E,2024-12-20T09:35:57.575064+00:00,2026-09-29T23:36:51.094825+00:00,nur Zeit geändert
Apps/Support/VC/api-ms-win-core-file-l2-1-0.dll,32432,32432,33B65EEA,33B65EEA,2024-12-20T09:35:57.576065+00:00,2026-09-29T23:36:51.095112+00:00,nur Zeit geändert
Apps/Support/VC/api-ms-win-core-handle-l1-1-0.dll,32448,32448,40C94330,40C94330,2024-12-20T09:35:57.576065+00:00,2026-09-29T23:36:51.095409+00:00,nur Zeit geändert
Apps/Support/VC/api-ms-win-core-heap-l1-1-0.dll,32448,32448,A0C84478,A0C84478,2024-12-20T09:35:57.577064+00:00,2026-09-29T23:36:51.095651+00:00,nur Zeit geändert
Apps/Support/VC/api-ms-win-core-interlocked-l1-1-0.dll,32440,32440,0DE2B6EC,0DE2B6EC,2024-12-20T09:35:57.577064+00:00,2026-09-29T23:36:51.095934+00:00,nur Zeit geändert
Apps/Support/VC/api-ms-win-core-libraryloader-l1-1-0.dll,32448,32448,39CA373D,39CA373D,2024-12-20T09:35:57.578064+00:00,2026-09-29T23:36:51.096211+00:00,nur Zeit geändert
Apps/Support/VC/api-ms-win-core-localization-l1-2-0.dll,32496,32496,72743B56,72743B56,2024-12-20T09:35:57.579064+00:00,2026-09-29T23:36:51.096521+00:00,nur Zeit geändert
Apps/Support/VC/api-ms-win-core-memory-l1-1-0.dll,32488,32488,874DEB18,874DEB18,2024-12-20T09:35:57.579064+00:00,2026-09-29T23:36:51.096772+00:00,nur Zeit geändert
Apps/Support/VC/api-ms-win-core-namedpipe-l1-1-0.dll,32360,32360,AD20BE4C,AD20BE4C,2024-12-20T09:35:57.580064+00:00,2026-09-29T23:36:51.097051+00:00,nur Zeit geändert
Apps/Support/VC/api-ms-win-core-processenvironment-l1-1-0.dll,32448,32448,EB2BC8AE,EB2BC8AE,2024-12-20T09:35:57.581064+00:00,2026-09-29T23:36:51.097340+00:00,nur Zeit geändert
Apps/Support/VC/api-ms-win-core-processthreads-l1-1-0.dll,32440,32440,C82BDE31,C82BDE31,2024-12-20T09:35:57.581064+00:00,2026-09-29T23:36:51.097636+00:00,nur Zeit geändert
Apps/Support/VC/api-ms-win-core-processthreads-l1-1-1.dll,32432,32432,AE356CAF,AE356CAF,2024-12-20T09:35:57.582065+00:00,2026-09-29T23:36:51.097924+00:00,nur Zeit geändert
Apps/Support/VC/api-ms-win-core-profile-l1-1-0.dll,32432,32432,B3668206,B3668206,2024-12-20T09:35:57.583065+00:00,2026-09-29T23:36:51.098219+00:00,nur Zeit geändert
Apps/Support/VC/api-ms-win-core-rtlsupport-l1-1-0.dll,32480,32480,247E3678,247E3678,2024-12-20T09:35:57.583065+00:00,2026-09-29T23:36:51.098505+00:00,nur Zeit geändert
Apps/Support/VC/api-ms-win-core-string-l1-1-0.dll,32432,32432,BC6A93B3,BC6A93B3,2024-12-20T09:35:57.585064+00:00,2026-09-29T23:36:51.098777+00:00,nur Zeit geändert
Apps/Support/VC/api-ms-win-core-synch-l1-1-0.dll,32360,32360,86D2A47C,86D2A47C,2024-12-20T09:35:57.585064+00:00,2026-09-29T23:36:51.099052+00:00,nur Zeit geändert
Apps/Support/VC/api-ms-win-core-synch-l1-2-0.dll,32448,32448,859D66A8,859D66A8,2024-12-20T09:35:57.586065+00:00,2026-09-29T23:36:51.099363+00:00,nur Zeit geändert
Apps/Support/VC/api-ms-win-core-sysinfo-l1-1-0.dll,32432,32432,BB1BB32B,BB1BB32B,2024-12-20T09:35:57.586576+00:00,2026-09-29T23:36:51.099609+00:00,nur Zeit geändert
Apps/Support/VC/api-ms-win-core-timezone-l1-1-0.dll,32432,32432,9B5CCD52,9B5CCD52,2024-12-20T09:35:57.587091+00:00,2026-09-29T23:36:51.099878+00:00,nur Zeit geändert
Apps/Support/VC/api-ms-win-core-util-l1-1-0.dll,32360,32360,31019F4C,31019F4C,2024-12-20T09:35:57.588080+00:00,2026-09-29T23:36:51.100136+00:00,nur Zeit geändert
Apps/Support/VC/api-ms-win-crt-conio-l1-1-0.dll,32448,32448,D1F05FEF,D1F05FEF,2024-12-20T09:35:57.588080+00:00,2026-09-29T23:36:51.100416+00:00,nur Zeit geändert
Apps/Support/VC/api-ms-win-crt-convert-l1-1-0.dll,36536,36536,F2F5FEDE,F2F5FEDE,2024-12-20T09:35:57.589081+00:00,2026-09-29T23:36:51.100704+00:00,nur Zeit geändert
Apps/Support/VC/api-ms-win-crt-environment-l1-1-0.dll,32344,32344,6FEA08F1,6FEA08F1,2024-12-20T09:35:57.590080+00:00,2026-09-29T23:36:51.100961+00:00,nur Zeit geändert
Apps/Support/VC/api-ms-win-crt-filesystem-l1-1-0.dll,32440,32440,EA791B55,EA791B55,2024-12-20T09:35:57.590080+00:00,2026-09-29T23:36:51.101268+00:00,nur Zeit geändert
Apps/Support/VC/api-ms-win-crt-heap-l1-1-0.dll,32448,32448,F82994EF,F82994EF,2024-12-20T09:35:57.591081+00:00,2026-09-29T23:36:51.101536+00:00,nur Zeit geändert
Apps/Support/VC/api-ms-win-crt-locale-l1-1-0.dll,32488,32488,13E9D302,13E9D302,2024-12-20T09:35:57.592081+00:00,2026-09-29T23:36:51.101825+00:00,nur Zeit geändert
Apps/Support/VC/api-ms-win-crt-math-l1-1-0.dll,40640,40640,444016EA,444016EA,2024-12-20T09:35:57.592081+00:00,2026-09-29T23:36:51.102240+00:00,nur Zeit geändert
Apps/Support/VC/api-ms-win-crt-multibyte-l1-1-0.dll,40640,40640,C87B38A8,C87B38A8,2024-12-20T09:35:57.594081+00:00,2026-09-29T23:36:51.102572+00:00,nur Zeit geändert
Apps/Support/VC/api-ms-win-crt-private-l1-1-0.dll,85696,85696,3F400E41,3F400E41,2024-12-20T09:35:57.595081+00:00,2026-09-29T23:36:51.103257+00:00,nur Zeit geändert
Apps/Support/VC/api-ms-win-crt-process-l1-1-0.dll,32448,32448,29E1B418,29E1B418,2024-12-20T09:35:57.596083+00:00,2026-09-29T23:36:51.103560+00:00,nur Zeit geändert
Apps/Support/VC/api-ms-win-crt-runtime-l1-1-0.dll,36536,36536,43BAF129,43BAF129,2024-12-20T09:35:57.597080+00:00,2026-09-29T23:36:51.103953+00:00,nur Zeit geändert
Apps/Support/VC/api-ms-win-crt-stdio-l1-1-0.dll,36536,36536,0F69B2F9,0F69B2F9,2024-12-20T09:35:57.598081+00:00,2026-09-29T23:36:51.104328+00:00,nur Zeit geändert
Apps/Support/VC/api-ms-win-crt-string-l1-1-0.dll,36536,36536,275027A8,275027A8,2024-12-20T09:35:57.598081+00:00,2026-09-29T23:36:51.104633+00:00,nur Zeit geändert
Apps/Support/VC/api-ms-win-crt-time-l1-1-0.dll,32432,32432,2CC705CA,2CC705CA,2024-12-20T09:35:57.599083+00:00,2026-09-29T23:36:51.104900+00:00,nur Zeit geändert
Apps/Support/VC/api-ms-win-crt-utility-l1-1-0.dll,32448,32448,6D95B343,6D95B343,2024-12-20T09:35:57.600080+00:00,2026-09-29T23:36:51.105179+00:00,nur Zeit geändert
Apps/Support/VC/atl100.dll,159376,159376,30C64851,30C64851,2016-10-25T16:29:00+00:00,2026-09-29T23:36:51.107540+00:00,nur Zeit geändert
Apps/Support/VC/atl110.dll,193688,193688,77339296,77339296,2016-07-19T07:28:16+00:00,2026-09-29T23:36:51.109504+00:00,nur Zeit geändert
Apps/Support/VC/concrt140.dll,322640,322640,FF68B42C,FF68B42C,2024-12-20T09:40:50.802516+00:00,2026-09-29T23:36:51.113590+00:00,nur Zeit geändert
Apps/Support/VC/msvcdis140.dll,1746968,1746968,9E975251,9E975251,2024-12-20T09:41:04.771524+00:00,2026-09-29T23:36:51.123916+00:00,nur Zeit geändert
Apps/Support/VC/msvcp100.dll,608920,608920,9A97E253,9A97E253,2016-10-25T16:27:02+00:00,2026-09-29T23:36:51.131916+00:00,nur Zeit geändert
Apps/Support/VC/msvcp110.dll,662688,662688,C6891C6B,C6891C6B,2016-07-19T07:28:18+00:00,2026-09-29T23:36:51.135915+00:00,nur Zeit geändert
Apps/Support/VC/msvcp120.dll,659624,659624,DF02CC26,DF02CC26,2017-05-24T12:50:40+00:00,2026-09-29T23:36:51.139915+00:00,nur Zeit geändert
Apps/Support/VC/msvcp140.dll,575600,575600,FC2BA26B,FC2BA26B,2024-12-20T09:41:04.776523+00:00,2026-09-29T23:36:51.143916+00:00,nur Zeit geändert
Apps/Support/VC/msvcp140_1.dll,35952,35952,628DE43E,628DE43E,2024-12-20T09:41:04.777523+00:00,2026-09-29T23:36:51.147916+00:00,nur Zeit geändert
Apps/Support/VC/msvcp140_1d.dll,41576,41576,718AD2DD,718AD2DD,2024-10-29T04:47:36+00:00,2026-09-29T23:36:51.150524+00:00,nur Zeit geändert
Apps/Support/VC/msvcp140_2.dll,267888,267888,81CE711D,81CE711D,2024-12-20T09:41:04.780523+00:00,2026-09-29T23:36:51.153408+00:00,nur Zeit geändert
Apps/Support/VC/msvcp140_2d.dll,452712,452712,F6D80D1C,F6D80D1C,2024-10-29T04:47:38+00:00,2026-09-29T23:36:51.157012+00:00,nur Zeit geändert
Apps/Support/VC/msvcp140_atomic_wait.dll,50304,50304,B7212BF8,B7212BF8,2024-12-20T09:41:04.784526+00:00,2026-09-29T23:36:51.157966+00:00,nur Zeit geändert
Apps/Support/VC/msvcp140_clr0400.dll,622832,622832,625DD2D3,625DD2D3,2019-12-07T09:10:37.789348+00:00,2026-09-29T23:36:51.159915+00:00,nur Zeit geändert
Apps/Support/VC/msvcp140_codecvt_ids.dll,31856,31856,30059D84,30059D84,2024-12-20T09:41:04.784526+00:00,2026-09-29T23:36:51.163969+00:00,nur Zeit geändert
Apps/Support/VC/msvcp140d.dll,927848,927848,C3E02A65,C3E02A65,2024-10-29T04:47:38+00:00,2026-09-29T23:36:51.167916+00:00,nur Zeit geändert
Apps/Support/VC/msvcp140d_atomic_wait.dll,101968,101968,A3CB93D5,A3CB93D5,2024-10-29T04:47:38+00:00,2026-09-29T23:36:51.171790+00:00,nur Zeit geändert
Apps/Support/VC/msvcp140d_codecvt_ids.dll,35920,35920,DC3D9735,DC3D9735,2024-10-29T04:47:38+00:00,2026-09-29T23:36:51.172264+00:00,nur Zeit geändert
Apps/Support/VC/msvcp90.dll,572928,572928,9A360C9E,9A360C9E,2014-10-06T15:25:26.992272+00:00,2026-09-29T23:36:51.176740+00:00,nur Zeit geändert
Apps/Support/VC/msvcr100.dll,830616,830616,63AE47A3,63AE47A3,2016-10-25T16:27:02+00:00,2026-09-29T23:36:51.183916+00:00,nur Zeit geändert
Apps/Support/VC/msvcr110.dll,850600,850600,3129541C,3129541C,2016-07-19T07:28:18+00:00,2026-09-29T23:36:51.191916+00:00,nur Zeit geändert
Apps/Support/VC/msvcr120.dll,963240,963240,10EEA926,10EEA926,2017-05-24T12:50:40+00:00,2026-09-29T23:36:51.199916+00:00,nur Zeit geändert
Apps/Support/VC/msvcr90.dll,655872,655872,72433AD8,72433AD8,2014-10-06T15:25:27.007896+00:00,2026-09-29T23:36:51.207916+00:00,nur Zeit geändert
Apps/Support/VC/ucrtbase.dll,1134280,1134280,56092C51,56092C51,2024-12-20T09:35:58.153294+00:00,2026-09-29T23:36:51.223916+00:00,nur Zeit geändert
Apps/Support/VC/ucrtbased.dll,2238056,2238056,B0A41A2C,B0A41A2C,2024-02-21T20:00:06+00:00,2026-09-29T23:36:51.239918+00:00,nur Zeit geändert
Apps/Support/VC/vcamp110.dll,385696,385696,8A29B29A,8A29B29A,2016-07-19T07:28:18+00:00,2026-09-29T23:36:51.247916+00:00,nur Zeit geändert
Apps/Support/VC/vcamp120.dll,481952,481952,4A0310BF,4A0310BF,2017-05-24T12:50:40+00:00,2026-09-29T23:36:51.251918+00:00,nur Zeit geändert
Apps/Support/VC/vcamp140.dll,408680,408680,69AF4A7F,69AF4A7F,2025-01-18T06:52:00+00:00,2026-09-29T23:36:51.255918+00:00,nur Zeit geändert
Apps/Support/VC/vcamp140d.dll,882768,882768,3A323AC0,3A323AC0,2024-10-29T04:47:38+00:00,2026-09-29T23:36:51.263918+00:00,nur Zeit geändert
Apps/Support/VC/vccorlib110.dll,354480,354480,5DE03AB3,5DE03AB3,2016-07-19T07:28:18+00:00,2026-09-29T23:36:51.273086+00:00,nur Zeit geändert
Apps/Support/VC/vccorlib120.dll,356528,356528,5CEED784,5CEED784,2017-05-24T12:50:40+00:00,2026-09-29T23:36:51.275691+00:00,nur Zeit geändert
Apps/Support/VC/vccorlib140.dll,351824,351824,230AFBAA,230AFBAA,2025-01-18T06:52:00+00:00,2026-09-29T23:36:51.275918+00:00,nur Zeit geändert
Apps/Support/VC/vccorlib140d.dll,1492560,1492560,E0FE9503,E0FE9503,2024-10-29T04:47:38+00:00,2026-09-29T23:36:51.283918+00:00,nur Zeit geändert
Apps/Support/VC/vcomp100.dll,59032,59032,1C614F17,1C614F17,2016-10-25T16:11:56+00:00,2026-09-29T23:36:51.291041+00:00,nur Zeit geändert
Apps/Support/VC/vcomp110.dll,138400,138400,32F4864E,32F4864E,2016-07-19T07:28:18+00:00,2026-09-29T23:36:51.292916+00:00,nur Zeit geändert
Apps/Support/VC/vcomp120.dll,137888,137888,E7D08AD1,E7D08AD1,2017-05-24T12:50:40+00:00,2026-09-29T23:36:51.294185+00:00,nur Zeit geändert
Apps/Support/VC/vcomp140.dll,192112,192112,5FFD9F23,5FFD9F23,2025-01-18T06:52:00+00:00,2026-09-29T23:36:51.297505+00:00,nur Zeit geändert
Apps/Support/VC/vcomp140d.dll,219240,219240,0E30C390,0E30C390,2024-10-29T04:47:38+00:00,2026-09-29T23:36:51.299107+00:00,nur Zeit geändert
Apps/Support/VC/vcruntime140.dll,120400,120400,9018F6EA,9018F6EA,2025-01-18T06:52:00+00:00,2026-09-29T23:36:51.300648+00:00,nur Zeit geändert
Apps/Support/VC/vcruntime140_1.dll,49776,49776,0559F10D,0559F10D,2025-01-18T06:52:00+00:00,2026-09-29T23:36:51.301344+00:00,nur Zeit geändert
Apps/Support/VC/vcruntime140_1d.dll,65104,65104,755CCD5B,755CCD5B,2024-10-29T04:47:38+00:00,2026-09-29T23:36:51.302196+00:00,nur Zeit geändert
Apps/Support/VC/vcruntime140_clr0400.dll,87296,87296,20BD7442,20BD7442,2019-12-07T09:10:37.805883+00:00,2026-09-29T23:36:51.303400+00:00,nur Zeit geändert
Apps/Support/VC/vcruntime140_threads.dll,38480,38480,7627F5C4,7627F5C4,2025-01-18T06:52:00+00:00,2026-09-29T23:36:51.304004+00:00,nur Zeit geändert
Apps/Support/VC/vcruntime140_threadsd.dll,51304,51304,2FD15998,2FD15998,2024-10-29T04:47:40+00:00,2026-09-29T23:36:51.304582+00:00,nur Zeit geändert
Apps/Support/VC/vcruntime140d.dll,186960,186960,E25EC4E0,E25EC4E0,2024-10-29T04:47:40+00:00,2026-09-29T23:36:51.306292+00:00,nur Zeit geändert
Apps/Thumbnails/PNGopt/apngopt.exe,325120,325120,C5498ED3,C5498ED3,2019-01-01T20:42:08.759780+00:00,2019-01-01T20:42:08.759780+00:00,gleich
DirectN.dll,3758592,3758592,186A131B,186A131B,2019-08-17T14:44:10+00:00,2026-09-29T23:37:15.279910+00:00,nur Zeit geändert
Fonts/Code/Anonymous_Pro/AnonymousPro-Bold.ttf,107832,107832,E6C7B3D9,E6C7B3D9,2024-09-04T21:11:20+00:00,2026-09-29T23:36:26.128950+00:00,nur Zeit geändert
Fonts/Code/Anonymous_Pro/AnonymousPro-BoldItalic.ttf,96080,96080,E2733505,E2733505,2024-09-04T21:11:20+00:00,2026-09-29T23:36:26.129785+00:00,nur Zeit geändert
Fonts/Code/Anonymous_Pro/AnonymousPro-Italic.ttf,98628,98628,B924A5F5,B924A5F5,2024-09-04T21:11:20+00:00,2026-09-29T23:36:26.131376+00:00,nur Zeit geändert
Fonts/Code/Anonymous_Pro/AnonymousPro-Regular.ttf,112280,112280,E41629C6,E41629C6,2024-09-04T21:11:20+00:00,2026-09-29T23:36:26.132556+00:00,nur Zeit geändert
Fonts/Code/Anonymous_Pro/OFL.txt,4522,4522,72BD0193,72BD0193,2025-04-06T08:01:28+00:00,2026-09-29T23:36:26.132907+00:00,nur Zeit geändert
Fonts/Code/Chivo_Mono/ChivoMono-Italic-VariableFont_wght.ttf,125616,125616,3137FE91,3137FE91,2024-09-04T21:11:20+00:00,2026-09-29T23:36:26.135208+00:00,nur Zeit geändert
Fonts/Code/Chivo_Mono/ChivoMono-VariableFont_wght.ttf,117772,117772,7CCCF6CB,7CCCF6CB,2024-09-04T21:11:20+00:00,2026-09-29T23:36:26.136848+00:00,nur Zeit geändert
Fonts/Code/Chivo_Mono/OFL.txt,4478,4478,9AED5B5F,9AED5B5F,2025-04-06T08:01:28+00:00,2026-09-29T23:36:26.137131+00:00,nur Zeit geändert
Fonts/Code/Chivo_Mono/README.txt,2885,2885,EAD5F542,EAD5F542,2025-04-06T08:01:28+00:00,2026-09-29T23:36:26.137355+00:00,nur Zeit geändert
Fonts/Code/Comic_Mono/ComicMono-Bold.ttf,20516,20516,9E50ACF3,9E50ACF3,2025-04-09T09:45:25.121339+00:00,2026-09-29T23:36:26.138014+00:00,nur Zeit geändert
Fonts/Code/Comic_Mono/ComicMono.ttf,18724,18724,455F5E54,455F5E54,2025-04-09T09:45:21.692867+00:00,2026-09-29T23:36:26.138600+00:00,nur Zeit geändert
Fonts/Code/Comic_Mono/LICENSE.txt,1123,1123,F1AF2298,F1AF2298,2025-04-09T09:47:53.528211+00:00,2026-09-29T23:36:26.138803+00:00,nur Zeit geändert
Fonts/Code/Cousine/Cousine-Bold.ttf,288572,288572,B5040B03,B5040B03,2024-09-04T21:11:20+00:00,2026-09-29T23:36:26.139456+00:00,nur Zeit geändert
Fonts/Code/Cousine/Cousine-BoldItalic.ttf,265160,265160,07C68285,07C68285,2024-09-04T21:11:20+00:00,2026-09-29T23:36:26.143456+00:00,nur Zeit geändert
Fonts/Code/Cousine/Cousine-Italic.ttf,262528,262528,9BFFC070,9BFFC070,2024-09-04T21:11:20+00:00,2026-09-29T23:36:26.147457+00:00,nur Zeit geändert
Fonts/Code/Cousine/Cousine-Regular.ttf,300208,300208,204837DC,204837DC,2024-09-04T21:11:20+00:00,2026-09-29T23:36:26.151457+00:00,nur Zeit geändert
Fonts/Code/Cousine/LICENSE.txt,11560,11560,495FC599,495FC599,2025-04-09T19:32:36+00:00,2026-09-29T23:36:26.155644+00:00,nur Zeit geändert
Fonts/Code/Cutive_Mono/CutiveMono-Regular.ttf,79596,79596,4977D880,4977D880,2024-09-04T21:11:20+00:00,2026-09-29T23:36:26.156939+00:00,nur Zeit geändert
Fonts/Code/Cutive_Mono/OFL.txt,4483,4483,5AE0AC44,5AE0AC44,2025-04-06T08:01:28+00:00,2026-09-29T23:36:26.157252+00:00,nur Zeit geändert
Fonts/Code/DM_Mono/DMMono-Italic.ttf,50524,50524,1640A004,1640A004,2024-09-04T21:11:20+00:00,2026-09-29T23:36:26.158168+00:00,nur Zeit geändert
Fonts/Code/DM_Mono/DMMono-Light.ttf,48832,48832,0CB8B9E0,0CB8B9E0,2024-09-04T21:11:20+00:00,2026-09-29T23:36:26.158843+00:00,nur Zeit geändert
Fonts/Code/DM_Mono/DMMono-LightItalic.ttf,50852,50852,B2120493,B2120493,2024-09-04T21:11:20+00:00,2026-09-29T23:36:26.159528+00:00,nur Zeit geändert
Fonts/Code/DM_Mono/DMMono-Medium.ttf,49444,49444,0195216B,0195216B,2024-09-04T21:11:20+00:00,2026-09-29T23:36:26.160172+00:00,nur Zeit geändert
Fonts/Code/DM_Mono/DMMono-MediumItalic.ttf,51684,51684,6F134A19,6F134A19,2024-09-04T21:11:20+00:00,2026-09-29T23:36:26.160782+00:00,nur Zeit geändert
Fonts/Code/DM_Mono/DMMono-Regular.ttf,48852,48852,48C81C77,48C81C77,2024-09-04T21:11:20+00:00,2026-09-29T23:36:26.161328+00:00,nur Zeit geändert
Fonts/Code/DM_Mono/OFL.txt,4485,4485,E9C4122D,E9C4122D,2025-04-06T08:01:28+00:00,2026-09-29T23:36:26.161540+00:00,nur Zeit geändert
Fonts/Code/Fira_Code/FiraCode-VariableFont_wght.ttf,259308,259308,9C1FE218,9C1FE218,2024-09-04T21:11:20+00:00,2026-09-29T23:36:26.165489+00:00,nur Zeit geändert
Fonts/Code/Fira_Code/OFL.txt,4484,4484,0327A9FD,0327A9FD,2025-04-06T08:01:28+00:00,2026-09-29T23:36:26.165827+00:00,nur Zeit geändert
Fonts/Code/Fira_Code/README.txt,2231,2231,2F0CCA47,2F0CCA47,2025-04-06T08:01:28+00:00,2026-09-29T23:36:26.166108+00:00,nur Zeit geändert
"Fonts/Code/Inconsolata/Inconsolata-VariableFont_wdth,wght.ttf",343368,343368,36855D2D,36855D2D,2024-09-04T21:11:20+00:00,2026-09-29T23:36:26.167457+00:00,nur Zeit geändert
Fonts/Code/Inconsolata/OFL.txt,4444,4444,87A09B4A,87A09B4A,2025-04-06T08:01:28+00:00,2026-09-29T23:36:26.171958+00:00,nur Zeit geändert
Fonts/Code/Inconsolata/README.txt,6118,6118,9F77AD9B,9F77AD9B,2025-04-06T08:01:28+00:00,2026-09-29T23:36:26.172203+00:00,nur Zeit geändert
Fonts/Code/Lekton/Lekton-Bold.ttf,75884,75884,DC3A35A4,DC3A35A4,2024-09-04T21:11:20+00:00,2026-09-29T23:36:26.902048+00:00,nur Zeit geändert
Fonts/Code/Lekton/Lekton-Italic.ttf,27040,27040,1279B1A3,1279B1A3,2024-09-04T21:11:20+00:00,2026-09-29T23:36:26.902616+00:00,nur Zeit geändert
Fonts/Code/Lekton/Lekton-Regular.ttf,76284,76284,3421621D,3421621D,2024-09-04T21:11:20+00:00,2026-09-29T23:36:26.903707+00:00,nur Zeit geändert
Fonts/Code/Lekton/OFL.txt,4462,4462,45DBBF66,45DBBF66,2025-04-06T08:01:28+00:00,2026-09-29T23:36:26.903982+00:00,nur Zeit geändert
Fonts/Code/LXGW_WenKai_Mono_TC/LXGWWenKaiMonoTC-Bold.ttf,12883672,12883672,2CDE3B2B,2CDE3B2B,2024-09-04T21:11:20+00:00,2026-09-29T23:36:26.172203+00:00,nur Zeit geändert
Fonts/Code/LXGW_WenKai_Mono_TC/LXGWWenKaiMonoTC-Light.ttf,13765264,13765264,0FF1732E,0FF1732E,2024-09-04T21:11:20+00:00,2026-09-29T23:36:26.679465+00:00,nur Zeit geändert
Fonts/Code/LXGW_WenKai_Mono_TC/LXGWWenKaiMonoTC-Regular.ttf,13121532,13121532,C8331E3A,C8331E3A,2024-09-04T21:11:20+00:00,2026-09-29T23:36:26.891470+00:00,nur Zeit geändert
Fonts/Code/LXGW_WenKai_Mono_TC/OFL.txt,4483,4483,84C06714,84C06714,2025-04-06T08:01:28+00:00,2026-09-29T23:36:26.900670+00:00,nur Zeit geändert
Fonts/Code/Nanum_Gothic_Coding/NanumGothicCoding-Bold.ttf,1940240,1940240,266EC99C,266EC99C,2024-12-04T18:31:06+00:00,2026-09-29T23:36:26.923468+00:00,nur Zeit geändert
Fonts/Code/Nanum_Gothic_Coding/NanumGothicCoding-Regular.ttf,2042524,2042524,52A5B547,52A5B547,2024-12-04T18:31:06+00:00,2026-09-29T23:36:26.947472+00:00,nur Zeit geändert
Fonts/Code/Nanum_Gothic_Coding/OFL.txt,4631,4631,CD365F82,CD365F82,2025-04-06T08:01:28+00:00,2026-09-29T23:36:26.952937+00:00,nur Zeit geändert
Fonts/Code/Oxygen_Mono/OFL.txt,4492,4492,99D8847D,99D8847D,2025-04-06T08:01:28+00:00,2026-09-29T23:36:26.953216+00:00,nur Zeit geändert
Fonts/Code/Oxygen_Mono/OxygenMono-Regular.ttf,67476,67476,5646E8E5,5646E8E5,2024-09-04T21:11:20+00:00,2026-09-29T23:36:26.954393+00:00,nur Zeit geändert
Fonts/Code/Red_Hat_Mono/OFL.txt,4487,4487,BF25403A,BF25403A,2025-04-06T08:01:28+00:00,2026-09-29T23:36:26.954651+00:00,nur Zeit geändert
Fonts/Code/Red_Hat_Mono/README.txt,2571,2571,2418BF67,2418BF67,2025-04-06T08:01:28+00:00,2026-09-29T23:36:26.954867+00:00,nur Zeit geändert
Fonts/Code/Red_Hat_Mono/RedHatMono-Italic-VariableFont_wght.ttf,70568,70568,81F8107B,81F8107B,2024-12-04T18:31:06+00:00,2026-09-29T23:36:26.956302+00:00,nur Zeit geändert
Fonts/Code/Red_Hat_Mono/RedHatMono-VariableFont_wght.ttf,67112,67112,79380FC1,79380FC1,2024-12-04T18:31:06+00:00,2026-09-29T23:36:26.957612+00:00,nur Zeit geändert
Fonts/Code/Reddit_Mono/OFL.txt,4484,4484,C28CF61B,C28CF61B,2025-04-06T08:01:28+00:00,2026-09-29T23:36:26.957870+00:00,nur Zeit geändert
Fonts/Code/Reddit_Mono/README.txt,2400,2400,09072F78,09072F78,2025-04-06T08:01:28+00:00,2026-09-29T23:36:26.958140+00:00,nur Zeit geändert
Fonts/Code/Reddit_Mono/RedditMono-VariableFont_wght.ttf,201076,201076,0C669FD6,0C669FD6,2024-09-04T21:11:20+00:00,2026-09-29T23:36:26.961416+00:00,nur Zeit geändert
Fonts/Code/Roboto_Mono/LICENSE.txt,11560,11560,495FC599,495FC599,2025-04-06T07:29:00+00:00,2026-09-29T23:36:26.961915+00:00,nur Zeit geändert
Fonts/Code/Roboto_Mono/README.txt,2746,2746,566E9CE4,566E9CE4,2025-04-06T07:29:00+00:00,2026-09-29T23:36:26.962161+00:00,nur Zeit geändert
Fonts/Code/Roboto_Mono/RobotoMono-Italic-VariableFont_wght.ttf,197012,197012,AD1AE86D,AD1AE86D,2024-09-04T21:11:20+00:00,2026-09-29T23:36:26.963470+00:00,nur Zeit geändert
Fonts/Code/Roboto_Mono/RobotoMono-VariableFont_wght.ttf,184172,184172,ED20B499,ED20B499,2024-09-04T21:11:20+00:00,2026-09-29T23:36:26.969684+00:00,nur Zeit geändert
Fonts/Code/Sono/OFL.txt,4470,4470,D20C0F91,D20C0F91,2025-04-06T08:01:28+00:00,2026-09-29T23:36:26.970065+00:00,nur Zeit geändert
Fonts/Code/Sono/README.txt,2540,2540,8F869576,8F869576,2025-04-06T08:01:28+00:00,2026-09-29T23:36:26.970310+00:00,nur Zeit geändert
"Fonts/Code/Sono/Sono-VariableFont_MONO,wght.ttf",154480,154480,C9D3E49F,C9D3E49F,2024-09-04T21:11:20+00:00,2026-09-29T23:36:26.973297+00:00,nur Zeit geändert
Fonts/Code/Source_Code_Pro/OFL.txt,4622,4622,96D8790B,96D8790B,2025-04-06T08:01:28+00:00,2026-09-29T23:36:26.973638+00:00,nur Zeit geändert
Fonts/Code/Source_Code_Pro/README.txt,2988,2988,5F91E76C,5F91E76C,2025-04-06T08:01:28+00:00,2026-09-29T23:36:26.973844+00:00,nur Zeit geändert
Fonts/Code/Source_Code_Pro/SourceCodePro-Italic-VariableFont_wght.ttf,162660,162660,F42D7F44,F42D7F44,2024-09-04T21:11:20+00:00,2026-09-29T23:36:26.976984+00:00,nur Zeit geändert
Fonts/Code/Source_Code_Pro/SourceCodePro-VariableFont_wght.ttf,199228,199228,2B3F268E,2B3F268E,2024-09-04T21:11:20+00:00,2026-09-29T23:36:26.980174+00:00,nur Zeit geändert
Fonts/Code/Space_Mono/OFL.txt,4486,4486,A5A76ED6,A5A76ED6,2025-04-09T19:32:36+00:00,2026-09-29T23:36:26.980515+00:00,nur Zeit geändert
Fonts/Code/Space_Mono/SpaceMono-Bold.ttf,97256,97256,45131100,45131100,2025-02-12T21:33:58+00:00,2026-09-29T23:36:26.981985+00:00,nur Zeit geändert
Fonts/Code/Space_Mono/SpaceMono-BoldItalic.ttf,103288,103288,46CE9D60,46CE9D60,2025-02-12T21:33:58+00:00,2026-09-29T23:36:26.983235+00:00,nur Zeit geändert
Fonts/Code/Space_Mono/SpaceMono-Italic.ttf,112912,112912,7845296C,7845296C,2025-02-12T21:33:58+00:00,2026-09-29T23:36:26.984454+00:00,nur Zeit geändert
Fonts/Code/Space_Mono/SpaceMono-Regular.ttf,98320,98320,9AEA8422,9AEA8422,2025-02-12T21:33:58+00:00,2026-09-29T23:36:26.985500+00:00,nur Zeit geändert
Fonts/Code/Ubuntu_Sans_Mono/README.txt,2579,2579,EB7675EF,EB7675EF,2025-04-06T08:01:28+00:00,2026-09-29T23:36:26.985774+00:00,nur Zeit geändert
Fonts/Code/Ubuntu_Sans_Mono/UbuntuSansMono-Italic-VariableFont_wght.ttf,187772,187772,29D94FCC,29D94FCC,2025-03-11T01:22:18+00:00,2026-09-29T23:36:26.989224+00:00,nur Zeit geändert
Fonts/Code/Ubuntu_Sans_Mono/UbuntuSansMono-VariableFont_wght.ttf,179440,179440,F0F76E85,F0F76E85,2025-03-11T01:22:18+00:00,2026-09-29T23:36:26.992728+00:00,nur Zeit geändert
Fonts/Code/Ubuntu_Sans_Mono/UFL.txt,4769,4769,5B084670,5B084670,2025-04-06T08:01:28+00:00,2026-09-29T23:36:26.986038+00:00,nur Zeit geändert
Fonts/Code/Xanh_Mono/OFL.txt,4492,4492,0563328C,0563328C,2025-04-06T08:01:28+00:00,2026-09-29T23:36:26.993107+00:00,nur Zeit geändert
Fonts/Code/Xanh_Mono/XanhMono-Italic.ttf,63056,63056,E5893B7E,E5893B7E,2024-09-04T21:11:20+00:00,2026-09-29T23:36:26.994281+00:00,nur Zeit geändert
Fonts/Code/Xanh_Mono/XanhMono-Regular.ttf,59204,59204,88EA7117,88EA7117,2024-09-04T21:11:20+00:00,2026-09-29T23:36:26.995048+00:00,nur Zeit geändert
Fonts/Default/Anuphan/Anuphan-VariableFont_wght.ttf,217128,217128,D4DB6609,D4DB6609,2024-09-04T21:11:20+00:00,2026-09-29T23:36:26.995472+00:00,nur Zeit geändert
Fonts/Default/Anuphan/OFL.txt,4481,4481,CCBB263B,CCBB263B,2025-04-06T09:40:26+00:00,2026-09-29T23:36:26.998764+00:00,nur Zeit geändert
Fonts/Default/Anuphan/README.txt,2277,2277,273E6C91,273E6C91,2025-04-06T09:40:26+00:00,2026-09-29T23:36:26.998963+00:00,nur Zeit geändert
Fonts/Default/Barlow/Barlow-Black.ttf,105888,105888,4BE2BCF1,4BE2BCF1,2024-09-04T21:11:20+00:00,2026-09-29T23:36:27.000489+00:00,nur Zeit geändert
Fonts/Default/Barlow/Barlow-BlackItalic.ttf,109224,109224,33352D7C,33352D7C,2024-09-04T21:11:20+00:00,2026-09-29T23:36:27.001798+00:00,nur Zeit geändert
Fonts/Default/Barlow/Barlow-Bold.ttf,102940,102940,E0D0FFBB,E0D0FFBB,2024-09-04T21:11:20+00:00,2026-09-29T23:36:27.003144+00:00,nur Zeit geändert
Fonts/Default/Barlow/Barlow-BoldItalic.ttf,106540,106540,922C473D,922C473D,2024-09-04T21:11:20+00:00,2026-09-29T23:36:27.004576+00:00,nur Zeit geändert
Fonts/Default/Barlow/Barlow-ExtraBold.ttf,104848,104848,75F2427F,75F2427F,2024-09-04T21:11:20+00:00,2026-09-29T23:36:27.005796+00:00,nur Zeit geändert
Fonts/Default/Barlow/Barlow-ExtraBoldItalic.ttf,107620,107620,364B5F07,364B5F07,2024-09-04T21:11:20+00:00,2026-09-29T23:36:27.006982+00:00,nur Zeit geändert
Fonts/Default/Barlow/Barlow-ExtraLight.ttf,97076,97076,138BDF26,138BDF26,2024-09-04T21:11:20+00:00,2026-09-29T23:36:27.008302+00:00,nur Zeit geändert
Fonts/Default/Barlow/Barlow-ExtraLightItalic.ttf,102512,102512,C4FEC8B9,C4FEC8B9,2024-09-04T21:11:20+00:00,2026-09-29T23:36:27.009619+00:00,nur Zeit geändert
Fonts/Default/Barlow/Barlow-Italic.ttf,104252,104252,5AD492A5,5AD492A5,2024-09-04T21:11:20+00:00,2026-09-29T23:36:27.011014+00:00,nur Zeit geändert
Fonts/Default/Barlow/Barlow-Light.ttf,97936,97936,E308039D,E308039D,2024-09-04T21:11:20+00:00,2026-09-29T23:36:27.012097+00:00,nur Zeit geändert
Fonts/Default/Barlow/Barlow-LightItalic.ttf,103536,103536,06A6B70F,06A6B70F,2024-09-04T21:11:20+00:00,2026-09-29T23:36:27.013401+00:00,nur Zeit geändert
Fonts/Default/Barlow/Barlow-Medium.ttf,98244,98244,8F22BA13,8F22BA13,2024-09-04T21:11:20+00:00,2026-09-29T23:36:27.014574+00:00,nur Zeit geändert
Fonts/Default/Barlow/Barlow-MediumItalic.ttf,103848,103848,DB0B8DC6,DB0B8DC6,2024-09-04T21:11:20+00:00,2026-09-29T23:36:27.015736+00:00,nur Zeit geändert
Fonts/Default/Barlow/Barlow-Regular.ttf,98812,98812,EC6B7A84,EC6B7A84,2024-09-04T21:11:20+00:00,2026-09-29T23:36:27.016684+00:00,nur Zeit geändert
Fonts/Default/Barlow/Barlow-SemiBold.ttf,103016,103016,09481A70,09481A70,2024-09-04T21:11:20+00:00,2026-09-29T23:36:27.018246+00:00,nur Zeit geändert
Fonts/Default/Barlow/Barlow-SemiBoldItalic.ttf,106380,106380,91128154,91128154,2024-09-04T21:11:20+00:00,2026-09-29T23:36:27.019440+00:00,nur Zeit geändert
Fonts/Default/Barlow/Barlow-Thin.ttf,96292,96292,B4CA4888,B4CA4888,2024-09-04T21:11:20+00:00,2026-09-29T23:36:27.020505+00:00,nur Zeit geändert
Fonts/Default/Barlow/Barlow-ThinItalic.ttf,101800,101800,25D166BD,25D166BD,2024-09-04T21:11:20+00:00,2026-09-29T23:36:27.021640+00:00,nur Zeit geändert
Fonts/Default/Barlow/OFL.txt,4471,4471,EF0CF8BF,EF0CF8BF,2025-04-06T07:32:12+00:00,2026-09-29T23:36:27.021987+00:00,nur Zeit geändert
Fonts/Default/Barlow_Condensed/BarlowCondensed-Black.ttf,105348,105348,5E9EAAE6,5E9EAAE6,2024-09-04T21:11:20+00:00,2026-09-29T23:36:27.023372+00:00,nur Zeit geändert
Fonts/Default/Barlow_Condensed/BarlowCondensed-BlackItalic.ttf,106740,106740,D73FB7FA,D73FB7FA,2024-09-04T21:11:20+00:00,2026-09-29T23:36:27.024592+00:00,nur Zeit geändert
Fonts/Default/Barlow_Condensed/BarlowCondensed-Bold.ttf,104316,104316,223BEC75,223BEC75,2024-09-04T21:11:20+00:00,2026-09-29T23:36:27.025776+00:00,nur Zeit geändert
Fonts/Default/Barlow_Condensed/BarlowCondensed-BoldItalic.ttf,106364,106364,CCE8F73F,CCE8F73F,2024-09-04T21:11:20+00:00,2026-09-29T23:36:27.026955+00:00,nur Zeit geändert
Fonts/Default/Barlow_Condensed/BarlowCondensed-ExtraBold.ttf,104812,104812,85D69273,85D69273,2024-09-04T21:11:20+00:00,2026-09-29T23:36:27.028340+00:00,nur Zeit geändert
Fonts/Default/Barlow_Condensed/BarlowCondensed-ExtraBoldItalic.ttf,107176,107176,81F825B7,81F825B7,2024-09-04T21:11:20+00:00,2026-09-29T23:36:27.029457+00:00,nur Zeit geändert
Fonts/Default/Barlow_Condensed/BarlowCondensed-ExtraLight.ttf,95748,95748,4A5A3536,4A5A3536,2024-09-04T21:11:20+00:00,2026-09-29T23:36:27.030691+00:00,nur Zeit geändert
Fonts/Default/Barlow_Condensed/BarlowCondensed-ExtraLightItalic.ttf,102260,102260,F40DD44C,F40DD44C,2024-09-04T21:11:20+00:00,2026-09-29T23:36:27.031894+00:00,nur Zeit geändert
Fonts/Default/Barlow_Condensed/BarlowCondensed-Italic.ttf,104244,104244,F440B962,F440B962,2024-09-04T21:11:20+00:00,2026-09-29T23:36:27.033212+00:00,nur Zeit geändert
Fonts/Default/Barlow_Condensed/BarlowCondensed-Light.ttf,96620,96620,7D5CEFC2,7D5CEFC2,2024-09-04T21:11:20+00:00,2026-09-29T23:36:27.034272+00:00,nur Zeit geändert
Fonts/Default/Barlow_Condensed/BarlowCondensed-LightItalic.ttf,102948,102948,DBE8AE78,DBE8AE78,2024-09-04T21:11:20+00:00,2026-09-29T23:36:27.035390+00:00,nur Zeit geändert
Fonts/Default/Barlow_Condensed/BarlowCondensed-Medium.ttf,97960,97960,7D78B549,7D78B549,2024-09-04T21:11:20+00:00,2026-09-29T23:36:27.036806+00:00,nur Zeit geändert
Fonts/Default/Barlow_Condensed/BarlowCondensed-MediumItalic.ttf,104712,104712,836F8658,836F8658,2024-09-04T21:11:20+00:00,2026-09-29T23:36:27.038233+00:00,nur Zeit geändert
Fonts/Default/Barlow_Condensed/BarlowCondensed-Regular.ttf,97132,97132,20835A69,20835A69,2024-09-04T21:11:20+00:00,2026-09-29T23:36:27.039238+00:00,nur Zeit geändert
Fonts/Default/Barlow_Condensed/BarlowCondensed-SemiBold.ttf,103856,103856,B58A427E,B58A427E,2024-09-04T21:11:20+00:00,2026-09-29T23:36:27.040518+00:00,nur Zeit geändert
Fonts/Default/Barlow_Condensed/BarlowCondensed-SemiBoldItalic.ttf,106620,106620,2B201576,2B201576,2024-09-04T21:11:20+00:00,2026-09-29T23:36:27.041665+00:00,nur Zeit geändert
Fonts/Default/Barlow_Condensed/BarlowCondensed-Thin.ttf,94972,94972,5180789F,5180789F,2024-09-04T21:11:20+00:00,2026-09-29T23:36:27.042704+00:00,nur Zeit geändert
Fonts/Default/Barlow_Condensed/BarlowCondensed-ThinItalic.ttf,101584,101584,3883D475,3883D475,2024-09-04T21:11:20+00:00,2026-09-29T23:36:27.043832+00:00,nur Zeit geändert
Fonts/Default/Barlow_Condensed/OFL.txt,4471,4471,EF0CF8BF,EF0CF8BF,2025-04-06T07:32:12+00:00,2026-09-29T23:36:27.044166+00:00,nur Zeit geändert
Fonts/Default/Barlow_Semi_Condensed/BarlowSemiCondensed-Black.ttf,107504,107504,A6C74FC4,A6C74FC4,2024-09-04T21:11:20+00:00,2026-09-29T23:36:27.045627+00:00,nur Zeit geändert
Fonts/Default/Barlow_Semi_Condensed/BarlowSemiCondensed-BlackItalic.ttf,109688,109688,CF6B3256,CF6B3256,2024-09-04T21:11:20+00:00,2026-09-29T23:36:27.046944+00:00,nur Zeit geändert
Fonts/Default/Barlow_Semi_Condensed/BarlowSemiCondensed-Bold.ttf,106048,106048,3F10B0EC,3F10B0EC,2024-09-04T21:11:20+00:00,2026-09-29T23:36:27.048259+00:00,nur Zeit geändert
Fonts/Default/Barlow_Semi_Condensed/BarlowSemiCondensed-BoldItalic.ttf,109056,109056,527BF120,527BF120,2024-09-04T21:11:20+00:00,2026-09-29T23:36:27.049430+00:00,nur Zeit geändert
Fonts/Default/Barlow_Semi_Condensed/BarlowSemiCondensed-ExtraBold.ttf,106228,106228,1AB66D2D,1AB66D2D,2024-09-04T21:11:20+00:00,2026-09-29T23:36:27.050576+00:00,nur Zeit geändert
Fonts/Default/Barlow_Semi_Condensed/BarlowSemiCondensed-ExtraBoldItalic.ttf,109256,109256,74560059,74560059,2024-09-04T21:11:20+00:00,2026-09-29T23:36:27.051788+00:00,nur Zeit geändert
Fonts/Default/Barlow_Semi_Condensed/BarlowSemiCondensed-ExtraLight.ttf,98228,98228,45D42B11,45D42B11,2024-09-04T21:11:20+00:00,2026-09-29T23:36:27.052992+00:00,nur Zeit geändert
Fonts/Default/Barlow_Semi_Condensed/BarlowSemiCondensed-ExtraLightItalic.ttf,103752,103752,EF913DF3,EF913DF3,2024-09-04T21:11:20+00:00,2026-09-29T23:36:27.054225+00:00,nur Zeit geändert
Fonts/Default/Barlow_Semi_Condensed/BarlowSemiCondensed-Italic.ttf,105432,105432,8DABEE98,8DABEE98,2024-09-04T21:11:20+00:00,2026-09-29T23:36:27.055566+00:00,nur Zeit geändert
Fonts/Default/Barlow_Semi_Condensed/BarlowSemiCondensed-Light.ttf,99040,99040,25F68337,25F68337,2024-09-04T21:11:20+00:00,2026-09-29T23:36:27.056646+00:00,nur Zeit geändert
Fonts/Default/Barlow_Semi_Condensed/BarlowSemiCondensed-LightItalic.ttf,104416,104416,D3EF8D20,D3EF8D20,2024-09-04T21:11:20+00:00,2026-09-29T23:36:27.057782+00:00,nur Zeit geändert
Fonts/Default/Barlow_Semi_Condensed/BarlowSemiCondensed-Medium.ttf,99832,99832,2F10B342,2F10B342,2024-09-04T21:11:20+00:00,2026-09-29T23:36:27.058948+00:00,nur Zeit geändert
Fonts/Default/Barlow_Semi_Condensed/BarlowSemiCondensed-MediumItalic.ttf,105908,105908,98042988,98042988,2024-09-04T21:11:20+00:00,2026-09-29T23:36:27.060129+00:00,nur Zeit geändert
Fonts/Default/Barlow_Semi_Condensed/BarlowSemiCondensed-Regular.ttf,100096,100096,30464B98,30464B98,2024-09-04T21:11:20+00:00,2026-09-29T23:36:27.061198+00:00,nur Zeit geändert
Fonts/Default/Barlow_Semi_Condensed/BarlowSemiCondensed-SemiBold.ttf,104016,104016,A05EA039,A05EA039,2024-09-04T21:11:20+00:00,2026-09-29T23:36:27.062388+00:00,nur Zeit geändert
Fonts/Default/Barlow_Semi_Condensed/BarlowSemiCondensed-SemiBoldItalic.ttf,108096,108096,53661B3A,53661B3A,2024-09-04T21:11:20+00:00,2026-09-29T23:36:27.063537+00:00,nur Zeit geändert
Fonts/Default/Barlow_Semi_Condensed/BarlowSemiCondensed-Thin.ttf,97400,97400,F440F498,F440F498,2024-09-04T21:11:20+00:00,2026-09-29T23:36:27.064601+00:00,nur Zeit geändert
Fonts/Default/Barlow_Semi_Condensed/BarlowSemiCondensed-ThinItalic.ttf,103200,103200,E98AB1BE,E98AB1BE,2024-09-04T21:11:20+00:00,2026-09-29T23:36:27.065745+00:00,nur Zeit geändert
Fonts/Default/Barlow_Semi_Condensed/OFL.txt,4471,4471,EF0CF8BF,EF0CF8BF,2025-04-06T07:32:12+00:00,2026-09-29T23:36:27.066105+00:00,nur Zeit geändert
Fonts/Default/Chakra_Petch/ChakraPetch-Bold.ttf,71436,71436,86AC1469,86AC1469,2024-09-04T21:11:20+00:00,2026-09-29T23:36:27.067318+00:00,nur Zeit geändert
Fonts/Default/Chakra_Petch/ChakraPetch-BoldItalic.ttf,73772,73772,ABCADBDB,ABCADBDB,2024-09-04T21:11:20+00:00,2026-09-29T23:36:27.068217+00:00,nur Zeit geändert
Fonts/Default/Chakra_Petch/ChakraPetch-Italic.ttf,73808,73808,4E103229,4E103229,2024-09-04T21:11:20+00:00,2026-09-29T23:36:27.069156+00:00,nur Zeit geändert
Fonts/Default/Chakra_Petch/ChakraPetch-Light.ttf,71912,71912,291805FA,291805FA,2024-09-04T21:11:20+00:00,2026-09-29T23:36:27.070358+00:00,nur Zeit geändert
Fonts/Default/Chakra_Petch/ChakraPetch-LightItalic.ttf,74192,74192,BFC8FEEF,BFC8FEEF,2024-09-04T21:11:20+00:00,2026-09-29T23:36:27.071262+00:00,nur Zeit geändert
Fonts/Default/Chakra_Petch/ChakraPetch-Medium.ttf,71608,71608,D05EE799,D05EE799,2024-09-04T21:11:20+00:00,2026-09-29T23:36:27.072153+00:00,nur Zeit geändert
Fonts/Default/Chakra_Petch/ChakraPetch-MediumItalic.ttf,73972,73972,DE646D44,DE646D44,2024-09-04T21:11:20+00:00,2026-09-29T23:36:27.072987+00:00,nur Zeit geändert
Fonts/Default/Chakra_Petch/ChakraPetch-Regular.ttf,71556,71556,45A9B4C8,45A9B4C8,2024-09-04T21:11:20+00:00,2026-09-29T23:36:27.073825+00:00,nur Zeit geändert
Fonts/Default/Chakra_Petch/ChakraPetch-SemiBold.ttf,71600,71600,559931E5,559931E5,2024-09-04T21:11:20+00:00,2026-09-29T23:36:27.075126+00:00,nur Zeit geändert
Fonts/Default/Chakra_Petch/ChakraPetch-SemiBoldItalic.ttf,73980,73980,489BC5AE,489BC5AE,2024-09-04T21:11:20+00:00,2026-09-29T23:36:27.075987+00:00,nur Zeit geändert
Fonts/Default/Chakra_Petch/OFL.txt,4490,4490,0C28CF9F,0C28CF9F,2025-04-07T20:58:36+00:00,2026-09-29T23:36:27.076264+00:00,nur Zeit geändert
Fonts/Default/ComicNeue/ComicNeue-Bold.ttf,53384,53384,971DB805,971DB805,2024-09-04T21:11:20+00:00,2026-09-29T23:36:27.077222+00:00,nur Zeit geändert
Fonts/Default/ComicNeue/ComicNeue-BoldItalic.ttf,53284,53284,54698099,54698099,2024-09-04T21:11:20+00:00,2026-09-29T23:36:27.078152+00:00,nur Zeit geändert
Fonts/Default/ComicNeue/ComicNeue-Italic.ttf,51796,51796,5279C6D6,5279C6D6,2024-09-04T21:11:20+00:00,2026-09-29T23:36:27.078955+00:00,nur Zeit geändert
Fonts/Default/ComicNeue/ComicNeue-Light.ttf,53392,53392,8AF6856F,8AF6856F,2024-09-04T21:11:20+00:00,2026-09-29T23:36:27.079785+00:00,nur Zeit geändert
Fonts/Default/ComicNeue/ComicNeue-LightItalic.ttf,51580,51580,5BA81B69,5BA81B69,2024-09-04T21:11:20+00:00,2026-09-29T23:36:27.080584+00:00,nur Zeit geändert
Fonts/Default/ComicNeue/ComicNeue-Regular.ttf,54848,54848,BFC8E929,BFC8E929,2024-09-04T21:11:20+00:00,2026-09-29T23:36:27.081350+00:00,nur Zeit geändert
Fonts/Default/ComicNeue/OFL.txt,4484,4484,8B7FDDF4,8B7FDDF4,2025-04-06T09:43:16+00:00,2026-09-29T23:36:27.081577+00:00,nur Zeit geändert
Fonts/Default/Coming_Soon/ComingSoon-Regular.ttf,47128,47128,47747479,47747479,2024-09-04T21:11:20+00:00,2026-09-29T23:36:27.082580+00:00,nur Zeit geändert
Fonts/Default/Coming_Soon/LICENSE.txt,11560,11560,495FC599,495FC599,2025-04-06T07:32:12+00:00,2026-09-29T23:36:27.082920+00:00,nur Zeit geändert
Fonts/Default/Funnel_Sans/FunnelSans-Italic-VariableFont_wght.ttf,54332,54332,DB66A1C8,DB66A1C8,2024-11-06T23:49:28+00:00,2026-09-29T23:36:27.083961+00:00,nur Zeit geändert
Fonts/Default/Funnel_Sans/FunnelSans-VariableFont_wght.ttf,52664,52664,8C5414E0,8C5414E0,2024-11-06T23:49:28+00:00,2026-09-29T23:36:27.084750+00:00,nur Zeit geändert
Fonts/Default/Funnel_Sans/OFL.txt,4476,4476,13C3F754,13C3F754,2025-04-06T09:40:26+00:00,2026-09-29T23:36:27.085284+00:00,nur Zeit geändert
Fonts/Default/Funnel_Sans/README.txt,2652,2652,679E7173,679E7173,2025-04-06T09:40:26+00:00,2026-09-29T23:36:27.085513+00:00,nur Zeit geändert
Fonts/Default/Gidole/Gidole-Regular.ttf,120824,120824,274808A5,274808A5,2025-03-18T12:29:42+00:00,2026-09-29T23:36:27.087278+00:00,nur Zeit geändert
Fonts/Default/Gidole/OFL.txt,4479,4479,FBD34949,FBD34949,2025-04-06T07:32:12+00:00,2026-09-29T23:36:27.087553+00:00,nur Zeit geändert
"Fonts/Default/Inter/Inter-Italic-VariableFont_opsz,wght.ttf",904532,904532,5640ADEC,5640ADEC,2024-09-04T21:11:20+00:00,2026-09-29T23:36:27.095473+00:00,nur Zeit geändert
"Fonts/Default/Inter/Inter-VariableFont_opsz,wght.ttf",874708,874708,A3A82CAE,A3A82CAE,2024-09-04T21:11:20+00:00,2026-09-29T23:36:27.107473+00:00,nur Zeit geändert
Fonts/Default/Inter/OFL.txt,4470,4470,77967E66,77967E66,2025-04-06T07:40:40+00:00,2026-09-29T23:36:27.112932+00:00,nur Zeit geändert
Fonts/Default/Inter/README.txt,4230,4230,60340557,60340557,2025-04-06T07:40:40+00:00,2026-09-29T23:36:27.113224+00:00,nur Zeit geändert
Fonts/Default/Inter_Tight/InterTight-Italic-VariableFont_wght.ttf,592744,592744,78B21FAF,78B21FAF,2024-09-04T21:11:20+00:00,2026-09-29T23:36:27.119475+00:00,nur Zeit geändert
Fonts/Default/Inter_Tight/InterTight-VariableFont_wght.ttf,580572,580572,25235FF9,25235FF9,2024-09-04T21:11:20+00:00,2026-09-29T23:36:27.123473+00:00,nur Zeit geändert
Fonts/Default/Inter_Tight/OFL.txt,4476,4476,8116E422,8116E422,2025-04-06T09:40:26+00:00,2026-09-29T23:36:27.128532+00:00,nur Zeit geändert
Fonts/Default/Inter_Tight/README.txt,2930,2930,66251EED,66251EED,2025-04-06T09:40:26+00:00,2026-09-29T23:36:27.128771+00:00,nur Zeit geändert
Fonts/Default/Manrope/Manrope-VariableFont_wght.ttf,164936,164936,453250BE,453250BE,2024-08-12T21:23:36+00:00,2026-09-29T23:36:27.131009+00:00,nur Zeit geändert
Fonts/Default/Manrope/OFL.txt,4478,4478,68DCE3F4,68DCE3F4,2025-04-06T07:32:12+00:00,2026-09-29T23:36:27.131371+00:00,nur Zeit geändert
Fonts/Default/Manrope/README.txt,2282,2282,4388DDF6,4388DDF6,2025-04-06T07:32:12+00:00,2026-09-29T23:36:27.131614+00:00,nur Zeit geändert
"Fonts/Default/Noto_Sans/NotoSans-Italic-VariableFont_wdth,wght.ttf",2300468,2300468,B9343782,B9343782,2025-03-11T01:22:18+00:00,2026-09-29T23:36:27.163475+00:00,nur Zeit geändert
"Fonts/Default/Noto_Sans/NotoSans-VariableFont_wdth,wght.ttf",2044548,2044548,9EC064E8,9EC064E8,2025-03-11T01:22:18+00:00,2026-09-29T23:36:27.195476+00:00,nur Zeit geändert
Fonts/Default/Noto_Sans/OFL.txt,4489,4489,4765DBBA,4765DBBA,2025-04-06T07:40:40+00:00,2026-09-29T23:36:27.200603+00:00,nur Zeit geändert
Fonts/Default/Noto_Sans/README.txt,5831,5831,74D55DFF,74D55DFF,2025-04-06T07:40:40+00:00,2026-09-29T23:36:27.200851+00:00,nur Zeit geändert
"Fonts/Default/Noto_Serif/NotoSerif-Italic-VariableFont_wdth,wght.ttf",2430652,2430652,BE32B816,BE32B816,2025-03-11T01:22:18+00:00,2026-09-29T23:36:27.231475+00:00,nur Zeit geändert
"Fonts/Default/Noto_Serif/NotoSerif-VariableFont_wdth,wght.ttf",1868872,1868872,1BBB3C6E,1BBB3C6E,2025-03-11T01:22:18+00:00,2026-09-29T23:36:27.263476+00:00,nur Zeit geändert
Fonts/Default/Noto_Serif/OFL.txt,4489,4489,4765DBBA,4765DBBA,2025-04-06T07:40:40+00:00,2026-09-29T23:36:27.267809+00:00,nur Zeit geändert
Fonts/Default/Noto_Serif/README.txt,5984,5984,553179A1,553179A1,2025-04-06T07:40:40+00:00,2026-09-29T23:36:27.268051+00:00,nur Zeit geändert
Fonts/Default/Open_Sans/OFL.txt,4484,4484,6D4A2342,6D4A2342,2025-04-06T07:29:00+00:00,2026-09-29T23:36:27.268320+00:00,nur Zeit geändert
"Fonts/Default/Open_Sans/OpenSans-Italic-VariableFont_wdth,wght.ttf",580280,580280,3325ED16,3325ED16,2024-09-04T21:11:20+00:00,2026-09-29T23:36:27.275476+00:00,nur Zeit geändert
"Fonts/Default/Open_Sans/OpenSans-VariableFont_wdth,wght.ttf",529700,529700,2DD999CE,2DD999CE,2024-09-04T21:11:20+00:00,2026-09-29T23:36:27.283478+00:00,nur Zeit geändert
Fonts/Default/Open_Sans/README.txt,3898,3898,461BB5B8,461BB5B8,2025-04-06T07:29:00+00:00,2026-09-29T23:36:27.288585+00:00,nur Zeit geändert
Fonts/Default/Orbit/OFL.txt,4479,4479,46CAE953,46CAE953,2025-04-08T00:36:36+00:00,2026-09-29T23:36:27.288862+00:00,nur Zeit geändert
Fonts/Default/Orbit/Orbit-Regular.ttf,778300,778300,129276CA,129276CA,2024-08-12T21:23:36+00:00,2026-09-29T23:36:27.291476+00:00,nur Zeit geändert
Fonts/Default/Oswald/OFL.txt,4483,4483,BBAB782F,BBAB782F,2025-04-06T07:40:40+00:00,2026-09-29T23:36:27.297859+00:00,nur Zeit geändert
Fonts/Default/Oswald/Oswald-VariableFont_wght.ttf,169108,169108,7E067B17,7E067B17,2024-09-04T21:11:20+00:00,2026-09-29T23:36:27.300550+00:00,nur Zeit geändert
Fonts/Default/Oswald/README.txt,2224,2224,F0229116,F0229116,2025-04-06T07:40:40+00:00,2026-09-29T23:36:27.300836+00:00,nur Zeit geändert
Fonts/Default/Outfit/OFL.txt,4482,4482,F38613A7,F38613A7,2025-04-06T09:40:26+00:00,2026-09-29T23:36:27.301033+00:00,nur Zeit geändert
Fonts/Default/Outfit/Outfit-VariableFont_wght.ttf,110572,110572,8A409521,8A409521,2024-09-04T21:11:20+00:00,2026-09-29T23:36:27.302795+00:00,nur Zeit geändert
Fonts/Default/Outfit/README.txt,2326,2326,611EB599,611EB599,2025-04-06T09:40:26+00:00,2026-09-29T23:36:27.303054+00:00,nur Zeit geändert
Fonts/Default/Oxanium/OFL.txt,4478,4478,25D36284,25D36284,2025-04-07T20:58:36+00:00,2026-09-29T23:36:27.303283+00:00,nur Zeit geändert
Fonts/Default/Oxanium/Oxanium-VariableFont_wght.ttf,43108,43108,32EABD58,32EABD58,2024-09-04T21:11:20+00:00,2026-09-29T23:36:27.304150+00:00,nur Zeit geändert
Fonts/Default/Oxanium/README.txt,2282,2282,57E70B4A,57E70B4A,2025-04-07T20:58:36+00:00,2026-09-29T23:36:27.304372+00:00,nur Zeit geändert
Fonts/Default/Pangolin/OFL.txt,4483,4483,64E96A16,64E96A16,2025-04-06T07:40:40+00:00,2026-09-29T23:36:27.304832+00:00,nur Zeit geändert
Fonts/Default/Pangolin/Pangolin-Regular.ttf,589884,589884,2DD86C22,2DD86C22,2024-09-04T21:11:20+00:00,2026-09-29T23:36:27.307478+00:00,nur Zeit geändert
Fonts/Default/Raleway/OFL.txt,4498,4498,E8E5D656,E8E5D656,2025-04-06T07:40:40+00:00,2026-09-29T23:36:27.312764+00:00,nur Zeit geändert
Fonts/Default/Raleway/Raleway-Italic-VariableFont_wght.ttf,306028,306028,66B17244,66B17244,2024-09-04T21:11:20+00:00,2026-09-29T23:36:27.317707+00:00,nur Zeit geändert
Fonts/Default/Raleway/Raleway-VariableFont_wght.ttf,311856,311856,46A7AAB8,46A7AAB8,2024-09-04T21:11:20+00:00,2026-09-29T23:36:27.319476+00:00,nur Zeit geändert
Fonts/Default/Raleway/README.txt,2770,2770,9C3D26DB,9C3D26DB,2025-04-06T07:40:40+00:00,2026-09-29T23:36:27.312974+00:00,nur Zeit geändert
Fonts/Default/Roboto/OFL.txt,4487,4487,9D5F425A,9D5F425A,2025-04-06T07:29:00+00:00,2026-09-29T23:36:27.322851+00:00,nur Zeit geändert
Fonts/Default/Roboto/README.txt,4509,4509,4FEA7129,4FEA7129,2025-04-06T07:29:00+00:00,2026-09-29T23:36:27.323120+00:00,nur Zeit geändert
"Fonts/Default/Roboto/Roboto-Italic-VariableFont_wdth,wght.ttf",497124,497124,E87C89E0,E87C89E0,2025-01-08T20:51:00+00:00,2026-09-29T23:36:27.327478+00:00,nur Zeit geändert
"Fonts/Default/Roboto/Roboto-VariableFont_wdth,wght.ttf",468308,468308,E5E2443A,E5E2443A,2025-01-08T20:51:00+00:00,2026-09-29T23:36:27.331478+00:00,nur Zeit geändert
Fonts/Default/Roboto_Condensed/OFL.txt,4487,4487,9D5F425A,9D5F425A,2025-04-06T07:29:00+00:00,2026-09-29T23:36:27.337576+00:00,nur Zeit geändert
Fonts/Default/Roboto_Condensed/README.txt,3155,3155,38B14108,38B14108,2025-04-06T07:29:00+00:00,2026-09-29T23:36:27.337779+00:00,nur Zeit geändert
Fonts/Default/Roboto_Condensed/RobotoCondensed-Italic-VariableFont_wght.ttf,387312,387312,8C4F9EA4,8C4F9EA4,2024-09-04T21:11:20+00:00,2026-09-29T23:36:27.340958+00:00,nur Zeit geändert
Fonts/Default/Roboto_Condensed/RobotoCondensed-VariableFont_wght.ttf,370940,370940,669A099F,669A099F,2024-09-04T21:11:20+00:00,2026-09-29T23:36:27.343812+00:00,nur Zeit geändert
Fonts/Default/Roboto_Flex/OFL.txt,4489,4489,3ECE7588,3ECE7588,2025-04-06T07:29:00+00:00,2026-09-29T23:36:27.344300+00:00,nur Zeit geändert
Fonts/Default/Roboto_Flex/README.txt,2195,2195,A1B16385,A1B16385,2025-04-06T07:29:00+00:00,2026-09-29T23:36:27.344500+00:00,nur Zeit geändert
"Fonts/Default/Roboto_Flex/RobotoFlex-VariableFont_GRAD,XOPQ,XTRA,YOPQ,YTAS,YTDE,YTFI,YTLC,YTUC,opsz,slnt,wdth,wght.ttf",1684624,1684624,E48E0E18,E48E0E18,2025-01-06T20:55:30+00:00,2026-09-29T23:36:27.367480+00:00,nur Zeit geändert
Fonts/Default/Roboto_Serif/OFL.txt,4490,4490,9A3207E7,9A3207E7,2025-04-06T07:29:00+00:00,2026-09-29T23:36:27.371769+00:00,nur Zeit geändert
Fonts/Default/Roboto_Serif/README.txt,6865,6865,1429C2C7,1429C2C7,2025-04-06T07:29:00+00:00,2026-09-29T23:36:27.372196+00:00,nur Zeit geändert
"Fonts/Default/Roboto_Serif/RobotoSerif-Italic-VariableFont_GRAD,opsz,wdth,wght.ttf",4203044,4203044,9563B5F4,9563B5F4,2024-09-30T13:11:48+00:00,2026-09-29T23:36:27.431480+00:00,nur Zeit geändert
"Fonts/Default/Roboto_Serif/RobotoSerif-VariableFont_GRAD,opsz,wdth,wght.ttf",3686072,3686072,E310E7A5,E310E7A5,2024-09-30T13:11:48+00:00,2026-09-29T23:36:27.487480+00:00,nur Zeit geändert
Fonts/Default/Segoe UI/segoeui.ttf,980960,980960,46F64C18,46F64C18,2024-04-01T07:22:07.934707+00:00,2026-09-29T23:36:27.507480+00:00,nur Zeit geändert
Fonts/Default/Segoe UI/segoeuib.ttf,968516,968516,86E1B84C,86E1B84C,2024-04-01T07:22:07.841011+00:00,2026-09-29T23:36:27.519481+00:00,nur Zeit geändert
Fonts/Default/Segoe UI/segoeuii.ttf,536964,536964,CF1A8B72,CF1A8B72,2024-04-01T07:22:32.903636+00:00,2026-09-29T23:36:27.527481+00:00,nur Zeit geändert
Fonts/Default/Segoe UI/segoeuil.ttf,931720,931720,3017AEFD,3017AEFD,2024-04-01T07:22:42.169336+00:00,2026-09-29T23:36:27.543481+00:00,nur Zeit geändert
Fonts/Default/Segoe UI/segoeuisl.ttf,869992,869992,BF7C9A52,BF7C9A52,2024-04-01T07:22:43.466209+00:00,2026-09-29T23:36:27.555483+00:00,nur Zeit geändert
Fonts/Default/Segoe UI/segoeuiz.ttf,548608,548608,560B5E9D,560B5E9D,2024-04-01T07:22:39.434939+00:00,2026-09-29T23:36:27.563481+00:00,nur Zeit geändert
Fonts/Default/Special_Elite/LICENSE.txt,11560,11560,495FC599,495FC599,2025-04-06T07:40:40+00:00,2026-09-29T23:36:27.568843+00:00,nur Zeit geändert
Fonts/Default/Special_Elite/SpecialElite-Regular.ttf,151068,151068,80D518BA,80D518BA,2024-11-20T17:00:04+00:00,2026-09-29T23:36:27.571200+00:00,nur Zeit geändert
Fonts/Default/Stylish/OFL.txt,4468,4468,7081B104,7081B104,2025-04-06T07:40:40+00:00,2026-09-29T23:36:27.571553+00:00,nur Zeit geändert
Fonts/Default/Stylish/Stylish-Regular.ttf,10835692,10835692,A98E295C,A98E295C,2025-01-06T20:55:30+00:00,2026-09-29T23:36:27.615481+00:00,nur Zeit geändert
Fonts/Icons/DejaVu Serif.ttf,379740,379740,C975A35A,C975A35A,2019-01-01T20:42:02.161054+00:00,2026-09-29T23:36:27.627483+00:00,nur Zeit geändert
Fonts/Icons/FontAwesome.ttf,165548,165548,C544BC5C,C544BC5C,2019-01-01T20:42:02.161054+00:00,2026-09-29T23:36:27.631483+00:00,nur Zeit geändert
Fonts/Icons/Mikadan.ttf,207372,207372,AF33B7E8,AF33B7E8,2019-01-01T20:42:02.176675+00:00,2026-09-29T23:36:27.635483+00:00,nur Zeit geändert
Fonts/Icons/Segoe-MDL2-Assets.ttf,261872,261872,7A682C21,7A682C21,2019-12-07T09:08:27.612545+00:00,2026-09-29T23:36:27.639484+00:00,nur Zeit geändert
Fonts/Thumbnail/DM_Mono/DMMono-Italic.ttf,50524,50524,1640A004,1640A004,2024-09-04T21:11:20+00:00,2026-09-29T23:36:27.644104+00:00,nur Zeit geändert
Fonts/Thumbnail/DM_Mono/DMMono-Light.ttf,48832,48832,0CB8B9E0,0CB8B9E0,2024-09-04T21:11:20+00:00,2026-09-29T23:36:27.644828+00:00,nur Zeit geändert
Fonts/Thumbnail/DM_Mono/DMMono-LightItalic.ttf,50852,50852,B2120493,B2120493,2024-09-04T21:11:20+00:00,2026-09-29T23:36:27.645528+00:00,nur Zeit geändert
Fonts/Thumbnail/DM_Mono/DMMono-Medium.ttf,49444,49444,0195216B,0195216B,2024-09-04T21:11:20+00:00,2026-09-29T23:36:27.646232+00:00,nur Zeit geändert
Fonts/Thumbnail/DM_Mono/DMMono-MediumItalic.ttf,51684,51684,6F134A19,6F134A19,2024-09-04T21:11:20+00:00,2026-09-29T23:36:27.647152+00:00,nur Zeit geändert
Fonts/Thumbnail/DM_Mono/DMMono-Regular.ttf,48852,48852,48C81C77,48C81C77,2024-09-04T21:11:20+00:00,2026-09-29T23:36:27.647851+00:00,nur Zeit geändert
Fonts/Thumbnail/DM_Mono/OFL.txt,4485,4485,E9C4122D,E9C4122D,2025-04-06T08:01:28+00:00,2026-09-29T23:36:27.648505+00:00,nur Zeit geändert
"Fonts/Thumbnail/Inconsolata/Inconsolata-VariableFont_wdth,wght.ttf",343368,343368,36855D2D,36855D2D,2024-09-04T21:11:20+00:00,2026-09-29T23:36:27.651483+00:00,nur Zeit geändert
Fonts/Thumbnail/Inconsolata/OFL.txt,4444,4444,87A09B4A,87A09B4A,2025-04-06T08:01:28+00:00,2026-09-29T23:36:27.655483+00:00,nur Zeit geändert
Fonts/Thumbnail/Inconsolata/README.txt,6118,6118,9F77AD9B,9F77AD9B,2025-04-06T08:01:28+00:00,2026-09-29T23:36:27.658203+00:00,nur Zeit geändert
Fonts/Thumbnail/Roboto_Mono/LICENSE.txt,11560,11560,495FC599,495FC599,2025-04-06T07:29:00+00:00,2026-09-29T23:36:27.658811+00:00,nur Zeit geändert
Fonts/Thumbnail/Roboto_Mono/README.txt,2746,2746,566E9CE4,566E9CE4,2025-04-06T07:29:00+00:00,2026-09-29T23:36:27.659024+00:00,nur Zeit geändert
Fonts/Thumbnail/Roboto_Mono/RobotoMono-Italic-VariableFont_wght.ttf,197012,197012,AD1AE86D,AD1AE86D,2024-09-04T21:11:20+00:00,2026-09-29T23:36:27.659484+00:00,nur Zeit geändert
Fonts/Thumbnail/Roboto_Mono/RobotoMono-VariableFont_wght.ttf,184172,184172,ED20B499,ED20B499,2024-09-04T21:11:20+00:00,2026-09-29T23:36:27.663484+00:00,nur Zeit geändert
FrameServer.dll,31744,31744,0B3B75E4,ADA40897,2026-09-26T13:48:29.577555+00:00,2026-09-29T23:37:15.280822+00:00,Inhalt geändert
Icons/Black.ico,154062,154062,3C7AF991,3C7AF991,2019-05-20T19:25:41.442657+00:00,2026-09-29T23:36:27.667872+00:00,nur Zeit geändert
Icons/Classic.ico,5430,5430,6B616AA5,6B616AA5,2019-05-10T12:59:51.841732+00:00,2026-09-29T23:36:27.668203+00:00,nur Zeit geändert
Icons/Gray.ico,25494,25494,76BC5EA7,76BC5EA7,2019-05-16T11:16:47.565555+00:00,2026-09-29T23:36:27.668758+00:00,nur Zeit geändert
Icons/RIP.ico,370070,370070,ACEC1EA8,ACEC1EA8,2017-02-17T19:56:16.656417+00:00,2026-09-29T23:36:27.669582+00:00,nur Zeit geändert
Icons/SR_black.ico,37520,37520,132E44D0,132E44D0,2019-05-31T11:03:05.200721+00:00,2026-09-29T23:36:27.670171+00:00,nur Zeit geändert
Icons/SR_black_2.ico,38402,38402,8B781A77,8B781A77,2019-05-31T11:03:19.939094+00:00,2026-09-29T23:36:27.670588+00:00,nur Zeit geändert
Icons/SR_black_3.ico,42574,42574,AC9FBA9A,AC9FBA9A,2019-05-31T21:20:59.822040+00:00,2026-09-29T23:36:27.671012+00:00,nur Zeit geändert
Icons/SR_black_4.ico,40861,40861,A14FA534,A14FA534,2019-05-31T21:22:13.911699+00:00,2026-09-29T23:36:27.671422+00:00,nur Zeit geändert
Icons/SR_black_gradient.ico,38573,38573,B6E59137,B6E59137,2019-05-31T11:06:04.606680+00:00,2026-09-29T23:36:27.671854+00:00,nur Zeit geändert
Icons/SR_black_gradient_2.ico,39565,39565,0B83A424,0B83A424,2019-05-31T11:05:58.637699+00:00,2026-09-29T23:36:27.672307+00:00,nur Zeit geändert
Icons/SR_black_gradient_3.ico,43743,43743,F370316D,F370316D,2019-05-31T21:21:42.985956+00:00,2026-09-29T23:36:27.672819+00:00,nur Zeit geändert
Icons/SR_black_gradient_4.ico,40464,40464,68A309C7,68A309C7,2019-05-31T21:21:45.546161+00:00,2026-09-29T23:36:27.673278+00:00,nur Zeit geändert
Icons/SR_blue.ico,37724,37724,A9796344,A9796344,2019-05-31T11:07:08.325334+00:00,2026-09-29T23:36:27.673686+00:00,nur Zeit geändert
Icons/SR_blue_2.ico,38697,38697,99CF6F70,99CF6F70,2019-05-31T11:07:03.849996+00:00,2026-09-29T23:36:27.674123+00:00,nur Zeit geändert
Icons/SR_blue_3.ico,43086,43086,8EB3FD1F,8EB3FD1F,2019-05-31T21:23:08.240089+00:00,2026-09-29T23:36:27.674564+00:00,nur Zeit geändert
Icons/SR_blue_4.ico,41205,41205,052366BD,052366BD,2019-05-31T21:23:10.915531+00:00,2026-09-29T23:36:27.674985+00:00,nur Zeit geändert
Icons/SR_blue_gradient.ico,38979,38979,39863F6F,39863F6F,2019-05-31T11:07:53.111345+00:00,2026-09-29T23:36:27.675448+00:00,nur Zeit geändert
Icons/SR_blue_gradient_2.ico,39913,39913,9BF67FE7,9BF67FE7,2019-05-31T11:07:48.789833+00:00,2026-09-29T23:36:27.675900+00:00,nur Zeit geändert
Icons/SR_blue_gradient_3.ico,44029,44029,C80EC4F4,C80EC4F4,2019-05-31T21:23:50.392011+00:00,2026-09-29T23:36:27.676361+00:00,nur Zeit geändert
Icons/SR_blue_gradient_4.ico,41932,41932,67F0648B,67F0648B,2019-05-31T21:23:52.161568+00:00,2026-09-29T23:36:27.676868+00:00,nur Zeit geändert
Icons/vanontom.ico,23272,23272,986346C8,986346C8,2019-05-31T03:00:27.303108+00:00,2026-09-29T23:36:27.677390+00:00,nur Zeit geändert
License.txt,1103,1103,AFCD2187,AFCD2187,2026-01-19T20:47:12.118822+00:00,2026-09-29T23:37:15.280912+00:00,nur Zeit geändert
ManagedCuda.dll,1318912,1318912,7B7A03B0,7B7A03B0,2018-10-28T15:13:18+00:00,2026-09-29T23:37:15.284388+00:00,nur Zeit geändert
Microsoft.Management.Infrastructure.dll,,36864,,BD5FBCF1,,2026-09-29T23:37:15.285049+00:00,nur 0.29
StaxRip.pdb,3644928,,372E46CD,,2026-09-26T13:48:32.661563+00:00,,nur 0.28
StaxRipNG.exe,3617280,3804160,19D7F4F7,40355F1F,2026-09-29T11:05:57.171012+00:00,2026-09-29T23:37:15.296932+00:00,Inhalt geändert
StaxRipNG.exe.config,1121,1121,5A6F5759,5A6F5759,2026-09-29T02:54:42.466993+00:00,2026-09-29T23:37:15.297638+00:00,nur Zeit geändert
System.Management.Automation.dll,,360448,,2812A350,,2026-09-29T23:37:15.299267+00:00,nur 0.29
